file_id,emotion,duration,energy,zero_crossing_rate,spectral_centroid,spectral_bandwidth,mfcc_1,mfcc_2,mfcc_3,mfcc_4,mfcc_5,mfcc_6,mfcc_7,mfcc_8,mfcc_9,mfcc_10,mfcc_11,mfcc_12,mfcc_13
03-01-01-01-01-01-01,neutral,3.3033125,0.0023259834852069616,0.07177734375,2500.219320415312,1808.5441655817826,-693.706,50.268967,0.3894451,14.521958,3.1664813,-2.4844515,-4.226547,-10.68214,-7.246645,1.6888669,-4.1754007,1.7342992,-5.073998
03-01-01-01-01-02-01,neutral,3.3366875,0.0025050262920558453,0.07063802083333333,2603.191275430863,1981.6955666770389,-683.44385,49.043922,-1.7555562,19.273504,1.8818287,-0.7904724,-4.822916,-12.380527,-5.4003067,1.9609997,-4.0332785,1.1708747,-4.8263035
03-01-01-01-02-01-01,neutral,3.2699375,0.0028459944296628237,0.06645365594660194,2543.1182081788834,1992.2912938713787,-678.0028,51.6732,-0.24966261,14.532812,0.5722828,-0.07481274,-6.3000164,-10.638877,-7.673524,1.3027635,-3.796279,1.9109586,-5.6345224
03-01-01-01-02-02-01,neutral,3.169875,0.002660405822098255,0.07443359375,2488.5037189932027,1999.502036038212,-674.1987,50.815395,1.6719035,14.46561,2.909083,1.7061515,-7.5254707,-11.343741,-7.0870914,1.6866217,-2.4847612,0.53446126,-4.644229
03-01-02-01-01-01-01,calm,3.536875,0.0017037889920175076,0.07097673845720721,2516.5696914809614,1946.498129015592,-709.2609,55.990368,2.472364,16.629053,3.1925988,-0.96748793,-5.9351096,-8.926056,-9.092817,1.8279256,-4.497058,0.69059217,-5.059726
03-01-02-01-01-02-01,calm,3.603625,0.0018084717448800802,0.05283808075221239,2346.1258722343077,1820.2837640078365,-695.5115,61.43145,-0.7476747,14.4218235,4.581593,-2.692318,-7.145618,-8.0826435,-8.4222975,2.0046177,-3.6091511,-0.41491523,-5.327977
03-01-02-01-02-01-01,calm,3.5035,0.002640432445332408,0.07760120738636364,2595.795111775011,1891.574504017211,-687.58435,58.26385,-0.09324552,14.112365,1.6611794,1.670224,-6.5032716,-8.906676,-8.093613,2.2530532,-2.0594962,0.19861235,-4.9954677
03-01-02-01-02-02-01,calm,3.4701875,0.0026972240302711725,0.06796964592889908,2430.947377744936,1912.4993490305337,-684.9442,62.51678,-1.0898703,15.946918,2.3825934,1.3496513,-6.6137443,-9.018855,-7.464589,0.7911609,-2.3049757,0.78953546,-4.847437
03-01-02-02-01-01-01,calm,3.70375,0.0015354015631601214,0.05520945581896552,2231.57035955936,1764.6823825520942,-717.4787,63.973,1.9455196,15.866346,3.7456033,-1.9046597,-6.034119,-5.460269,-8.026064,2.0972967,-1.0509269,-1.0559182,-4.716463
03-01-02-02-01-02-01,calm,4.004,0.0016442238120362163,0.08333333333333333,2522.5964646287102,1854.4040015152336,-678.7297,59.957573,-2.505609,13.837838,1.4085264,-2.256837,-8.747709,-8.075612,-8.372251,2.690716,-2.341522,-1.967964,-5.243025
03-01-02-02-02-01-01,calm,4.20425,0.0021156861912459135,0.09093498461174243,2464.2906934862112,1853.003357719601,-686.9191,61.123344,2.5405028,10.9715185,3.795391,0.80897176,-9.176734,-7.265129,-8.966447,2.503409,0.24988313,-0.3967944,-4.5994506
03-01-02-02-02-02-01,calm,4.004,0.002144888276234269,0.09426153273809523,2428.133534414579,1761.903117904407,-668.90643,55.826176,-3.9732182,15.720699,1.973352,0.32395193,-10.940855,-10.350809,-7.8474603,4.35028,-1.743778,-1.1285872,-6.5919466
03-01-03-01-01-01-01,happy,3.4701875,0.0043528759852051735,0.07646305189220183,2420.487503491381,1949.1400957768876,-630.45715,55.867435,-4.979801,14.739829,-2.5306978,-4.5044365,-8.41719,-11.746237,-6.677539,-0.18874924,-8.717993,2.0325108,-7.74788
03-01-03-01-01-02-01,happy,3.470125,0.005063904915004969,0.06454271788990826,2334.812257834651,1920.2823039458422,-610.44104,53.99922,-5.3351507,17.487255,0.58402026,-5.209178,-6.7027907,-12.645888,-6.560024,2.132213,-8.050623,4.7784224,-7.43439
03-01-03-01-02-01-01,happy,3.536875,0.003815842093899846,0.08626302083333333,2462.780136241954,1887.514955207193,-642.2877,55.037506,-1.91608,12.414836,-2.0156431,-2.3739445,-9.399777,-13.630812,-8.167701,3.83564,-7.9405065,2.3867855,-6.022929
03-01-03-01-02-02-01,happy,3.70375,0.003802187042310834,0.08929653825431035,2556.29838590144,1928.670458997151,-635.2475,49.202507,2.4165487,17.493086,-2.6670847,0.13147056,-7.3027325,-13.658,-8.47994,1.5848902,-5.8523593,2.718688,-6.5409904
03-01-03-02-01-01-01,happy,3.670375,0.006653615739196539,0.10022503396739131,2392.4999970167714,1864.9118129133901,-583.36,43.15001,-6.538425,5.18463,-3.1143625,-6.5896297,-14.885602,-9.659756,-13.814628,0.26580408,-8.950749,-0.31837305,-7.455852
03-01-03-02-01-02-01,happy,3.637,0.008499431423842907,0.09556178042763158,2034.6953194646508,1782.943563651607,-553.57465,48.91684,-12.952393,7.2614527,-0.29913342,-7.694326,-12.282986,-12.711638,-13.046574,5.287266,-9.938096,0.20902704,-5.4075084
03-01-03-02-02-01-01,happy,3.93725,0.011071578599512577,0.1290991998487903,2505.0653292225497,1895.8432799394488,-503.08575,39.78973,-10.324123,7.552935,-3.3693519,-6.966097,-12.936036,-17.03373,-11.435112,2.3219388,-11.891728,2.3478205,-8.700292
03-01-03-02-02-02-01,happy,3.9373125,0.010265118442475796,0.10752819430443548,2559.37907002775,1918.5771686790558,-526.51434,41.774998,-10.23309,6.639671,-5.402114,-6.8967876,-13.2857065,-16.582832,-13.383806,-0.15519713,-9.379373,1.9313933,-7.503062
03-01-04-01-01-01-01,sad,3.8371875,0.0022446182556450367,0.066357421875,2070.448396269237,1659.6011741625118,-672.7284,55.77523,-3.1129751,18.028957,-1.433519,-2.252036,-8.515459,-13.021949,-7.134227,-4.1063676,-2.4366107,-1.3419679,-7.6803346
03-01-04-01-01-02-01,sad,3.57025,0.0020608757622539997,0.06954084123883929,2398.0643822663596,1908.3977773075608,-681.96356,58.02662,-2.5547314,19.68594,0.22005646,0.81837016,-6.6955476,-12.032257,-8.550063,-1.6657435,-2.971945,-2.1806092,-4.0788703
03-01-04-01-02-01-01,sad,3.5035,0.0017757476307451725,0.05406161221590909,2262.4300771908906,1666.418854201347,-724.4271,53.297283,-4.5298085,16.7132,-0.9276187,-1.3124739,-7.092736,-12.51305,-7.2463946,-0.4586361,-2.4520855,-1.362014,-4.7447734
03-01-04-01-02-02-01,sad,3.3700625,0.0023397370241582394,0.06680240271226415,2311.2517613586074,1744.1247257877876,-701.0445,54.44521,-0.40495905,17.8413,-1.1384577,2.431451,-6.1469913,-14.266607,-7.67157,-1.7921934,-3.7964807,-0.0916004,-6.495956
03-01-04-02-01-01-01,sad,3.8038125,0.0030101954471319914,0.06821986607142858,2323.635390146712,1862.6826411718114,-662.76855,57.459587,0.21676026,20.185051,-0.37687138,-0.378048,-6.6512504,-11.146195,-4.3147206,-1.6670628,-3.693871,0.11833454,-6.696315
03-01-04-02-01-02-01,sad,3.70375,0.004992211237549782,0.07291806977370689,2522.9560567400767,1886.1649938558492,-616.8271,44.23982,-5.2711854,11.771112,-1.7386246,-7.5685825,-9.501715,-14.605355,-9.768209,-0.7534961,-9.061225,1.7024544,-8.848171
03-01-04-02-02-01-01,sad,3.737125,0.005108093377202749,0.07786207932692307,2280.652954735359,1735.698512363677,-607.59204,47.290607,-5.044448,14.773358,-1.9965518,-5.1011577,-10.1614485,-18.814419,-10.666623,-0.98335946,-9.092742,1.269563,-8.530095
03-01-04-02-02-02-01,sad,3.7370625,0.0062016393058001995,0.07978599091880342,2302.4328555270367,1758.1232438088834,-592.31415,43.42494,-3.4133027,13.357785,-3.3679235,-5.076571,-10.802098,-16.315868,-9.235199,0.004481014,-7.693469,0.9856792,-9.418076
03-01-05-01-01-01-01,angry,3.8705625,0.009032775647938251,0.1201131521177686,2475.731968910011,1815.2878216328747,-534.1098,35.06033,-3.6560073,11.643376,-5.7656546,-3.5235302,-3.6783056,-10.033034,-10.019184,0.7687543,-6.6859546,0.18808457,-6.990597
03-01-05-01-01-02-01,angry,3.9373125,0.009956554509699345,0.12046370967741936,2546.7533530008227,1885.881074786321,-518.9275,34.162743,-5.1913805,7.50157,-7.5327907,-4.4313946,-11.0487,-12.987125,-11.184132,-3.4142237,-9.008858,-2.2614834,-7.099335
03-01-05-01-02-01-01,angry,3.5035,0.006986365187913179,0.10671164772727272,2605.951811452804,1984.30128610213,-565.17395,40.04382,-0.67148685,10.549694,-3.9891093,-3.1697764,-8.413325,-13.443409,-8.740061,-2.322518,-6.053107,-0.51868564,-7.358744
03-01-05-01-02-02-01,angry,3.7370625,0.010942288674414158,0.14182692307692307,2513.213489551969,1874.926956120335,-526.50165,40.157192,-3.7107759,9.029381,-4.6385283,-3.5550869,-7.3721585,-15.200227,-10.007251,-1.2391982,-7.865938,1.7082428,-8.515347
03-01-05-02-01-01-01,angry,4.104125,0.05515767261385918,0.1618595566860465,2533.41081663886,1933.8776239028616,-337.0788,21.28951,-18.569527,-1.770302,-12.4861765,-6.119775,-18.62917,-12.949826,-12.823605,-3.7442687,-7.594473,-5.459085,-7.9529724
03-01-05-02-01-02-01,angry,4.3710625,0.03353799134492874,0.22691890967153286,2655.4654020428534,1884.1845722965077,-357.5967,13.738475,-16.941147,-0.08856847,-12.121295,-8.32066,-13.465711,-13.714651,-15.48456,-2.4025073,-11.612834,-2.4840918,-6.8582754
03-01-05-02-02-01-01,angry,4.1375,0.03302847221493721,0.2618276742788462,2768.223436598163,1879.5175957765578,-388.69843,23.0608,-14.300632,3.2227256,-8.936086,-6.9043665,-14.3727,-15.4189,-12.954263,-1.6709665,-11.933053,-0.5809504,-8.355998
03-01-05-02-02-02-01,angry,4.4378125,0.09410402923822403,0.24913584757194246,2724.250436720279,1939.1647893022327,-288.90857,14.921856,-20.142447,-5.063434,-10.984192,-12.164475,-18.107145,-14.147144,-15.000578,-0.4952363,-11.013198,-4.3453746,-6.3188195
03-01-06-01-01-01-01,fearful,3.670375,0.006137007847428322,0.08211616847826086,2120.51487667557,1935.7448750328354,-585.42163,54.89283,1.1281782,17.82814,1.1038951,-3.7837908,-8.544844,-14.353951,-5.0347285,-1.0709578,-0.092046395,4.124548,-5.2703013
03-01-06-01-01-02-01,fearful,3.637,0.005849871318787336,0.08978806880482457,2260.7439329351873,1908.9739974762797,-597.3476,50.832207,-7.697398,12.010177,-1.7033879,-6.538419,-13.2807045,-18.466244,-8.700667,-2.201096,-7.658922,0.48283342,-8.343634
03-01-06-01-02-01-01,fearful,3.4368125,0.005032218061387539,0.08227991174768519,2044.7025171492342,1916.8107412766642,-610.93085,58.370262,7.785135,20.35503,5.325986,2.3742588,-6.799656,-9.678344,-3.1474361,1.3620583,-0.48060742,3.3849914,-3.2195525
03-01-06-01-02-02-01,fearful,3.7036875,0.004624690394848585,0.09890641837284483,2372.147769096382,1873.3573195370934,-612.5529,53.889812,-3.743415,17.91418,0.41220975,-0.8162265,-11.146975,-12.871498,-3.72528,0.24591942,-2.1550517,0.19607264,-3.8417132
03-01-06-02-01-01-01,fearful,5.005,0.016853872686624527,0.1839358578821656,2325.946052825966,1877.9411811452287,-423.80832,45.131237,-13.464017,6.4146676,1.9310359,2.8929672,-14.218828,-15.36596,-7.0193176,4.70911,-5.484742,1.3121451,-4.3330336
03-01-06-02-01-02-01,fearful,4.2375625,0.023249398916959763,0.16564482495300753,2171.317409995553,1849.7369891151614,-396.6488,38.199005,-22.49627,0.34208715,0.4425534,-5.596262,-18.468758,-18.70611,-12.126816,-2.9499693,-11.739364,-4.8139415,-7.038332
03-01-06-02-02-01-01,fearful,3.970625,0.03712640330195427,0.19373828125,2326.672728841692,1889.594939816282,-358.86203,33.996143,-18.132305,-0.84328777,-7.039834,-2.8007836,-21.328451,-19.60823,-14.337022,-2.174259,-10.316867,-6.3446107,-10.561127
03-01-06-02-02-02-01,fearful,3.9039375,0.025500701740384102,0.16822089523565573,2171.4409422350723,1834.4742327670567,-415.0815,40.088867,-18.888485,-0.32621822,-0.13188878,-4.940946,-21.229565,-17.364386,-15.647345,4.0406246,-9.827581,-5.9945445,-8.436478
03-01-07-01-01-01-01,disgust,3.8705625,0.0026804248336702585,0.12668275439049587,2081.484841979934,1693.8201698424018,-627.3192,56.216545,-3.4371238,11.733027,0.6967985,-3.7458987,-10.156171,-13.524226,-9.440399,0.33517608,-8.713411,-2.2213387,-8.315494
03-01-07-01-01-02-01,disgust,3.9039375,0.0030873813666403294,0.12421554815573771,2562.6189495128815,1942.2008570192593,-610.0467,48.919487,-2.1114726,5.7113676,1.5331538,-6.2929754,-10.528918,-12.52309,-9.895694,0.47401723,-8.091948,-2.950569,-5.333199
03-01-07-01-02-01-01,disgust,3.9039375,0.0028642299585044384,0.10057793288934426,2412.262236827906,1798.8245996389503,-647.45825,64.33894,1.1708485,11.410247,-1.4464147,1.6445508,-15.29606,-10.881941,-5.3174853,-1.708273,-4.727511,-1.2877408,-8.596851
03-01-07-01-02-02-01,disgust,3.8371875,0.0029225118923932314,0.09597981770833333,2629.7598484891982,1847.3246337700136,-653.4576,48.254597,-0.13332272,8.119084,-1.6965599,1.0871071,-13.720275,-9.125265,-4.7165,0.8805047,-5.240344,-0.69627917,-7.8378205
03-01-07-02-01-01-01,disgust,4.3043125,0.011428243480622768,0.16174406828703702,2364.7583355185316,1859.7655126079856,-481.52753,40.513844,-11.440233,-7.9109545,-8.748097,-4.4699097,-21.605114,-16.321724,-10.560819,-2.5446963,-6.5144014,-6.962961,-7.844215
03-01-07-02-01-02-01,disgust,4.104125,0.012607870623469353,0.15699566981589147,2557.1058907486354,1855.102146763684,-482.2071,29.166937,-9.2695875,-0.6969305,-11.021253,-12.050214,-23.858953,-10.457275,-9.244266,-3.3289328,-8.23044,-6.717265,-10.300505
03-01-07-02-02-01-01,disgust,4.037375,0.011201439425349236,0.11838321235236221,2425.207888057506,1887.8988987867897,-511.9921,42.673805,6.1760736,-5.371595,-6.1092453,-3.902066,-22.112774,-8.102824,-9.873948,-9.601097,-4.0297537,-8.98207,-12.127626
03-01-07-02-02-02-01,disgust,4.3710625,0.011334792710840702,0.12099039119525548,2483.005423600404,1953.0090950758524,-495.69525,39.82926,-4.166305,-1.9334283,-4.543933,-6.8773103,-21.202309,-10.6845875,-8.116623,-5.8629827,-8.390456,-6.563281,-8.918735
03-01-08-01-01-01-01,surprised,3.4034375,0.0032786100637167692,0.05425854264018692,2545.470636858167,1878.8373853909716,-653.6893,49.079758,-2.7870762,10.599847,-0.89366007,-4.9664717,-8.713328,-9.752963,-9.3406,0.08883721,-6.607421,-0.33934373,-7.697272
03-01-08-01-01-02-01,surprised,3.2699375,0.003231372917070985,0.05084287773058253,2481.7541265543796,1872.6906665542178,-667.8619,46.726467,-4.346494,13.361053,1.2401599,-5.516398,-7.952764,-10.0619545,-5.0103974,-0.043993924,-7.648881,0.48214498,-8.021141
03-01-08-01-02-01-01,surprised,3.536875,0.0033941830042749643,0.07620266751126126,2551.2223852105967,1906.9344891852288,-653.0489,51.031067,-0.536774,13.798062,-2.0914,-1.8271328,-8.635818,-11.8125515,-6.5474524,0.33907357,-5.170805,-1.8647989,-7.525876
03-01-08-01-02-02-01,surprised,3.2699375,0.003975100349634886,0.060452063106796114,2356.814810543264,1728.0479292335283,-650.3344,44.451603,-3.3083882,8.358927,-5.770442,-3.5026097,-8.750618,-9.964689,-8.734508,-0.6425583,-7.743677,-0.59634143,-7.783298
03-01-08-02-01-01-01,surprised,3.43675,0.007379129528999329,0.06300184461805555,1998.4924358455653,1612.050246543625,-591.06903,45.58461,-6.379513,10.609362,-0.79316163,-6.4800916,-9.284633,-10.519588,-8.798249,1.4393029,-9.413365,1.4426138,-7.1794
03-01-08-02-01-02-01,surprised,3.57025,0.009709269739687443,0.07747105189732142,2082.742904182719,1641.761657500985,-543.84875,36.894928,-5.7322793,8.2603035,-4.219763,-4.432149,-9.792428,-10.8689575,-10.763908,-0.47274917,-8.51031,-0.45561644,-6.6519427
03-01-08-02-02-01-01,surprised,3.5035,0.006991855334490538,0.07987837357954546,2450.4035992704703,1800.7487110262382,-588.7775,40.16936,-5.1943946,8.601731,-4.2898965,-5.2810183,-10.829237,-15.567057,-7.3680882,-0.7821699,-7.658048,0.22959228,-8.771277
03-01-08-02-02-02-01,surprised,3.2699375,0.009590458124876022,0.06623558859223301,2292.662752703827,1861.0164220080571,-569.6676,42.449303,-6.645324,6.5437546,-2.951622,-3.913579,-13.249581,-11.432143,-9.419402,0.1293038,-7.969047,0.16613701,-8.1920595
03-01-01-01-01-01-02,neutral,3.637,0.003756239078938961,0.09111585115131579,2084.255841255823,1613.3835224601255,-635.40546,46.724274,-9.126486,7.6220226,-9.228819,-2.252636,-11.927204,-5.133339,-2.8860655,-3.1843457,-4.7457595,-3.0650966,-2.5977137
03-01-01-01-01-02-02,neutral,3.603625,0.0036742594093084335,0.09693463080752213,2113.0298561898494,1576.4696848287037,-636.1977,40.699337,-8.0251665,9.808751,-10.634167,-1.0344397,-11.675279,-2.8833814,-3.8910053,-1.8063892,-4.7946687,-3.4168859,-2.4210334
03-01-01-01-02-01-02,neutral,3.7704375,0.00546249421313405,0.1025680283368644,2263.7027581838984,1727.6720760793235,-610.567,45.034027,-11.266638,4.745263,-8.560231,-2.1599092,-12.786818,-6.300149,-4.4216504,-3.2478728,-5.7415395,-3.9214098,-0.4044759
03-01-01-01-02-02-02,neutral,3.603625,0.004914263263344765,0.10630271709070796,2296.3170290087323,1703.1726007225866,-627.9353,40.64495,-10.158666,4.523316,-11.41961,-3.3669298,-13.973919,-7.337733,-5.521185,-4.2694473,-6.252713,-6.4268966,-2.2384799
03-01-02-01-01-01-02,calm,3.8371875,0.0033979222644120455,0.09536539713541667,2474.11320037013,1898.7161490417288,-647.83813,44.68281,-2.6711223,9.461971,-9.021506,0.6391363,-10.630218,-3.574412,-4.0354,-1.9083245,-6.7329845,-2.0155857,-1.1265396
03-01-02-01-01-02-02,calm,4.004,0.0034751067869365215,0.08474779885912699,1851.9963563114775,1498.0420187457403,-644.3049,39.74072,-8.272569,7.127172,-10.224844,-0.43002558,-12.671678,-3.636428,-4.8013005,-2.552783,-9.39635,-2.6190321,-1.1304442
03-01-02-01-02-01-02,calm,3.8371875,0.0036774412728846073,0.10535481770833334,1964.9170698445391,1502.050351981057,-641.79755,39.74957,-7.2182965,2.8886378,-8.270581,-4.028354,-12.377616,-6.6888366,-4.975251,-4.631062,-7.8168716,-4.441982,-2.0353198
03-01-02-01-02-02-02,calm,3.970625,0.0036317049525678158,0.10875390625,2300.643229069253,1669.0976663844463,-634.46356,41.665356,-13.791749,0.7677086,-10.538466,-4.5988154,-15.451441,-7.8763046,-6.193235,-5.586052,-9.089185,-7.360981,-3.6912844
03-01-02-02-01-01-02,calm,4.1375,0.0028168822173029184,0.10822190504807692,2510.3232351413185,1805.4322457251033,-630.25793,36.54704,-5.736282,6.132927,-11.085209,-2.071126,-9.924001,-6.761204,-4.411791,-3.1549423,-9.031953,-3.2253585,-4.171502
03-01-02-02-01-02-02,calm,4.037375,0.0030876942910254,0.0936769500492126,2012.3425854132631,1546.0699318882691,-641.808,38.204582,-8.419166,4.941075,-11.31685,-0.23404405,-12.550733,-5.4237995,-5.8432856,-1.5354774,-9.743683,-3.8492565,-2.2305532
03-01-02-02-02-01-02,calm,4.104125,0.003395142499357462,0.12096127059108527,2345.5347384310194,1650.7770125186892,-645.7035,35.32699,-8.023512,-1.1053988,-8.707755,-3.7567446,-15.876344,-8.908896,-5.958291,-5.2370825,-12.118075,-5.109925,-4.684057
03-01-02-02-02-02-02,calm,4.104125,0.0032984591089189053,0.11099124878875968,1917.00744448581,1485.0562964514565,-647.8738,41.797832,-6.257358,0.90402126,-8.125261,-3.0570936,-14.571234,-6.8589916,-4.0271206,-3.8591478,-12.477927,-5.371197,-3.5474203
03-01-03-01-01-01-02,happy,3.603625,0.007073703221976757,0.13204767007743362,2557.171066776757,1892.5437664269054,-575.2524,34.172585,-20.05832,9.664356,-14.001209,-1.2343473,-15.455996,-7.162723,-4.462488,-4.478281,-5.23597,-7.062744,-1.9498272
03-01-03-01-01-02-02,happy,3.7036875,0.0062934961169958115,0.10724508351293104,2488.70034152098,1812.8488835688613,-590.0678,35.446938,-15.525523,12.24959,-14.445168,-1.3680013,-15.171152,-5.8856697,-4.9971614,-5.660035,-4.1016045,-6.1983957,-0.90522534
03-01-03-01-02-01-02,happy,3.7704375,0.006884108763188124,0.1111667439088983,2178.6883483030792,1569.8977713069376,-588.44073,33.536575,-20.773542,5.7390122,-13.61126,-4.9055796,-19.264112,-7.6007605,-4.7146287,-7.3966007,-5.3072414,-8.648794,-1.77901
03-01-03-01-02-02-02,happy,3.737125,0.006719747092574835,0.12125233707264957,2560.501091277805,1954.208045110083,-575.8838,37.82465,-14.791084,7.9226303,-12.259491,-4.9851446,-17.317606,-5.3238964,-3.042528,-5.766606,-4.6531134,-6.4670844,-1.9824501
03-01-03-02-01-01-02,happy,3.70375,0.017059817910194397,0.11124814789870689,2134.6737261033873,1600.5331372513663,-467.038,21.11978,-28.63964,8.207037,-22.987545,-6.8591876,-17.250235,-7.080891,-7.982444,-9.308076,-4.222247,-10.219842,-0.7199815
03-01-03-02-01-02-02,happy,3.670375,0.017459405586123466,0.12063943614130435,2249.8346319027582,1680.8539769518095,-475.66223,25.609335,-31.023458,8.7571335,-21.603931,-9.58214,-16.478636,-7.758221,-6.1511827,-8.922474,-2.578115,-9.42736,0.9276042
03-01-03-02-02-01-02,happy,3.70375,0.011872401461005211,0.14955297009698276,2457.6037318550602,1859.2955235752174,-519.67847,29.003983,-23.798498,6.2715926,-15.269006,-10.747621,-18.993977,-7.2102695,-3.8944848,-10.847803,-4.459168,-9.637912,-1.3445905
03-01-03-02-02-02-02,happy,3.8705625,0.013203978538513184,0.1212592006714876,2057.3964989508495,1563.9618998340725,-525.10736,27.800629,-23.747856,5.311183,-17.929525,-9.002614,-17.249086,-8.939772,-6.843163,-10.369582,-4.3812165,-10.044222,-0.57370627
03-01-04-01-01-01-02,sad,3.8371875,0.0029443828389048576,0.09086507161458333,1678.0686272451546,1391.5865382788186,-661.0233,44.365345,-10.496012,6.4579415,-10.8244915,-3.057783,-13.94004,-7.084259,-6.160957,-3.3826346,-8.176195,-2.0447967,-1.0401775
03-01-04-01-01-02-02,sad,3.7704375,0.003260108409449458,0.08617750264830508,1772.6131751147177,1421.5647271450373,-655.04297,47.295467,-9.504826,8.1560755,-10.038514,-0.9278805,-11.882472,-7.2978115,-4.161465,-3.0830946,-6.6665564,-2.6196315,-2.154352
03-01-04-01-02-01-02,sad,3.7370625,0.003316921880468726,0.08347105368589744,1938.787353848214,1508.1785005281056,-641.6859,36.85587,-6.0221353,3.4416215,-8.657608,-5.389701,-15.849228,-5.9577236,-4.353003,-5.2437425,-5.900148,-4.6190176,-2.2900846
03-01-04-01-02-02-02,sad,3.7704375,0.0030129223596304655,0.08679819915254237,1960.1380567930548,1545.18555048755,-669.17004,38.393658,-6.3836083,6.501678,-7.428947,-3.638206,-12.907678,-6.6740823,-2.4010277,-4.2381663,-6.1573977,-3.8255277,-2.7991185
03-01-04-02-01-01-02,sad,3.737125,0.002766575198620558,0.0977313701923077,2032.1118095513662,1604.081130072774,-650.843,40.72871,-9.246671,4.180254,-13.377859,-5.800053,-18.130136,-11.082563,-6.891074,-6.269553,-5.470964,-4.1212945,1.5505104
03-01-04-02-01-02-02,sad,3.7704375,0.0025248078163713217,0.09525208554025423,2097.133848055182,1556.030598478221,-666.3118,47.67977,-5.437079,6.50962,-9.213475,-5.888973,-16.619791,-10.045006,-6.673647,-4.9528112,-6.170078,-4.3595476,-2.837475
03-01-04-02-02-01-02,sad,3.7036875,0.0037277089431881905,0.08358869881465517,2015.1459659512386,1569.8944607696205,-643.6321,37.03512,-7.283426,1.9764457,-9.561776,-6.450409,-18.48429,-12.16946,-7.461353,-6.730093,-6.843818,-7.4928823,-2.4249718
03-01-04-02-02-02-02,sad,3.670375,0.0031723263673484325,0.11083984375,1962.949988738365,1467.6912120842424,-651.98224,38.88322,-7.591327,5.0153766,-9.922703,-9.294631,-18.363504,-10.839064,-5.1660285,-8.2222595,-6.815825,-6.707876,-1.6541317
03-01-05-01-01-01-02,angry,3.670375,0.007172422483563423,0.10064113451086956,1968.358740140061,1528.048996042131,-550.4616,37.126804,-10.296967,5.8845444,-11.541992,-0.7882804,-12.100042,-6.3632298,-3.7522051,-1.9433959,-4.1014924,-3.060234,-0.70873904
03-01-05-01-01-02-02,angry,3.670375,0.007671025115996599,0.12471976902173913,2268.1470232252877,1779.71752310677,-518.1756,33.20961,-15.092018,6.9410515,-13.081227,-1.0203849,-13.879342,-4.2840977,-2.183625,-0.8345647,-3.6677818,-2.245758,-2.012723
03-01-05-01-02-01-02,angry,3.7704375,0.008273312821984291,0.11986063294491525,2223.2100803166186,1696.0299397702129,-560.54895,39.410366,-9.880576,2.6073468,-11.7290535,-1.152456,-13.671922,-7.422152,-3.9886932,-4.405897,-4.8042116,-4.958453,-1.4840816
03-01-05-01-02-02-02,angry,3.8038125,0.008098797872662544,0.13261964942226892,2263.094764696072,1665.413118669166,-551.44244,33.720516,-15.628715,2.4794521,-16.706734,-1.9327704,-14.841023,-8.201318,-4.6286306,-3.7195103,-5.2521486,-5.94276,-0.05767151
03-01-05-02-01-01-02,angry,3.9039375,0.02531304582953453,0.14779312884221313,2121.861911709619,1541.6123281055327,-432.47113,21.181581,-22.267944,1.7722628,-20.865084,0.6702692,-15.065822,-5.3763976,-4.8051167,-3.4947882,-4.5532856,-6.056248,-1.7733208
03-01-05-02-01-02-02,angry,4.004,0.02000691369175911,0.13497101314484128,2192.7839759538356,1581.6447561250102,-456.5021,23.712025,-23.363634,1.9250177,-21.036789,3.1798275,-12.504065,-6.8177185,-5.4676394,-3.134922,-3.4960146,-7.050502,-0.7370179
03-01-05-02-02-01-02,angry,4.004,0.047062136232852936,0.1495419456845238,2445.097089336483,1754.3602439095512,-415.10547,16.743078,-31.730055,-4.858996,-25.534586,-2.972533,-18.155626,-11.79214,-7.8530755,-8.317683,-6.3551264,-10.710406,-4.5456634
03-01-05-02-02-02-02,angry,4.004,0.041554540395736694,0.14288814484126985,2357.145530288529,1641.3629764189131,-405.35672,14.025392,-30.700766,-3.509898,-25.765701,-1.278237,-17.203098,-10.068624,-7.7132626,-8.038142,-6.514185,-10.943448,-4.103093
03-01-06-01-01-01-02,fearful,3.637,0.007589663378894329,0.16431949013157895,2402.2333985843798,1690.5243606580952,-553.3549,22.084358,-24.241869,4.419842,-18.99474,-4.8398247,-18.337267,-8.205303,-8.710853,-5.7867055,-7.41348,-2.4286277,-0.22646396
03-01-06-01-01-02-02,fearful,3.7370625,0.008090232498943806,0.14804103231837606,2211.6709012110446,1612.4263166447322,-554.9267,23.37704,-25.109528,2.4909866,-17.46109,-3.7598553,-18.397785,-9.799361,-7.1433105,-6.4658303,-7.2985883,-3.3904448,0.8843312
03-01-06-01-02-01-02,fearful,3.670375,0.008679677732288837,0.1641898777173913,2482.897426225715,1699.9394251304018,-556.5882,22.68968,-24.389767,3.209092,-15.66788,-6.814566,-20.599209,-8.281238,-4.5752516,-8.108864,-6.540923,-3.8226023,0.13805583
03-01-06-01-02-02-02,fearful,3.7370625,0.008864068426191807,0.1790614983974359,2702.942392904834,1825.3088568459416,-552.8506,19.319302,-28.938042,0.76407886,-15.469777,-9.738177,-23.288126,-8.259901,-4.075149,-9.204049,-8.058017,-1.9026369,-0.11490793
03-01-06-02-01-01-02,fearful,3.8038125,0.013945638202130795,0.17661009716386555,2537.0624474684787,1716.1507122465691,-506.29843,10.6490755,-30.898521,-0.10552161,-22.248175,-6.7164493,-18.021626,-9.845248,-4.1571794,-9.243191,-7.8876925,-3.882207,2.9593987
03-01-06-02-01-02-02,fearful,3.637,0.017604336142539978,0.17446203399122806,2499.914476047858,1678.0735772172445,-484.66223,8.933294,-29.595257,0.34644854,-21.960833,-7.349624,-16.628223,-11.360639,-5.9094076,-9.750346,-5.4632497,-2.424399,3.1027262
03-01-06-02-02-01-02,fearful,3.603625,0.01912313513457775,0.18540427959070796,2517.6741572364385,1724.0337503276,-484.19293,8.521112,-28.745628,-3.2581992,-18.584824,-8.28969,-15.662823,-9.021528,-6.7460775,-9.723969,-7.034196,-4.668544,2.791323
03-01-06-02-02-02-02,fearful,3.603625,0.016187002882361412,0.18985930586283187,2742.054722937367,1878.2955211980304,-474.03302,12.107175,-26.953959,-2.4110572,-17.175589,-8.160783,-20.118282,-8.285341,-3.9573731,-9.08622,-5.912363,-2.6851134,2.212074
03-01-07-01-01-01-02,disgust,3.670375,0.003363771829754114,0.10590183423913044,1769.0020835510697,1388.6921135067068,-617.7003,41.746655,-10.3981905,3.8063245,-8.82636,-0.07053917,-17.855112,-4.9599404,-3.8105469,-3.3404682,-4.4113364,-3.1221197,-1.5538104
03-01-07-01-01-02-02,disgust,3.637,0.003138951724395156,0.12213027686403509,1904.4838456333857,1501.979566566758,-631.088,47.63037,-10.991912,5.546584,-11.430086,-0.012520832,-18.375973,-8.204264,-2.7825139,-4.166025,-5.9692454,-5.699266,-2.4660645
03-01-07-01-02-01-02,disgust,3.8705625,0.004788180347532034,0.11243381973140495,1800.5662913371568,1382.3141874811904,-605.10474,44.49103,-10.093559,2.9463415,-8.565524,-3.123838,-16.709223,-8.804073,-1.8229945,-7.6745844,-4.5737205,-6.7585697,-2.633117
03-01-07-01-02-02-02,disgust,3.8371875,0.004645301960408688,0.10725504557291667,2048.6123984378078,1558.070817344023,-617.51355,41.153774,-14.413462,4.0435233,-12.625559,-4.6262026,-19.71516,-7.5156946,-1.1645762,-9.251721,-4.7045374,-8.332717,-4.0126486
03-01-07-02-01-01-02,disgust,4.1375,0.0058442153967916965,0.12090970552884615,1999.3739172373737,1489.3555541626179,-560.94763,34.19694,-14.990398,0.31479657,-16.369978,-1.5205616,-18.337692,-8.790093,-3.1457052,-6.913703,-6.3565507,-5.2832274,-3.1207206
03-01-07-02-01-02-02,disgust,4.1375,0.006186900660395622,0.12300555889423077,2327.109080822642,1716.9721562677903,-563.1773,37.54295,-10.572157,2.2958398,-13.628083,0.9041532,-14.654044,-7.2233434,-2.1385384,-3.682275,-5.6068077,-4.6438007,-2.5545533
03-01-07-02-02-01-02,disgust,4.004,0.007886367850005627,0.12124875992063493,1895.2338014623003,1461.855092633713,-537.9256,38.48642,-16.25257,-3.6898258,-13.258373,-7.279717,-21.49163,-8.234714,-3.9292386,-10.44427,-2.4484403,-8.760854,-3.7075324
03-01-07-02-02-02-02,disgust,4.037375,0.007437761873006821,0.15463136687992127,2439.888293799663,1778.8798517592581,-548.59875,37.44811,-16.196354,-1.3143166,-13.076075,-6.155221,-18.702179,-8.1662655,-2.5871577,-6.927865,-1.6678934,-8.091856,-1.3162149
03-01-08-01-01-01-02,surprised,3.536875,0.007168281357735395,0.12967166385135134,2161.7248924732467,1595.6560307571303,-555.83997,29.290012,-13.096714,8.953996,-14.7843,-2.5444891,-8.286427,-3.1942692,-5.3291316,-3.179134,-6.795137,-1.0133804,-0.11445449
03-01-08-01-01-02-02,surprised,3.536875,0.005618422757834196,0.10755824183558559,2311.4841532890564,1638.3885467849395,-589.65607,31.98993,-17.224478,5.4101243,-13.008881,-2.5514345,-9.568748,-6.9922853,-6.7817707,-6.2413726,-5.3012214,-3.5672238,-0.74595076
03-01-08-01-02-01-02,surprised,3.603625,0.006814495660364628,0.1260889103982301,2261.600850770822,1638.4039720267176,-580.1185,33.142296,-14.648586,3.2120256,-14.045164,-2.7247381,-12.091038,-6.525799,-5.07375,-7.4249487,-6.306604,-6.3141284,1.0720223
03-01-08-01-02-02-02,surprised,3.536875,0.007206516340374947,0.13874225788288289,2293.6361315835925,1672.5317045178092,-574.94324,32.673702,-17.528267,6.1643066,-15.625961,-7.577698,-14.576489,-8.137153,-6.9602747,-7.2082148,-7.473213,-3.0039113,2.6608307
03-01-08-02-01-01-02,surprised,3.7370625,0.009163640439510345,0.1488423143696581,2329.33588940602,1688.7460174420455,-517.6637,25.28092,-16.597189,5.061655,-15.150992,-1.4619261,-11.551743,-6.085297,-5.999112,-3.9126787,-5.4329977,0.62559307,5.858849
03-01-08-02-01-02-02,surprised,3.7704375,0.009089574217796326,0.14465538930084745,2737.3439079333734,1939.6011972208858,-527.2085,26.783064,-21.943851,3.7863414,-17.607645,-2.4311495,-9.916308,-6.2256064,-5.7998614,-4.6320357,-4.8813853,1.6112481,5.101179
03-01-08-02-02-01-02,surprised,3.737125,0.011905302293598652,0.13969017094017094,2360.170226579844,1746.0847080304836,-526.59064,26.880774,-16.51029,-0.20381612,-18.786037,-6.2045183,-12.691205,-9.744315,-7.456968,-5.6285043,-3.0510652,-3.3038127,3.813634
03-01-08-02-02-02-02,surprised,3.8038125,0.012439311482012272,0.15082146139705882,2373.094839881126,1664.8795539702235,-506.26773,27.73102,-23.342062,-4.750439,-18.310797,-7.5625215,-16.935822,-9.276205,-7.383553,-7.991889,-8.287772,-6.1579723,-0.5861149
03-01-01-01-01-01-03,neutral,3.4368125,0.004142997320741415,0.09285933883101852,1800.0546714712953,1570.3942736696235,-605.2227,52.040966,-3.5687604,12.550496,-0.9915152,-8.083779,-13.936629,-2.1665578,-10.882687,-2.0119717,-4.4555078,-3.7527802,-3.0403993
03-01-01-01-01-02-03,neutral,3.5035,0.003857729956507683,0.09914328835227272,2046.470505139789,1954.0887839966904,-609.915,65.0368,3.846368,20.32537,5.0556135,-3.2898688,-10.124157,1.9369648,-6.2945876,0.8318261,-1.0920676,1.500414,-0.3418025
03-01-01-01-02-01-03,neutral,3.5035,0.004243460483849049,0.11703657670454545,2466.4992689964643,1891.4884816146273,-617.15356,53.97014,-1.1232238,14.063348,1.9245092,-8.1164,-14.305121,-2.531996,-11.446804,0.53800917,-6.500542,-2.3354013,-1.9756645
03-01-01-01-02-02-03,neutral,3.4701875,0.004525505937635899,0.13850612815366972,2480.674340165658,2006.7869070369943,-604.01715,51.534996,2.3086405,12.3393755,4.176553,-8.921255,-16.94944,-4.2676597,-12.321475,-2.0262222,-4.998058,-2.3202302,-3.3437896
03-01-02-01-01-01-03,calm,3.8371875,0.0028355561662465334,0.09136962890625,1867.6452594554926,1634.9051718850485,-624.97815,60.35457,3.9504752,12.869617,2.8017905,-7.465623,-12.233695,0.5607632,-9.241049,4.31713,-6.628827,-1.5704013,-4.1586747
03-01-02-01-01-02-03,calm,3.7370625,0.0030519391875714064,0.09745592948717949,1876.6641120443676,1553.4974539157122,-609.49506,55.072403,-1.3350656,12.477716,-0.21825379,-9.018402,-13.11662,-0.013822372,-9.2794485,3.6908882,-7.7978554,-2.519488,-4.088159
03-01-02-01-02-01-03,calm,3.8371875,0.002970172557979822,0.13705240885416667,2427.9471258046133,1875.9921771128622,-616.66534,64.41561,-4.160761,12.285501,7.6819353,-17.095922,-11.564803,2.702527,-13.88208,7.4119577,-9.891092,-1.4976993,-5.3968616
03-01-02-01-02-02-03,calm,3.970625,0.00807824358344078,0.10894140625,2176.1715457600226,1820.4464342938613,-536.37067,49.15891,-4.234461,5.8290353,4.0836926,-11.008492,-14.750864,0.95873535,-13.161001,6.4177203,-9.30146,-2.8925412,-3.9563506
03-01-02-02-01-01-03,calm,4.037375,0.00464291637763381,0.13129382997047245,1971.8053693939266,1758.3728104088984,-531.5706,67.72112,-17.88495,6.232747,-4.992172,-13.846539,-18.128164,0.5007603,-16.711689,14.679652,-8.162973,-1.7169709,-2.725104
03-01-02-02-01-02-03,calm,3.9706875,0.00802700873464346,0.1451640625,2205.435329450593,1814.0972512640215,-509.06165,51.230152,-13.956103,10.966834,-0.6749707,-9.530341,-17.290981,-4.501483,-9.926752,5.1015205,-6.7022896,-1.2260691,-4.047306
03-01-02-02-02-01-03,calm,4.1375,0.00943763554096222,0.12360652043269231,2159.1674677126075,1847.8719278677581,-512.0678,54.46985,-6.289137,9.728767,4.1621304,-9.632253,-13.220608,1.3033339,-12.261052,12.935199,-7.586123,0.9725435,-0.14318079
03-01-02-02-02-02-03,calm,4.004,0.00883826706558466,0.13908265128968253,2212.6024502864175,1840.3485194653479,-517.20575,53.631878,-5.971077,6.710732,2.9485412,-8.996418,-17.68497,2.1691895,-11.65558,11.440254,-10.792045,-0.45372155,-1.9407684
03-01-03-01-01-01-03,happy,3.7704375,0.008074900135397911,0.14340158236228814,2217.9292785900457,1842.0891718959256,-525.558,55.202705,-13.45164,7.062095,0.34989884,-8.330357,-18.389341,-8.941861,-13.404325,4.2099504,-9.440667,-3.7047937,-4.3570104
03-01-03-01-01-02-03,happy,3.603625,0.011043740436434746,0.1401194344579646,2180.62586553695,1892.7991461441288,-501.7478,52.33558,-16.365025,-1.9797974,-4.1793923,-6.3755364,-19.180357,-8.158416,-16.201387,2.395962,-11.740682,-3.7182295,-5.1378703
03-01-03-01-02-01-03,happy,3.5035,0.01013859361410141,0.13750443892045455,2125.466136905652,1637.4399156071229,-517.20044,41.0169,-7.8744383,4.8421974,0.17925136,-12.72008,-19.716051,-6.405479,-16.534388,-2.0834696,-12.425524,-4.599631,-6.634655
03-01-03-01-02-02-03,happy,3.5035,0.006836848333477974,0.12318004261363637,1808.3710527301585,1432.2051163087972,-544.32837,46.2592,-5.270712,-0.42763385,0.78032744,-7.1599054,-20.203266,-4.5176926,-14.833066,1.4878402,-10.555746,-3.6434731,-6.3002896
03-01-03-02-01-01-03,happy,4.3043125,0.02333766780793667,0.1510886863425926,2316.778542065989,1931.7404609347973,-419.25168,40.5335,-13.389385,-6.6335187,-6.7014503,-7.6970253,-19.18504,-5.1499925,-17.700594,4.3471355,-11.3345375,-4.345008,-3.0399518
03-01-03-02-01-02-03,happy,4.4044375,0.03538275510072708,0.15272588315217392,2236.082854409039,1869.07992565105,-382.54004,36.176525,-18.791285,-7.220091,-11.492606,-4.8358216,-21.14619,-9.166432,-20.545965,4.1919065,-12.935855,-3.5088873,-3.9970155
03-01-03-02-02-01-03,happy,4.1375,0.04368530586361885,0.14930513822115385,2225.426383961307,1948.2810067265116,-335.5033,38.600143,-8.55825,-6.629777,-9.129693,-3.8005784,-21.757948,-11.237164,-22.272278,-3.2812219,-8.123103,-8.784406,-0.22068739
03-01-03-02-02-02-03,happy,3.8371875,0.02462763339281082,0.15314127604166666,2194.136499146544,1871.3803317502234,-386.04715,41.89214,-15.8371725,-6.2593555,-1.0956513,-7.892565,-18.68197,-7.630344,-17.444378,2.6346486,-12.900138,-3.6212964,-3.3854306
03-01-04-01-01-01-03,sad,3.603625,0.002451254753395915,0.10159706858407079,2181.640398799861,1792.9353593885155,-640.4811,67.85048,-5.5089717,13.030829,2.881281,-4.655801,-12.832262,-2.0298076,-10.601822,1.7125618,-7.1791987,-2.0920608,-4.110309
03-01-04-01-01-02-03,sad,3.57025,0.0024936378467828035,0.06550380161830358,1935.170251618975,1761.545398453538,-646.45154,67.515305,-1.7165781,13.499991,2.27731,-5.8121066,-11.587448,-0.2717933,-8.111685,-1.103299,-5.8359613,-1.8487835,-4.0966525
03-01-04-01-02-01-03,sad,3.57025,0.004261883907020092,0.10561261858258929,2009.574932549789,1793.3535842060535,-584.0099,56.87225,-6.6167417,14.802872,0.0905785,-8.720733,-16.480282,-3.8609307,-11.595771,1.7165152,-6.75014,-2.2350168,-1.1353979
03-01-04-01-02-02-03,sad,3.536875,0.003960279282182455,0.11009642454954954,1992.3113867806853,1865.6825072323115,-593.0243,63.235664,1.0186442,14.389076,4.497442,-7.286324,-17.54312,-0.42754146,-12.264777,2.5966473,-4.921156,-2.5884726,-2.2894435
03-01-04-02-01-01-03,sad,3.7704375,0.01257542334496975,0.1195171808792373,2055.5455225928154,1783.4157987376675,-501.0203,53.92032,-19.122564,0.11362124,-6.128234,-13.963994,-22.961594,-17.073074,-24.196796,-6.2258267,-10.08516,-10.50269,-7.4033484
03-01-04-02-01-02-03,sad,3.8371875,0.01809665746986866,0.12161865234375,2168.1705479137313,1884.4585493453167,-458.09705,43.374012,-10.415863,6.013222,-4.7521973,-8.894656,-21.022064,-10.400878,-17.075335,-3.3750768,-12.321757,-9.375605,-7.2000384
03-01-04-02-02-01-03,sad,3.470125,0.020553674548864365,0.11176265051605505,1864.63936263041,1821.9437542792343,-411.45462,46.529655,-12.816728,10.840225,1.184573,-6.6653056,-20.60141,-14.339831,-16.475769,-3.0241108,-11.773087,-3.490455,-6.182446
03-01-04-02-02-02-03,sad,3.7036875,0.017978783696889877,0.07985924030172414,1599.0146710927816,1486.2164703677986,-463.15417,51.530678,-8.522223,9.637262,1.3308579,-5.3657436,-15.851729,-11.534445,-16.695692,-1.8197904,-9.11816,-4.2257285,-3.9522126
03-01-05-01-01-01-03,angry,4.004,0.0024194319266825914,0.14789109002976192,2326.8747451644413,1923.319441979438,-596.62854,61.21967,2.0580387,20.207941,-2.03383,-3.1048608,-15.02874,-8.121734,-6.654639,-5.2668757,-6.299023,-1.7128879,-5.96843
03-01-05-01-01-02-03,angry,4.07075,0.00931322667747736,0.18357086181640625,2291.6242040040897,1804.599449138419,-493.5078,49.306282,-10.447231,16.675983,-4.4498615,-4.1170616,-15.741804,-8.60726,-9.002645,-8.973191,-6.059424,-2.1359067,-6.1139545
03-01-05-01-02-01-03,angry,3.8038125,0.0071548158302903175,0.18853811055672268,2299.3742795827748,1734.691168105539,-510.0236,51.75036,-10.829004,15.026038,-5.077527,-6.6255493,-20.998734,-9.721963,-8.6474495,-6.964484,-5.2885523,-0.6422656,-9.11451
03-01-05-01-02-02-03,angry,3.8371875,0.01144600473344326,0.19603678385416667,2329.162838736944,1780.60841372775,-467.7599,50.12727,-12.48063,7.664305,-4.344163,-9.831741,-19.304193,-9.941559,-10.910918,-6.452196,-5.9434705,-2.3737102,-8.025955
03-01-05-02-01-01-03,angry,4.4044375,0.056771714240312576,0.16538581295289856,2469.331724899674,1925.6181686170537,-319.79218,32.09838,-15.700404,6.901438,-16.136528,1.5539144,-19.509338,-7.508131,-8.291082,-6.6625576,-3.7991307,-3.2524726,-3.811075
03-01-05-02-01-02-03,angry,4.4044375,0.053102631121873856,0.1649612205615942,2367.2176684498954,1895.9541190698862,-313.47717,33.079082,-12.6468,9.143751,-10.578796,-2.1588302,-18.380907,-9.152364,-6.6020308,-6.5571537,-6.129975,-2.6909096,-3.6445954
03-01-05-02-02-01-03,angry,4.2375625,0.04907917231321335,0.17151888510338345,2342.1349920461066,1900.564603641881,-335.01047,39.817154,-13.353869,4.4368267,-14.308421,-0.43263623,-18.491108,-11.299492,-8.257701,-5.2699947,-5.350966,-3.461012,-4.807821
03-01-05-02-02-02-03,angry,4.5045,0.06741711497306824,0.17777593085106383,2409.8798692431724,1923.339669719141,-306.1087,34.577744,-12.185777,3.75683,-15.264971,0.2333781,-16.025394,-11.193345,-8.7258625,-2.2757158,-5.9017496,-4.624162,-2.7530646
03-01-06-01-01-01-03,fearful,3.737125,0.0040571428835392,0.12840962206196582,2300.6573337133145,1904.1968331024548,-560.70935,58.061478,-3.6222708,13.750654,-0.27666003,-4.260675,-22.688728,-3.8846393,-6.359722,-4.0528903,-7.7134666,-5.6169577,-6.505108
03-01-06-01-01-02-03,fearful,3.8371875,0.0074718911200761795,0.14049072265625,2106.223125843631,1817.9764211780762,-496.97232,56.56861,-9.706727,12.668229,-3.7891374,-11.515723,-22.899261,-6.5845203,-11.461832,-7.2352304,-9.567596,-8.21777,-6.511688
03-01-06-01-02-01-03,fearful,3.5035,0.008721504360437393,0.13367808948863635,2294.073469517943,1941.5549290099527,-514.4865,48.164246,-5.7722344,9.360526,-3.3700023,-8.782053,-21.111155,-8.489655,-12.181164,-2.892381,-7.900126,-7.730573,-3.8370333
03-01-06-01-02-02-03,fearful,3.20325,0.007343723438680172,0.12981996441831684,2344.214148503061,1794.8935817650772,-531.4225,52.60909,-12.455482,12.538661,-1.3205913,-8.335107,-21.537441,-6.961202,-11.639008,1.741538,-6.541332,-3.9427793,-2.2430332
03-01-06-02-01-01-03,fearful,3.3033125,0.026991423219442368,0.1080322265625,1959.7103140920424,1863.1606013381258,-351.59283,59.318523,-12.357058,17.158792,2.5444958,-0.69493294,-9.531508,-3.490581,-13.965666,11.380735,-9.998168,-3.1116061,2.1294007
03-01-06-02-01-02-03,fearful,3.9039375,0.04663543775677681,0.16110479636270492,2222.8071615704575,1821.0463425893,-313.75317,40.435028,-24.38886,3.6906478,-7.0289383,-4.7420573,-28.207846,-11.156491,-19.646547,0.48963565,-13.211947,-7.140603,-0.24768658
03-01-06-02-02-01-03,fearful,3.3033125,0.028893139213323593,0.12278395432692307,2141.141996358841,1961.1103594367426,-375.6185,44.33429,-10.001801,9.072419,0.8562135,1.2131358,-22.044115,-9.885683,-16.65009,2.7746124,-9.104903,-8.3010235,-2.068269
03-01-06-02-02-02-03,fearful,3.4368125,0.037862278521060944,0.1847466362847222,2344.834839767431,1884.7383096666626,-323.7972,43.222282,-27.674084,-5.3458934,-7.9072475,-10.551735,-26.774565,-9.982283,-25.828417,8.230389,-8.499165,-8.23915,3.283867
03-01-07-01-01-01-03,disgust,4.037375,0.005230884533375502,0.16127506766732283,2369.88877448503,1859.4023158224975,-522.43494,54.655342,-11.595461,12.091044,-6.591076,-7.0573545,-11.769509,-7.196668,-3.7918742,1.0087184,-9.892892,-5.091925,-9.147878
03-01-07-01-01-02-03,disgust,3.9706875,0.0036441779229789972,0.12915234375,2361.3495047286415,1803.9616451347124,-566.00037,57.635002,-7.2437553,14.785266,-3.4032388,-7.251319,-13.021803,-9.703224,-5.919153,-0.4860428,-8.138964,-4.87153,-6.8083982
03-01-07-01-02-01-03,disgust,3.603625,0.0037037055008113384,0.14963875829646017,2522.0028519187144,2030.8566704717116,-571.7656,46.678318,1.6766895,13.5257635,-1.7179109,-11.362915,-14.479073,-3.5443294,-5.07934,-0.6163923,-11.80954,-4.1591887,-5.008858
03-01-07-01-02-02-03,disgust,3.7704375,0.0065496149472892284,0.1871689618644068,2531.225115285449,1801.1010199727175,-489.8864,47.38505,-14.752893,10.9758835,-3.84731,-12.477249,-15.818198,-8.42623,-7.366599,1.7753795,-9.139852,-6.0044565,-8.963655
03-01-07-02-01-01-03,disgust,4.104125,0.004492026288062334,0.15676856225775193,2222.8327842038116,1843.815596514847,-527.2131,59.058346,-8.15609,17.7916,-6.3811016,-13.014679,-11.242933,-3.6319802,-7.330662,-1.2090695,-8.492005,-5.5708,-5.274189
03-01-07-02-01-02-03,disgust,4.104125,0.0046340362168848515,0.16764322916666666,2306.221222587983,1871.2769210407923,-498.03912,62.472603,-3.464282,10.576277,-9.01229,-8.528889,-10.030107,-0.7991598,-9.139493,3.1357515,-6.5455785,-3.411702,-6.202577
03-01-07-02-02-01-03,disgust,3.8371875,0.008428031578660011,0.14842529296875,2241.3677472730637,1885.5317573369055,-477.43066,60.419254,-3.4669456,2.488668,-9.249736,-12.633362,-10.002285,-3.5518677,-16.814579,-3.126331,-7.0196133,-7.2813916,-5.7158976
03-01-07-02-02-02-03,disgust,3.9373125,0.014024882577359676,0.19825793850806453,2567.5880210999803,1914.7256066122784,-428.44754,41.58282,-10.45286,-0.75466245,-10.881131,-9.260774,-16.71084,-8.168915,-12.976454,-4.5005856,-5.1799903,-7.079881,-7.5786214
03-01-08-01-01-01-03,surprised,3.2365625,0.0068756891414523125,0.11331475949754902,1971.3551660812857,1596.5212980823337,-548.47217,49.337875,-17.246298,1.248373,-8.651554,-7.9777718,-21.304,-6.7726564,-12.999922,-1.2192006,-6.848819,-2.805015,-4.5416746
03-01-08-01-01-02-03,surprised,3.3700625,0.007671859581023455,0.08928176591981132,2277.680501914636,1940.6960577031407,-544.51166,47.374615,-7.8663282,11.971281,-1.471016,-5.107805,-11.336812,0.012244049,-7.224585,0.5705692,-3.6795297,-4.7966337,-0.46139446
03-01-08-01-02-01-03,surprised,3.20325,0.006045966874808073,0.11866201268564357,2111.778144894099,1719.893604045917,-578.52026,48.58718,-7.228987,5.0706286,-4.9093404,-4.4470425,-17.48436,-4.936041,-12.977563,0.079350755,-3.06886,-6.735719,-3.1480389
03-01-08-01-02-02-03,surprised,3.57025,0.00965184811502695,0.12652587890625,1775.2420672795213,1422.98181312079,-513.671,49.01264,-16.685017,9.147806,-7.370925,-8.499379,-14.922849,-2.3368137,-11.215134,2.4636555,-2.8639958,-5.578402,-1.6160215
03-01-08-02-01-01-03,surprised,3.2699375,0.014106153510510921,0.11910270024271845,2230.004211031043,1810.1442978735993,-487.33813,51.33303,-16.355896,6.176196,-14.411504,-8.3832855,-16.392609,-5.945889,-14.486631,-4.279976,-1.2615023,-8.022203,-2.5252075
03-01-08-02-01-02-03,surprised,3.603625,0.017485259100794792,0.11918815680309734,2016.7504872829873,1641.7630381773552,-446.13004,38.701824,-10.9327545,8.791956,-9.839826,-6.0157633,-13.636676,-0.87514263,-9.014968,-2.5404224,-0.37066266,-7.1309896,-0.5112471
03-01-08-02-02-01-03,surprised,3.5035,0.018016478046774864,0.12119584517045455,2323.6236831731994,1835.412001419192,-441.5956,41.14762,-15.144229,-6.570842,-6.6292396,-8.360669,-21.93711,-1.9540478,-13.996309,-1.0163532,-3.0038323,-6.1962023,-5.6114473
03-01-08-02-02-02-03,surprised,3.2365625,0.010394470766186714,0.11496151194852941,2255.6308809097263,1729.0069932072531,-530.36676,47.467083,-11.125084,2.8173027,-7.486148,-8.000828,-14.48135,-4.736846,-11.737421,-1.7242846,-6.0379577,-5.8174996,-5.7558036
03-01-01-01-01-01-04,neutral,3.3033125,0.0025306688621640205,0.08162747896634616,2123.3690408925677,1597.4523590761275,-677.74084,35.097267,-7.4548597,8.556913,-9.53946,-3.4206364,-14.59289,-9.455172,-5.3043523,-2.0938315,-8.835641,-2.483206,-1.3959811
03-01-01-01-01-02-04,neutral,3.3700625,0.0028315777890384197,0.0805710126768868,2043.8511149112928,1584.4321197322172,-687.90485,37.27347,-8.232087,4.57144,-13.572092,-6.203557,-17.322128,-13.16359,-7.985859,-3.092454,-10.256853,-3.2253308,-3.319873
03-01-01-01-02-01-04,neutral,3.2699375,0.0025747749023139477,0.07487769265776699,1705.1898189757871,1373.558213072546,-710.1007,41.363384,-9.08006,0.8260192,-9.3862095,-5.4380817,-18.093729,-10.967667,-7.816174,-4.6979747,-11.201964,-4.02598,-4.394024
03-01-01-01-02-02-04,neutral,3.2365625,0.0021602243650704622,0.0784600949754902,1814.9210634195083,1414.6839212642303,-708.7284,40.5552,-6.3680916,0.9280928,-9.147474,-4.944893,-16.952658,-11.306763,-7.718649,-3.970379,-10.65278,-4.213163,-3.2599084
03-01-02-01-01-01-04,calm,3.8038125,0.002835246967151761,0.1061498818277311,1917.1886379309653,1551.6160980739792,-647.95197,44.254612,-11.7369375,2.0827997,-15.215335,-6.182545,-17.91914,-12.863191,-8.309637,-2.5173597,-11.379097,-2.1174128,-3.2813678
03-01-02-01-01-02-04,calm,3.7370625,0.0030486485920846462,0.10553969684829059,2034.13247939456,1620.1287340767078,-644.4179,44.50136,-18.602953,4.890709,-12.811293,-6.152897,-17.754292,-9.728757,-6.765279,-1.3756254,-11.81327,-1.6366358,-2.9130087
03-01-02-01-02-01-04,calm,3.637,0.003945202566683292,0.0939684416118421,1686.3641513684954,1406.1395022815313,-633.52563,43.251102,-6.133453,3.7995,-11.80066,-3.6295197,-17.098413,-10.6286745,-6.9052377,-2.1143758,-8.458787,-0.36408246,-4.7315183
03-01-02-01-02-02-04,calm,3.57025,0.0026908947620540857,0.13828386579241073,2225.2951626754425,1763.296238115921,-643.9551,47.42806,-15.629816,-0.17270319,-11.160985,-5.725392,-24.207829,-12.66725,-5.938821,-4.842469,-10.368585,-4.794452,-1.4353055
03-01-02-02-01-01-04,calm,3.970625,0.0026585955638438463,0.09557421875,1969.0532685732596,1520.6663298261199,-653.5828,41.204548,-11.523073,0.8260463,-11.302464,-5.5771804,-17.454313,-10.232119,-7.0891223,-2.1872442,-12.80015,-3.5783787,-4.825506
03-01-02-02-01-02-04,calm,3.8038125,0.0027756139170378447,0.15014443277310924,2322.2708195285377,1815.0503111124597,-621.65643,50.524597,-20.151825,4.593228,-11.161665,-7.675984,-26.010462,-13.509454,-6.2999225,-3.8901477,-12.093175,-0.51725,-1.7200174
03-01-02-02-02-01-04,calm,3.8038125,0.0032046628184616566,0.1506163012079832,2055.464934945819,1599.347722649659,-601.33954,46.322548,-15.385388,3.5585608,-12.964611,-4.54829,-25.57888,-8.640206,-5.4171987,-3.7359884,-10.718155,-0.35418117,-1.325636
03-01-02-02-02-02-04,calm,4.037375,0.002781323390081525,0.11914831446850394,2475.107452076495,1792.793152593064,-657.1382,41.51387,-7.453279,-1.136086,-11.976839,-9.890626,-21.32916,-10.072657,-7.8075542,-7.034293,-14.17986,-2.4955835,-8.469099
03-01-03-01-01-01-04,happy,3.5035,0.004623074550181627,0.08484552556818181,1771.9569782478313,1396.5209647388351,-635.8248,37.39371,-16.08126,6.3180466,-14.879118,-5.5561585,-16.572557,-10.745512,-6.333173,-6.7943044,-11.577214,-3.6487935,-3.1790216
03-01-03-01-01-02-04,happy,3.536875,0.006883575115352869,0.09822371199324324,2437.1159149565324,1743.5618462104212,-584.8986,31.402023,-20.5595,7.942341,-16.62455,-5.196092,-15.198257,-12.640023,-4.426267,-6.0904403,-10.2253,-4.612436,-3.3258421
03-01-03-01-02-01-04,happy,3.5035,0.005333893932402134,0.11197620738636363,2105.4707885052135,1609.6377647036843,-609.79254,37.317036,-13.082878,9.916164,-12.042197,-2.6328652,-13.014442,-9.956277,-7.196489,-4.097052,-8.125509,-3.7132635,-4.0483394
03-01-03-01-02-02-04,happy,3.4368125,0.00708681670948863,0.0943919994212963,2360.7867281420417,1773.6883183838077,-594.9294,36.74078,-16.601707,8.080699,-12.546586,-6.168357,-15.037907,-9.28585,-4.2502036,-5.9990344,-7.2710867,-3.2252367,-4.5817294
03-01-03-02-01-01-04,happy,3.8705625,0.013998965732753277,0.1350924909607438,2319.359936374574,1672.1992339123153,-484.0834,26.99819,-24.39164,5.287247,-14.05487,-3.2075558,-16.500553,-12.158328,-1.3771785,-2.863602,-11.063075,1.0582584,4.4553895
03-01-03-02-01-02-04,happy,3.57025,0.01876455545425415,0.12356131417410714,1988.2514213514405,1469.2644611838043,-486.8538,14.242083,-22.238115,4.4023476,-17.25426,-2.4643528,-12.299539,-8.739979,-3.483414,-6.2108583,-9.191557,-3.8585277,2.1588788
03-01-03-02-02-01-04,happy,3.603625,0.01585512049496174,0.1305525788163717,2287.9522590303004,1598.5263476386363,-513.0653,17.189247,-19.030647,1.9772424,-16.854294,-7.574029,-16.889925,-11.365535,-6.1189613,-6.994885,-7.964206,-5.405319,-4.8428755
03-01-03-02-02-02-04,happy,3.7704375,0.02476978488266468,0.170116359904661,2632.376301971933,1943.756719820004,-452.3437,17.902504,-26.381128,3.4796596,-18.096283,-10.097804,-21.380087,-9.085999,-5.73355,-9.588371,-14.23286,-3.3167822,-0.106945686
03-01-04-01-01-01-04,sad,3.3700625,0.0025460494216531515,0.09462522110849056,2626.561688994769,2017.7460343774044,-678.8248,39.380527,-1.0182445,8.257665,-9.821909,-2.467449,-12.455318,-11.182934,-9.189995,-3.4597163,-8.948604,-5.4251075,-2.7363172
03-01-04-01-01-02-04,sad,3.4034375,0.007488642353564501,0.11193961740654206,2067.197301242379,1650.681631221497,-581.7774,27.922388,-11.359091,1.559075,-13.261837,-3.9443183,-15.099181,-12.666283,-5.5083275,-4.1027093,-8.697183,-5.909255,1.4394364
03-01-04-01-02-01-04,sad,3.4368125,0.007811651099473238,0.13863118489583334,2171.388166326879,1630.1491617376835,-580.8651,26.6726,-12.429998,4.1371813,-15.095953,-8.09416,-16.604792,-14.192078,-7.6729465,-7.6444273,-9.161616,-5.796516,-0.7953158
03-01-04-01-02-02-04,sad,3.470125,0.006934671197086573,0.13419671014908258,2457.0257125503267,1740.3926074683657,-590.72174,18.89332,-13.758448,-0.13968858,-17.731031,-9.5545435,-17.171402,-15.169996,-5.4251165,-8.383444,-8.071622,-4.9652634,-0.23040861
03-01-04-02-01-01-04,sad,3.670375,0.013276188634335995,0.13456606657608697,2239.339466048736,1565.3446059379085,-525.25287,14.6601925,-23.551764,2.696776,-17.93931,-11.138042,-18.457893,-13.107411,-2.678068,-4.959242,-6.0017505,0.121876456,8.8556795
03-01-04-02-01-02-04,sad,3.7704375,0.016374588012695312,0.13920567399364406,2609.3622113480765,1970.7630718705539,-489.81723,13.246249,-16.52948,-2.0556068,-16.448082,-4.810218,-11.748274,-10.975049,-2.4494812,-0.41018155,-0.869785,5.08108,13.696675
03-01-04-02-02-01-04,sad,3.7704375,0.031365249305963516,0.1660445908368644,2413.9800848232967,1702.892557614315,-441.88055,-1.6901395,-32.108345,-4.98667,-23.190723,-15.512633,-22.711164,-14.367154,-5.573775,-5.952552,-0.5422244,12.057548,18.343946
03-01-04-02-02-02-04,sad,3.7704375,0.020799538120627403,0.16345007944915255,2651.7835417575634,1833.5507591309888,-468.67227,4.716816,-27.14641,1.3924071,-20.626753,-12.004113,-17.963358,-13.52958,-7.586812,-8.46168,-8.413926,2.7390578,12.343511
03-01-05-01-01-01-04,angry,3.70375,0.008229699917137623,0.10992221174568965,2085.0425199941615,1562.2185871826578,-551.4062,28.439018,-10.506556,2.343822,-14.458075,-4.7903047,-16.07063,-10.561477,-7.186806,-3.6237304,-10.176149,-1.8020185,-6.151179
03-01-05-01-01-02-04,angry,3.603625,0.01065919455140829,0.10169645326327434,2042.804380461409,1502.477468606304,-532.60223,22.962662,-12.21932,0.8517893,-16.729362,-1.5388916,-14.732476,-9.851325,-5.070315,-2.5111337,-7.927382,-2.3051236,-0.20851675
03-01-05-01-02-01-04,angry,3.470125,0.011294513009488583,0.14200473050458715,2177.6758505335138,1647.8793696440064,-544.524,23.578733,-13.206871,-0.8989964,-16.486937,-6.344914,-17.956434,-12.688903,-8.122609,-4.2268577,-10.125869,-6.663433,-5.9021316
03-01-05-01-02-02-04,angry,3.7370625,0.0077391681261360645,0.1310596955128205,2705.9659799900087,1886.2069943965057,-563.1931,27.654922,-12.242734,-0.14126828,-16.143707,-5.462218,-18.12848,-11.810667,-5.9203315,-3.221775,-9.8614235,-3.485073,-5.082986
03-01-05-02-01-01-04,angry,3.7704375,0.038589637726545334,0.1709315413135593,2292.627244398605,1581.940490801978,-402.25876,10.42731,-18.391264,-1.8857026,-19.216461,2.420602,-17.528502,-7.5033693,-8.050292,-3.0607095,-6.005869,0.44265634,5.583686
03-01-05-02-01-02-04,angry,3.8705625,0.02945859730243683,0.1420172068698347,2195.5432659900252,1610.4889761920695,-425.48007,11.91754,-16.468103,-2.909117,-19.405373,-0.46798044,-18.764635,-8.984103,-5.873207,-3.0319865,-4.210947,1.8385307,3.5033226
03-01-05-02-02-01-04,angry,3.7036875,0.040145646780729294,0.21962974811422414,2879.7693013872135,1995.7247058561115,-394.1635,6.362883,-18.154993,0.09498879,-20.490076,-4.4025717,-21.06574,-8.487335,-4.6566305,-2.895151,-9.077346,-3.197912,-3.415285
03-01-05-02-02-02-04,angry,3.8371875,0.027466261759400368,0.17696940104166667,2640.02526162863,1806.8829687631248,-456.54544,6.5053554,-20.840368,-10.478945,-23.121181,-3.542498,-22.241556,-9.55747,-10.272383,-4.0168347,-6.6442394,-0.71339893,-0.66745186
03-01-06-01-01-01-04,fearful,3.3033125,0.008570512756705284,0.13531963641826922,2192.9947114615484,1631.645507791704,-552.80237,21.065737,-15.722447,0.32534248,-12.749284,-2.6227324,-17.27675,-15.069338,-4.698127,-5.4471188,-9.642691,-3.28665,-0.6021315
03-01-06-01-01-02-04,fearful,3.236625,0.01041408721357584,0.13402841605392157,2334.7575525844086,1586.1099120632414,-536.98816,19.33629,-19.45261,4.2076335,-15.70356,-3.9919977,-15.403297,-12.324475,-5.4223843,-6.9686155,-9.327645,-3.79626,-2.4676082
03-01-06-01-02-01-04,fearful,3.470125,0.010346956551074982,0.13696961009174313,2064.5259932521253,1566.4406136971895,-549.00305,22.706928,-16.092457,3.3117344,-11.801186,-6.214793,-17.763502,-12.931058,-4.089032,-7.2507014,-8.575191,-5.9933996,-1.9514298
03-01-06-01-02-02-04,fearful,3.470125,0.009873276576399803,0.133094717603211,2048.895168505144,1538.4846425249275,-538.32294,21.684818,-14.05357,-0.5064995,-11.688256,-4.9778976,-14.580181,-14.832168,-6.0691476,-6.5322657,-9.921437,-5.170809,-1.9790744
03-01-06-02-01-01-04,fearful,3.9373125,0.024714477360248566,0.207763671875,2448.738097541471,1680.2695744471566,-409.67163,2.012635,-17.18881,2.192744,-9.281077,-0.96523595,-18.728882,-10.961691,-0.43629444,-0.6527089,-1.6140379,15.593972,19.124903
03-01-06-02-01-02-04,fearful,3.4034375,0.026363840326666832,0.14743355724299065,2341.6522774268724,1679.9621528586335,-437.18588,11.3878,-18.304178,-2.7646189,-13.37513,-1.9199487,-13.86844,-12.847053,-7.687841,-4.979626,-1.1647838,9.965279,15.8864155
03-01-06-02-02-01-04,fearful,3.603625,0.03415440768003464,0.14850231609513273,2098.246471683579,1574.3856650773637,-420.36362,12.25901,-18.769371,-8.402598,-17.490616,-6.4770427,-18.931656,-10.78394,-9.542895,-7.9068117,-8.166663,4.6690836,9.624788
03-01-06-02-02-02-04,fearful,3.57025,0.033418603241443634,0.14004080636160715,2608.868662235759,1907.0245661442495,-435.4038,11.375268,-21.08035,-7.947164,-15.6962805,-7.5710526,-16.284313,-10.157521,-6.83578,-5.599865,-6.384153,4.234243,8.207481
03-01-07-01-01-01-04,disgust,3.9039375,0.005339042283594608,0.11033555327868852,1834.0397248267166,1410.3638675255702,-596.4066,40.27457,-7.057647,2.1419027,-7.934449,-2.7191734,-8.683597,-11.2647,-6.9385695,-1.1728785,-9.8496895,-0.7060452,-2.3403094
03-01-07-01-01-02-04,disgust,3.9039375,0.006126534193754196,0.1191646388319672,2090.2345867055715,1640.691861189677,-578.703,38.359,-8.60906,2.1632452,-10.39378,-9.469012,-16.389708,-11.606355,-4.051289,-4.8147287,-9.944918,-1.5461838,-3.3070848
03-01-07-01-02-01-04,disgust,3.7704375,0.008223691955208778,0.12039856991525423,2490.804442019914,1824.3260252101006,-577.4638,29.925293,-13.80387,0.08850986,-10.0559225,-7.9007726,-15.24137,-11.258898,-4.8172083,-5.561719,-8.286089,-2.6662228,-5.160331
03-01-07-01-02-02-04,disgust,3.8038125,0.008938472718000412,0.13656282825630253,2605.7227767888867,2033.1636872972424,-553.5952,24.80853,-11.327688,5.5581784,-7.448202,-7.363445,-11.890977,-6.7188954,-1.4069413,-4.659233,-4.989638,0.12734924,-2.0969076
03-01-07-02-01-01-04,disgust,4.004,0.016261806711554527,0.09684632316468254,1974.138227038474,1513.319087838249,-494.68533,19.675858,-8.545705,3.310617,-11.557663,-2.2453368,-12.921951,-9.854368,-6.077523,-2.8753097,-7.025841,-2.013703,-2.66824
03-01-07-02-01-02-04,disgust,4.037375,0.012047398835420609,0.11918676181102363,2354.0783014639514,1761.9263199042887,-508.6144,19.43027,-10.027046,-0.23610546,-10.837593,-3.8741722,-10.26899,-11.6523,-7.3028874,-2.9501693,-7.310688,-3.2074046,-3.0393445
03-01-07-02-02-01-04,disgust,3.8705625,0.009644641540944576,0.16940534607438015,2420.3479941717133,1611.574851137318,-543.5007,25.61376,-15.074045,-1.5607631,-12.161612,-9.060139,-18.543142,-17.94286,-6.4115496,-6.674477,-13.326884,-2.1002738,-3.6957927
03-01-07-02-02-02-04,disgust,3.9373125,0.012912479229271412,0.15299347908266128,2159.8570781231156,1587.1971189653532,-519.4348,25.220682,-12.983302,-7.043897,-13.719456,-10.060642,-19.884632,-16.313587,-7.415958,-7.750086,-12.768765,-3.2126882,-8.900552
03-01-08-01-01-01-04,surprised,3.236625,0.006461024284362793,0.0928643918504902,2545.684463673133,1931.8309291686185,-602.3665,33.8313,-14.914909,1.4355538,-14.5465145,-6.8938475,-15.559268,-12.06279,-7.185673,-5.960032,-11.05919,-4.763027,-3.6044772
03-01-08-01-01-02-04,surprised,3.3366875,0.008857905864715576,0.08908110119047619,1991.9310048796478,1549.3387362744736,-573.34076,29.346842,-14.781973,1.4788746,-16.95993,-5.8269787,-17.497643,-12.877022,-6.247798,-6.7949147,-11.126721,-4.999966,-2.2272017
03-01-08-01-02-01-04,surprised,3.637,0.009610236622393131,0.13250411184210525,2125.927062199606,1609.7815838828658,-550.3879,33.70076,-12.902682,-2.1691482,-16.781664,-9.5720825,-19.248377,-12.607375,-6.225905,-8.74563,-11.333586,-4.713638,-2.2877052
03-01-08-01-02-02-04,surprised,3.43675,0.010395215824246407,0.1188015407986111,2064.7142903069052,1603.496206038108,-558.3241,31.414309,-17.024063,-3.200799,-19.080679,-7.0446606,-21.09399,-14.898449,-5.341931,-8.967156,-13.610278,-5.321081,-1.2880554
03-01-08-02-01-01-04,surprised,3.670375,0.02063535526394844,0.11875424592391304,1992.3981788718434,1526.5766227749032,-478.17896,20.63706,-22.26963,-2.650465,-20.34465,-4.2368994,-18.35079,-13.268394,-2.6957772,-5.9194007,-5.6919246,2.1156864,2.7107615
03-01-08-02-01-02-04,surprised,3.57025,0.01735656149685383,0.11823381696428571,2268.8432208703694,1694.597973175535,-482.50742,17.212355,-18.22458,-4.5363607,-17.992844,-7.948704,-20.853437,-11.51885,-2.128615,-3.4136243,-3.6507404,1.4280968,0.17256573
03-01-08-02-02-01-04,surprised,3.470125,0.019000256434082985,0.11603175172018348,2083.3253136176036,1618.915541154072,-480.52737,22.93598,-16.637918,-2.9089859,-16.420528,-8.442779,-18.164276,-8.117546,-5.253492,-5.998449,-5.2589293,0.31342757,0.9828591
03-01-08-02-02-02-04,surprised,3.536875,0.023182138800621033,0.12130049971846847,1987.9396016420717,1545.5177461781614,-477.9232,21.176168,-17.375837,-6.4298124,-18.90582,-8.547643,-23.641052,-11.401501,-8.094733,-9.775953,-8.894274,-1.8334583,-1.08391
03-01-01-01-01-01-05,neutral,3.603625,0.0015861551510170102,0.07907995713495575,2140.594860388506,1973.4697669393963,-693.63,65.23274,5.400302,19.534445,4.128693,0.985183,-3.2501698,-1.3032864,0.82242537,3.1621373,0.88299376,0.97867435,-0.06862583
03-01-01-01-01-02-05,neutral,3.637,0.0013190736062824726,0.0871239377741228,2216.99394159543,1951.6403338373693,-712.9025,66.56637,3.6072803,23.877644,4.3037395,5.0971465,-4.1870437,0.010622275,3.3553185,4.977779,2.1373088,0.7960054,0.96935105
03-01-01-01-02-01-05,neutral,3.103125,0.0021960411686450243,0.0909411243556701,2311.774113100855,1948.443328073293,-674.3372,61.254894,2.7972674,21.006338,0.7798693,3.3365152,-4.473033,-8.40537,0.68269175,3.7030065,0.41198856,0.3732001,-0.43288335
03-01-01-01-02-02-05,neutral,3.603625,0.0017739904578775167,0.08990856609513274,2228.096999586002,1958.1383615998805,-701.10675,66.55265,7.117914,20.988007,1.4694695,4.7717853,-5.839229,-5.626214,2.4503622,2.617548,3.415404,1.1005677,-0.18879418
03-01-02-01-01-01-05,calm,4.037375,0.0011451977770775557,0.08095472440944881,2143.281988174489,1954.9139850250515,-716.8281,69.226685,11.243596,20.58598,0.67250955,2.1604686,-3.416072,2.5911286,1.1113591,4.9969387,2.1343014,-0.68292254,-0.20897916
03-01-02-01-01-02-05,calm,4.104125,0.0007241399143822491,0.08708439316860465,2240.465379362966,2038.661635108006,-747.43494,62.420883,16.672382,23.61123,-0.053859446,6.2418523,-2.9058955,5.401,2.1816626,4.0238366,4.015737,-0.88264275,0.872197
03-01-02-01-02-01-05,calm,4.1375,0.0010761257726699114,0.10006760817307692,2253.11864711017,1959.3923618555377,-723.6084,64.572205,14.950777,19.193882,0.840516,5.2093253,-5.821678,-1.0121406,3.456705,6.2341123,1.2919852,0.51447135,0.051602963
03-01-02-01-02-02-05,calm,4.2375625,0.001797069562599063,0.10850490484022557,2335.114644235501,1946.0868701111465,-694.95087,61.92391,13.532296,12.411072,0.1492438,3.651938,-6.784559,-1.015831,1.9430175,6.1505303,-0.44229925,0.0039247214,-1.6963928
03-01-02-02-01-01-05,calm,4.7380625,0.0010539619252085686,0.11557518875838926,2277.5581637636296,1948.780334797809,-703.62195,61.048874,10.065548,21.036474,1.6178963,3.0087035,-3.4069843,4.114633,1.6447663,7.6930285,2.0281293,0.09207251,1.141152
03-01-02-02-01-02-05,calm,4.5045,0.0005175595288164914,0.09278382646276596,2297.1374874013313,2095.981307210609,-766.3473,56.62063,18.139763,21.822338,4.5391145,5.109063,-3.391912,4.54668,6.4055357,8.144344,2.8770096,1.3342986,2.0652237
03-01-02-02-02-01-05,calm,4.7714375,0.0008688215166330338,0.10242513020833334,2184.663140197733,1927.1303262295896,-736.565,58.790756,19.519928,20.909962,-1.8964994,3.7368689,-3.4382162,1.405155,6.170382,4.9244804,2.916965,-2.571556,-1.6521027
03-01-02-02-02-02-05,calm,4.3043125,0.0007090728613547981,0.09127965856481482,2307.529384618506,2050.0255666760286,-754.7338,58.863857,22.124596,23.678093,2.1055975,5.416122,-5.4775844,1.5348215,7.1915283,5.585665,3.550668,-0.90041333,0.13558485
03-01-03-01-01-01-05,happy,4.004,0.002445629797875881,0.09342447916666667,2221.1104120466157,2001.298148432182,-661.27124,60.763054,3.1347828,18.067211,3.754149,0.8602011,-1.7448674,-8.270892,-8.359177,7.863561,-4.174054,-0.0042158556,0.9948773
03-01-03-01-01-02-05,happy,3.2365625,0.003176859812811017,0.07612879136029412,2263.486761270518,2009.1175952098904,-644.4003,56.988388,-1.7717315,18.255733,3.7867994,-0.15997857,-0.3507516,-3.7164965,-3.096567,5.7084827,-2.567826,0.0711034,0.11683234
03-01-03-01-02-01-05,happy,3.3700625,0.002374171745032072,0.09126713590801887,2425.096617065134,2066.295707199873,-672.445,51.884304,7.776502,17.38947,2.2204573,2.0626965,-3.8908634,-3.465754,-1.3090395,3.3664885,-1.9281877,-0.616521,-1.2605919
03-01-03-01-02-02-05,happy,3.7704375,0.004802017007023096,0.10459563691737288,2122.309148611283,1866.6553676980516,-602.88153,64.14256,-0.9435972,13.430778,-2.9365366,-2.4453518,-7.121959,-8.501741,-4.320961,4.2715173,-4.8006296,-0.081596695,-1.7257618
03-01-03-02-01-01-05,happy,4.1375,0.00385117856785655,0.10830453725961539,2275.2429010321857,1955.980085607054,-608.20636,49.354015,2.612785,5.6740956,-5.5295672,-2.936193,-7.9735193,-7.3582706,-11.513198,3.9772837,-6.941495,-2.4422846,1.4172012
03-01-03-02-01-02-05,happy,3.8705625,0.009610189124941826,0.09885475852272728,2192.0901297497153,1897.4873183777272,-530.82104,50.565147,-14.166002,5.406146,-1.5381243,-7.787136,-7.753209,-8.745052,-12.20587,7.3181367,-8.31849,0.4250825,1.6312016
03-01-03-02-02-01-05,happy,3.603625,0.008853348903357983,0.12515987970132744,2136.4873832032063,1840.729463699233,-543.45636,53.037838,-5.0294156,9.34708,-0.37307975,-6.488607,-9.774054,-15.516818,-11.084846,5.168407,-9.272645,-2.9788988,-0.7919658
03-01-03-02-02-02-05,happy,3.4034375,0.008294069208204746,0.11138288551401869,2308.876902304337,1935.5287290295075,-556.7746,40.751377,-1.3436186,6.0703425,-1.0022508,-3.067298,-7.6343,-7.680614,-12.642753,2.8492775,-6.592784,-3.5913131,-0.09140217
03-01-04-01-01-01-05,sad,3.2699375,0.0007515625329688191,0.06294087530339806,2111.047805925664,2041.8767800932203,-750.24255,69.06532,14.15266,23.886505,4.7078714,6.0066323,-4.134866,0.49271542,4.3143797,1.8608671,4.5227346,-0.13962175,0.77454317
03-01-04-01-01-02-05,sad,3.637,0.0007793345139361918,0.08480246025219298,2217.840913295413,2011.9951176926218,-725.497,67.69112,8.241737,24.79847,2.785239,3.3172514,-4.734439,-1.6131147,4.6235747,3.5825186,0.77365124,-1.6867319,-0.6339723
03-01-04-01-02-01-05,sad,3.103125,0.0008104991284199059,0.07597555573453608,2312.2898840806015,2080.767454424911,-749.8566,60.81584,13.037605,21.446756,6.287106,5.1061563,-4.6110616,-4.4464846,3.5906518,5.3288836,-0.29467872,-0.49543586,0.83775234
03-01-04-01-02-02-05,sad,3.7036875,0.000918594014365226,0.08887139682112069,2094.4098741496277,1974.8556857507301,-718.43414,71.343285,15.212323,23.371973,2.5225654,4.6089425,-5.256069,-2.5148907,5.7139015,5.4127903,0.7915439,-0.12507793,0.29799443
03-01-04-02-01-01-05,sad,3.536875,0.0012483324389904737,0.08463981559684684,2162.9536980511866,2027.1485227402088,-716.7676,66.59873,12.927029,21.82088,1.6553024,1.6012828,-4.377405,0.3483296,-1.6016278,2.7422757,-1.7885895,0.29852167,1.5457033
03-01-04-02-01-02-05,sad,3.2699375,0.0009758211090229452,0.07423771237864078,2173.692310676346,2025.0539035444929,-732.0937,62.918026,7.44376,27.29139,7.0726147,0.32901555,-6.0970135,1.0494841,-1.6733785,3.515841,-1.4685918,0.1995857,0.5229
03-01-04-02-02-01-05,sad,3.2699375,0.0014374532038345933,0.10234469811893204,2283.100777385996,2061.371268195665,-705.7858,54.766785,8.973957,20.82013,-0.59625274,1.3939837,-6.929505,-0.75789833,-0.9459002,3.1303322,-1.7073195,-1.0589387,0.85480255
03-01-04-02-02-02-05,sad,3.1365,0.0012734333286061883,0.06617937184343434,2205.2112270865837,2054.7567403844223,-734.10254,63.688717,3.79145,21.650812,5.423048,2.457426,-3.7733047,-3.0591726,-1.4411051,6.4009013,-0.5079712,-0.81392175,0.045262422
03-01-05-01-01-01-05,angry,3.8705625,0.011275338008999825,0.10439130294421488,2275.2258919488704,1878.8587288362196,-513.8714,51.07079,-16.369505,14.28696,-7.4462714,-11.550834,-4.0368,-6.725605,-7.4817586,2.0461195,-4.4343076,-0.7461784,-2.7469206
03-01-05-01-01-02-05,angry,3.8038125,0.009842343628406525,0.10437729779411764,2302.8095097938694,1965.7002586367792,-531.1395,48.384663,-4.5635233,18.59397,-4.772533,-8.811195,-1.7016551,-1.6501715,-4.442995,3.0070992,-2.2621372,0.8553775,0.39004254
03-01-05-01-02-01-05,angry,4.07075,0.0034383577294647694,0.10567474365234375,2093.4325283098865,1788.3284673421085,-602.0233,72.666214,0.10146201,14.938778,-2.1960683,-4.2738996,-5.39772,-9.201783,-0.4041052,2.5828907,0.11496621,3.553753,-3.8416066
03-01-05-01-02-02-05,angry,4.4044375,0.005780151579529047,0.12691066576086957,2248.0164496016955,1804.0169502356575,-560.74396,62.92958,-3.5520148,16.915749,-8.515887,-4.3350396,-5.459386,-8.058242,-3.2775886,1.1694978,-0.34299487,-2.367501,0.4860216
03-01-05-02-01-01-05,angry,3.4034375,0.0404379740357399,0.13088219188084113,2454.3404876768186,2017.5787878403678,-373.87607,27.443254,-18.76044,3.9587116,-7.7302313,-14.664703,-7.1471925,-7.191898,-9.221323,1.9438697,-5.5936136,-1.9806387,-3.196072
03-01-05-02-01-02-05,angry,3.57025,0.037202030420303345,0.13047136579241073,2243.0978970711353,1956.6107265043481,-409.27127,33.42205,-10.424203,7.1837277,-7.5010915,-11.131447,-7.5390244,-5.0872498,-8.154494,1.7862151,-4.96679,-1.4317257,-2.7430208
03-01-05-02-02-01-05,angry,3.637,0.05656858906149864,0.13231993558114036,2390.0040359467457,2025.5391990811288,-341.11212,26.900223,-14.007137,-0.33797094,-4.059735,-16.640678,-7.9423904,-7.850241,-11.973444,5.6192355,-2.654094,-3.56097,-2.0017257
03-01-05-02-02-02-05,angry,3.637,0.06244116649031639,0.13259405838815788,2394.274789432028,2012.4732939638086,-335.23416,25.611403,-18.468214,-2.074286,-5.7791524,-15.42805,-5.1065974,-9.345505,-15.409959,5.467839,-4.0606813,-2.8537288,-0.7247838
03-01-06-01-01-01-05,fearful,3.1365,0.0032864867243915796,0.08211016414141414,2239.027510985795,2071.672943636621,-655.6445,52.78922,1.998714,13.135265,-3.390298,-5.5628033,-4.5947347,0.45789322,-2.2388601,0.16059941,-0.369126,-3.2553563,-0.7714641
03-01-06-01-01-02-05,fearful,3.3700625,0.0028678528033196926,0.08808409492924528,2349.1008886843065,2070.786311723508,-647.0046,47.841568,2.777735,14.658987,-1.7935063,-3.7321074,-4.913311,-2.4783156,-2.0759535,0.21634509,-0.8167117,-3.189878,-1.835267
03-01-06-01-02-01-05,fearful,3.1365,0.0021800361573696136,0.07446042455808081,2290.4641887702087,2084.4680581585335,-696.8537,57.96719,7.15194,19.061197,0.80378044,0.586456,-3.823761,-1.6182563,0.9125559,3.292802,0.8279696,-0.8554388,-1.1157796
03-01-06-01-02-02-05,fearful,3.06975,0.0049082208424806595,0.08345540364583333,2217.225108467565,2029.9547691480293,-609.74567,51.23407,-0.92227745,12.512078,-5.2382884,-5.630108,-5.497558,-4.513679,-4.642359,-0.10144047,-1.6779591,-1.9522467,-2.229872
03-01-06-02-01-01-05,fearful,3.2365625,0.02064915932714939,0.0992886412377451,2003.466514575358,1925.151652161075,-464.43994,28.727472,-17.807722,-0.19094634,-7.6818805,-11.403357,-14.399361,-6.6161427,-10.517758,0.2844018,-4.5663104,-4.363089,-3.2397833
03-01-06-02-01-02-05,fearful,3.57025,0.02004089020192623,0.14338902064732142,2250.261397729174,1870.5508862299068,-434.04495,35.226814,-21.163519,3.1327586,-10.479174,-12.150572,-20.571018,-9.776391,-12.9460535,2.3408043,-7.6366563,-4.3456807,-3.4270706
03-01-06-02-02-01-05,fearful,3.2365625,0.019362038001418114,0.08619121476715687,2025.3193471738516,1947.8095717870847,-480.38272,28.066456,-10.751407,5.6745987,-6.7152166,-11.42588,-8.130473,-10.814969,-13.327419,0.45983583,-6.653815,-5.5865893,-3.6166062
03-01-06-02-02-02-05,fearful,3.103125,0.019527744501829147,0.12380698292525773,2252.5588803772966,1899.6632207775397,-456.28204,36.475574,-16.646067,3.4767342,-8.260435,-10.025267,-19.089432,-9.111359,-15.806231,-0.34507766,-8.366848,-6.882917,-3.9951851
03-01-07-01-01-01-05,disgust,4.3376875,0.0009823143482208252,0.10821533203125,2412.128346283332,2058.3231145025734,-711.7134,53.007713,11.134737,19.911402,-0.6531076,2.9896064,-2.116045,1.6822468,2.323422,8.520312,2.028345,1.3413075,3.4335165
03-01-07-01-01-02-05,disgust,4.104125,0.0016233223723247647,0.12127165092054264,2496.78918089561,2110.0994655695686,-649.0402,41.795273,7.6805825,14.804645,-4.5534406,-1.9152291,-0.48604295,2.310149,1.7144518,7.7917624,2.864661,0.6562844,2.267915
03-01-07-01-02-01-05,disgust,3.9039375,0.0014981238637119532,0.11283699410860656,2444.50395119211,1993.4267498214097,-693.288,54.434,10.252588,14.648725,-1.6996076,5.0772386,-3.7608294,-3.5608914,0.66189414,9.236727,2.7551966,0.7768582,2.8023767
03-01-07-01-02-02-05,disgust,3.7370625,0.0025091832503676414,0.10914129273504274,2496.5231644896826,2026.7441391095076,-655.9499,47.77412,9.888138,11.4369545,-2.9090745,2.999051,-4.9690456,-4.1631956,-0.2730224,4.400805,0.4873454,-0.58786696,-0.026627358
03-01-07-02-01-01-05,disgust,4.3376875,0.001961176283657551,0.1125021541819853,2337.301523449,1985.516560090502,-650.10724,55.2674,7.3740425,16.27673,-10.307564,-2.0116801,-5.8350167,0.020275284,-3.9761298,1.319698,2.668539,-3.902892,4.2859354
03-01-07-02-01-02-05,disgust,3.9039375,0.0044115763157606125,0.12376328765368852,2475.8659729189217,1963.5742172402659,-575.16327,44.55054,2.706177,12.158383,-10.992416,-6.662604,-5.9795365,-3.0712948,-6.449239,-2.8357613,0.34944108,-4.114775,1.4181749
03-01-07-02-02-01-05,disgust,4.2709375,0.005073751788586378,0.13218939482276118,2327.000891920941,1892.7521120214205,-568.70056,50.554092,2.5707803,5.0946608,-7.2421527,-8.18725,-14.276363,-7.6712737,-6.099321,-3.4822464,-1.7406756,-0.9770492,-0.5883778
03-01-07-02-02-02-05,disgust,4.537875,0.0027568151708692312,0.12848674075704225,2065.197410594302,1807.2841858555055,-600.94104,77.952484,9.534402,9.252476,-14.362681,-4.8818307,-7.5281177,-2.0659232,-5.116819,-3.6626308,3.5476992,-0.41155815,-2.0370803
03-01-08-01-01-01-05,surprised,3.7370625,0.003941467963159084,0.1023345686431624,2312.0610268546175,1991.6910493498726,-624.5838,53.67651,3.3098583,13.510421,-2.755098,-3.833831,-4.639661,-1.8656464,-4.566682,1.5258031,-3.0199697,-0.17898622,-0.25274986
03-01-08-01-01-02-05,surprised,3.670375,0.004949607886373997,0.09616593070652174,2279.6670847318464,1937.5901454637851,-609.2026,56.188263,-5.6014295,13.274369,-8.283459,-8.28469,-4.496416,-5.799926,-6.738879,-0.41326997,-4.495087,-0.3324984,-1.5561857
03-01-08-01-02-01-05,surprised,3.06975,0.003787146182730794,0.09950764973958333,2426.9978749582165,2031.6718392152136,-644.5197,53.01714,-8.913098,13.883743,-6.5235295,-4.878548,-4.1696124,-10.079043,-3.8043106,-1.0416223,-2.1741288,0.7408845,-1.6996198
03-01-08-01-02-02-05,surprised,3.7036875,0.005535385571420193,0.09389311691810345,2080.620049919102,1897.8992709486208,-601.94147,56.922974,3.8390965,14.155102,-2.0532866,-2.4384937,-9.878479,-7.7399297,-5.5645747,-1.2682034,-5.8101315,-4.444042,-3.196056
03-01-08-02-01-01-05,surprised,4.1375,0.004351922310888767,0.11146709735576923,2426.127545538627,2074.311810391682,-587.3428,37.678997,7.877359,8.972081,-6.8908544,-1.1493714,-8.501067,-3.8146613,-6.301758,1.9337423,-3.8571944,-5.0918427,-0.78660417
03-01-08-02-01-02-05,surprised,4.104125,0.006510518025606871,0.09577882751937984,2274.0527794458303,1991.4403956544509,-560.5412,47.597916,1.4972506,4.0928774,-9.868593,-4.2839456,-5.9506865,-5.5773435,-9.215376,3.7180398,-5.6329126,-3.9348,-0.51074606
03-01-08-02-02-01-05,surprised,3.670375,0.007431066129356623,0.11252122961956522,2417.4402409447507,1986.588805760978,-569.7345,41.605103,-3.8616958,4.7504363,-7.3339553,-5.862703,-10.284734,-8.582269,-8.518632,3.596825,-5.112173,-2.976734,-2.0000165
03-01-08-02-02-02-05,surprised,3.536875,0.007375764194875956,0.1050904420045045,2232.0064575387537,1913.7231086626855,-588.4852,53.374374,1.6275814,7.4806986,-6.4643817,-3.926487,-8.257057,-9.653358,-9.977389,-0.16219902,-6.714463,-6.14259,-1.7859579
03-01-01-01-01-01-06,neutral,3.3366875,0.00163459952455014,0.10093470982142858,2632.4941128645137,1878.0824023187135,-719.0396,40.720448,-19.012432,12.071475,-9.406989,-9.562127,-12.570809,-8.904402,-1.6494678,-4.4961276,-5.775325,-6.1825385,-7.012117
03-01-01-01-01-02-06,neutral,3.603625,0.0020060576498508453,0.12098572317477876,2471.8071933454357,1824.8067113929392,-679.4858,41.909733,-17.846897,16.079329,-12.331806,-11.34223,-13.632016,-5.812168,0.54311657,-3.330177,-3.222739,-5.2424245,-3.6447172
03-01-01-01-02-01-06,neutral,3.4034375,0.002182845026254654,0.11051128066588785,2445.675882921167,1872.666948155021,-689.03046,42.23167,-11.652667,10.789381,-7.7564416,-11.469117,-13.445767,-7.8509226,-0.84392583,-5.2332406,-2.9354606,-3.754609,-5.576801
03-01-01-01-02-02-06,neutral,3.4368125,0.0021661126520484686,0.10920319733796297,2550.7544386300924,1898.446103857268,-695.1441,43.889828,-15.897758,11.121758,-9.670058,-12.6297245,-15.065154,-8.457456,-1.52154,-7.2867,-4.323817,-5.2050953,-5.2476196
03-01-02-01-01-01-06,calm,4.037375,0.0008366229594685137,0.09230437992125984,2349.971701174131,1878.3547166800358,-716.0304,40.62357,-4.7114553,12.4252205,-3.613254,-15.540592,-15.769625,-2.7518265,-3.0236557,-4.627954,-8.853638,-4.3839407,-3.1084332
03-01-02-01-01-02-06,calm,4.104125,0.000982561963610351,0.09628603439922481,2263.669117317429,1911.9656123740294,-709.4748,46.917767,-7.950869,12.496928,-2.2825465,-15.562715,-19.677338,-3.6106467,-0.35862288,-5.2167144,-9.424785,-4.1202574,-2.7925823
03-01-02-01-02-01-06,calm,3.970625,0.0013640341348946095,0.12752734375,2230.495358507735,1899.4866093853525,-685.36206,56.20775,-7.512721,7.764699,-1.7457827,-15.504336,-20.302538,-4.7199388,2.250592,-3.7787476,-8.110696,-3.2191074,-4.9657426
03-01-02-01-02-02-06,calm,4.2041875,0.0019988007843494415,0.14234508167613635,2274.9408007215675,1820.4181695577454,-666.7776,54.895756,-13.130486,6.5402875,-4.006335,-20.963701,-20.856619,-1.7661047,0.80771494,-8.841904,-6.018353,-2.5436933,-7.946171
03-01-02-02-01-01-06,calm,4.5045,0.0009976067813113332,0.11924451462765957,2318.298304243085,1893.012529927031,-686.0504,44.37967,-10.479699,15.650894,-6.9255533,-14.823754,-16.370157,-0.97319007,-2.6321657,-4.0605054,-5.0941296,-5.0519457,-3.0844142
03-01-02-02-01-02-06,calm,4.638,0.0010029104305431247,0.12205684267241379,2476.497067396185,1910.8353173350065,-695.74054,44.889153,-7.711435,10.99227,-7.5007524,-12.832839,-16.203018,-1.1152478,-1.9714259,-4.414914,-8.654068,-3.4250631,-2.1265745
03-01-02-02-02-01-06,calm,4.3376875,0.0015347759472206235,0.12100040211397059,2414.8160402017793,1897.0901696072015,-696.01416,50.864796,-3.807925,2.2895904,-5.6497903,-15.509788,-22.005428,-7.2561655,-2.504658,-8.051898,-9.606336,-6.836503,-7.263495
03-01-02-02-02-02-06,calm,4.7714375,0.0010850101243704557,0.09839518229166666,2124.6929900872365,1849.314270307726,-714.8892,54.850266,-4.628972,3.588339,-5.2032156,-11.286014,-15.668042,-6.3753533,-2.1069026,-0.816012,-9.548703,-5.5288153,-1.7973584
03-01-03-01-01-01-06,happy,3.536875,0.003837779862806201,0.16806992539414414,2222.20579545954,1622.0471526240165,-597.0243,45.34275,-39.5122,23.986965,-18.812948,-22.365005,-17.742476,-7.385365,0.29519972,-13.349422,-5.2229967,-2.4363995,-4.8360486
03-01-03-01-01-02-06,happy,3.603625,0.005619807168841362,0.17475715569690264,2636.588147588966,1765.4672514774454,-558.3584,24.887178,-48.845905,15.338808,-20.835266,-22.266815,-18.076597,-15.964517,4.4405675,-15.524547,-5.4006996,-6.2032523,-9.219545
03-01-03-01-02-01-06,happy,3.470125,0.0036635473370552063,0.15234375,2639.3412757340925,1880.9479940772735,-630.0116,31.959837,-31.915016,11.755955,-17.964167,-16.58564,-20.009497,-10.908162,0.41335827,-13.629923,-4.349987,-5.1100373,-10.031515
03-01-03-01-02-02-06,happy,3.4368125,0.00453955540433526,0.15327058015046297,2524.165800045611,1837.3969049992022,-602.1031,31.554295,-30.697327,14.291177,-15.279229,-16.595552,-16.268791,-12.729598,3.2856994,-10.360517,-5.205843,-2.6934192,-8.296017
03-01-03-02-01-01-06,happy,3.5035,0.02884460613131523,0.2164373224431818,2633.1696395501535,1846.5077570416215,-416.58438,0.9451264,-51.635582,0.7655449,-12.5956955,-28.757975,-16.668224,-16.581093,5.8662066,4.0060744,14.202585,20.518148,0.6786229
03-01-03-02-01-02-06,happy,3.470125,0.02605316787958145,0.20600541141055045,2761.9024007867597,1860.3338366786654,-445.2387,-0.6076691,-48.243225,-1.2774353,-16.031717,-22.663187,-14.721539,-19.09381,-1.6138576,-8.9153805,3.1916137,18.356453,13.247347
03-01-03-02-02-01-06,happy,3.57025,0.026262279599905014,0.18102591378348215,2619.2895512829973,1828.856364159321,-443.44016,-2.7734663,-50.938515,0.9048721,-20.705866,-24.428415,-17.70347,-16.633581,0.723535,-9.149282,5.9094477,19.090725,17.38059
03-01-03-02-02-02-06,happy,3.603625,0.03043074905872345,0.18379684043141592,2292.095769380308,1762.5228364619168,-423.3733,8.453263,-48.346245,4.2898755,-18.532324,-26.743906,-15.66056,-13.71827,1.4521786,-9.776742,4.145152,17.270842,16.461535
03-01-04-01-01-01-06,sad,3.57025,0.001030614017508924,0.10673740931919642,2511.627149659033,1951.0308505581293,-732.7962,45.365105,-2.4884527,12.838401,-2.5708604,-8.3554535,-14.079069,-3.895075,-1.9347488,-0.79962975,-5.2733607,-1.9115189,-5.4316907
03-01-04-01-01-02-06,sad,3.603625,0.0011238022707402706,0.1274932591261062,2377.371743367811,1786.1085327083847,-709.54926,46.326466,-10.015167,19.079828,-6.8479805,-12.317884,-16.047766,-3.9000065,-1.3697371,-5.9962306,-7.0597568,-0.45120424,-5.1867843
03-01-04-01-02-01-06,sad,3.4701875,0.0019592808093875647,0.09585543291284404,2566.008010549011,1954.0681503129138,-699.4074,44.337933,-8.343376,3.0159826,-8.349611,-12.884104,-16.607782,-10.115871,-3.0466468,-6.9005604,-4.1505327,-5.9285398,-7.737279
03-01-04-01-02-02-06,sad,3.4368125,0.0015593473799526691,0.08837438512731481,2293.3114998984784,1830.3941697479274,-728.53937,48.45804,-7.0951176,5.8097014,-5.0553827,-13.115039,-15.352452,-8.007607,-1.7832742,-5.7046394,-4.6068506,-4.076773,-6.4737606
03-01-04-02-01-01-06,sad,4.2041875,0.011181782931089401,0.20281057646780304,2654.5553929164403,1829.377612889933,-499.40933,4.6442966,-37.868336,12.664712,-18.261581,-11.73681,-8.712745,-14.6093645,7.150213,-10.654708,3.0050628,6.3112345,5.4651027
03-01-04-02-01-02-06,sad,4.104125,0.0012120904866605997,0.14621563105620156,2556.623403335631,1859.5756581885385,-683.039,29.291622,-16.922031,7.560125,-16.223267,-12.621349,-15.604721,-10.4574585,4.8984203,-4.789941,-1.835751,2.0076752,1.0501657
03-01-04-02-02-01-06,sad,4.604625,0.008614303544163704,0.18827650282118055,2681.4216339744908,1870.3635215944191,-505.8861,23.009758,-24.078566,1.1322223,-19.501974,-11.879434,-13.552412,-11.980223,0.16255039,-14.233666,-7.140698,4.182618,7.2980127
03-01-04-02-02-02-06,sad,4.037375,0.004974902607500553,0.20021453617125984,2698.116146041132,1820.7935433880994,-551.36224,16.07915,-33.601257,8.844304,-22.937891,-23.648565,-18.96574,-19.367025,8.700714,-15.807753,-2.78763,-2.469557,-6.952624
03-01-05-01-01-01-06,angry,3.7704375,0.00382099486887455,0.15689138638771186,2630.5337887010646,1776.6041484288821,-610.00244,31.096867,-17.834805,9.759311,-13.223238,-10.276702,-13.211254,-7.6141787,-1.5379109,-6.8708606,-5.1662674,-3.3008122,-8.073062
03-01-05-01-01-02-06,angry,3.970625,0.004236756823956966,0.146140625,2465.349824541767,1866.4965392520614,-596.472,44.64234,-7.69975,15.693391,-11.609744,-8.31067,-12.100741,-8.339928,0.4735499,-2.512961,-2.9470303,-3.3552365,-3.169409
03-01-05-01-02-01-06,angry,4.2041875,0.005951207596808672,0.18171460700757575,2568.350358310356,1716.5243740889991,-565.2773,32.27782,-22.362947,5.276291,-20.741209,-14.364921,-15.634045,-12.728439,0.20145352,-6.973264,-5.257574,-6.762985,-5.408507
03-01-05-01-02-02-06,angry,3.9039375,0.0075745475478470325,0.1758172707479508,2620.0429947411344,1794.4757959126516,-534.7098,26.190739,-15.9705715,3.4786222,-15.785672,-12.873132,-10.663213,-12.332955,-0.85393006,-5.6583633,-5.1495876,-5.3817935,-4.2424183
03-01-05-02-01-01-06,angry,4.104125,0.07120998948812485,0.19318147407945738,2559.8563413733486,1777.859597838454,-336.94797,12.966651,-45.97118,-4.9606876,-23.827877,-13.893803,-12.970937,-12.712458,2.9693465,0.21850953,10.230302,11.913002,4.03264
03-01-05-02-01-02-06,angry,4.2041875,0.06582438945770264,0.22007797703598486,2547.6310679755293,1743.387094555469,-346.96823,10.90022,-42.830936,-2.6747918,-22.28579,-13.74078,-11.786967,-10.877588,-0.7031382,-0.08984144,8.840226,11.828722,5.3499384
03-01-05-02-02-01-06,angry,4.4378125,0.05739287659525871,0.1975080092176259,2564.5635605271987,1862.9920598587603,-358.869,14.091246,-39.15766,-6.4733663,-24.298544,-14.422859,-10.983537,-15.500228,0.9392807,-9.465787,-2.198398,2.7653162,7.34146
03-01-05-02-02-02-06,angry,4.471125,0.05470206215977669,0.2154820033482143,2484.9382176072413,1775.8456419104127,-368.74887,11.560404,-38.660706,-1.7628702,-23.338993,-9.925304,-11.704108,-16.325634,-1.2099999,-9.921151,-1.29885,10.396902,16.384636
03-01-06-01-01-01-06,fearful,3.637,0.002307543531060219,0.12129505893640351,2556.8238587701444,1933.6768070675569,-664.5424,41.395508,-15.009858,8.878958,-6.2306466,-10.310439,-12.799093,-5.9088163,0.16995363,-6.8601956,-6.313652,-3.9954505,-4.274266
03-01-06-01-01-02-06,fearful,3.4368125,0.002384248422458768,0.16298647280092593,2516.495058052213,1812.3995541059326,-636.6642,40.62481,-24.778294,17.984503,-9.523387,-10.05996,-17.691654,-8.3167715,4.345556,-8.240005,-8.9203615,2.1763835,-4.732014
03-01-06-01-02-01-06,fearful,3.57025,0.003291154047474265,0.1292724609375,2382.3387822702457,1905.0494004569123,-637.1939,43.198547,-22.372606,5.985633,-14.735842,-18.55071,-20.68014,-13.5692425,0.46242422,-11.591708,-7.4702725,-6.5396714,-4.7157807
03-01-06-01-02-02-06,fearful,3.5035,0.003038555383682251,0.15399946732954545,2636.758740200247,1930.2373242530202,-640.374,38.758682,-13.778367,10.276401,-6.5709705,-14.8307705,-14.745133,-7.4080205,-0.23421852,-7.878497,-7.8336654,-6.0441327,-7.8514447
03-01-06-02-01-01-06,fearful,3.637,0.060890328139066696,0.25720429002192985,2813.8499201381546,1828.089693868311,-360.59988,-5.893329,-53.644497,-9.747809,-20.411203,-26.258566,-19.727571,-7.784322,13.670109,11.815971,12.358337,15.537377,-11.1591015
03-01-06-02-01-02-06,fearful,3.603625,0.05609041079878807,0.2526963495575221,2709.0945433092566,1806.0893086143349,-365.17386,-7.7605324,-50.07568,-10.170287,-24.459362,-25.257164,-11.182941,-4.6132245,16.733778,17.196276,3.2784965,3.02973,-12.927099
03-01-06-02-02-01-06,fearful,3.7370625,0.04074474051594734,0.2676031650641026,2798.1104674441003,1853.639003968555,-381.97748,-2.4371085,-46.81701,-8.60586,-22.558596,-28.866951,-16.940458,-13.162776,9.811552,4.490883,5.9142294,15.944368,-2.2636092
03-01-06-02-02-02-06,fearful,3.7370625,0.07798991352319717,0.267711672008547,2836.628774160463,1848.798430578322,-323.70227,-0.053745743,-52.267673,-16.059706,-18.333372,-24.736963,-6.887396,-0.5774869,21.637259,10.96302,-4.675976,6.561769,-10.845923
03-01-07-01-01-01-06,disgust,3.5035,0.0011480528628453612,0.1420720880681818,2443.9046766162546,1798.6417699690485,-669.139,48.705383,-8.39765,4.006261,-11.126508,-12.477732,-18.591923,-6.9079647,-5.7428555,-3.9842007,-7.5513964,-7.9433827,-5.751978
03-01-07-01-01-02-06,disgust,4.2709375,0.0008342062355950475,0.14269837336753732,2536.448190141664,1835.4486464273202,-701.1556,37.657135,-1.8047651,9.150865,-6.471763,-6.355768,-14.403963,-3.407294,0.46570644,-5.021969,-3.749593,-2.552085,-2.7487266
03-01-07-01-02-01-06,disgust,3.7370625,0.0012234976748004556,0.11182475293803419,2484.577847975848,1769.578258393507,-748.3417,39.77453,3.1611543,-4.690196,-2.0804377,-11.898089,-16.04433,-3.818268,-4.2119617,-4.9726996,-3.7158306,-5.788236,-4.403186
03-01-07-01-02-02-06,disgust,3.9373125,0.0011049130698665977,0.14210165700604838,2022.890586241907,1455.8221206191095,-716.5735,39.331154,-4.0484185,-0.8047945,-3.8317838,-14.671719,-17.900639,-3.1100929,-5.5613046,-9.144267,-3.0142162,-5.314947,-5.011976
03-01-07-02-01-01-06,disgust,4.3043125,0.0066280486062169075,0.1629123263888889,2492.723392209574,1794.183978336467,-550.25824,20.923779,-18.647491,2.3614764,-21.342539,-16.455135,-10.849413,-9.61225,-3.4735396,-6.991235,-8.971849,-7.769033,-2.2505975
03-01-07-02-01-02-06,disgust,3.9373125,0.003400800283998251,0.10335811491935484,2226.2263780601966,1599.8799284532734,-647.59283,31.169287,-22.472237,0.20458539,-19.207363,-14.211049,-13.093743,-7.3773746,-3.467989,-6.2627773,-3.4256766,-8.893561,-1.8558736
03-01-07-02-02-01-06,disgust,4.037375,0.005031945183873177,0.14345087967519685,2468.4140956640636,1865.567999359084,-587.9243,40.79913,-16.950348,2.6558778,-11.06362,-18.62912,-12.138083,-5.0375376,-3.5628476,-10.152375,-1.7982751,-7.8192644,-5.2889686
03-01-07-02-02-02-06,disgust,3.970625,0.003604230470955372,0.1266796875,2272.0088234381915,1971.5701261970357,-639.05646,47.15852,-0.20955256,2.7670717,-5.6782956,-8.627986,-5.0787024,-0.6905565,1.0041654,1.9004307,3.59062,0.75583464,1.2224271
03-01-08-01-01-01-06,surprised,3.2365625,0.0018476303666830063,0.08091107536764706,2073.268763108877,1669.3686572996646,-719.55707,47.868977,-13.726937,5.5739903,-8.375384,-8.954642,-13.123572,-5.6421514,-1.5260491,-5.6830325,-4.5613933,-5.7969337,-6.2397857
03-01-08-01-01-02-06,surprised,3.2365625,0.002348819747567177,0.08003504136029412,2118.3825531566426,1614.5383513758698,-702.41907,43.96884,-17.598122,4.0435433,-11.495463,-10.516462,-16.21369,-9.27514,-1.8677509,-10.073233,-3.975565,-7.3853226,-7.589369
03-01-08-01-02-01-06,surprised,3.20325,0.0025431637186557055,0.10419728496287128,2654.7942617895797,2002.2860681214447,-681.1553,42.9335,-14.333994,-0.17605886,-11.106392,-14.335529,-16.586544,-7.589014,-0.91732615,-9.436932,-4.0260468,-8.585684,-8.438342
03-01-08-01-02-02-06,surprised,3.1365,0.002410115906968713,0.11885949337121213,2457.4966862447673,1942.3857734639244,-668.7952,53.175602,-9.64043,8.965497,-9.00342,-16.523928,-17.299828,-3.7206106,1.5456555,-7.4926796,-4.204806,-2.4625456,-6.0206738
03-01-08-02-01-01-06,surprised,3.2365625,0.0021716542541980743,0.14186485140931374,2485.6031286472216,1863.2255837732678,-668.01373,50.113564,-17.202984,12.957024,-14.370931,-15.090341,-16.919123,-2.2617664,-0.83393615,-9.465143,-5.9239087,-7.114152,-10.024807
03-01-08-02-01-02-06,surprised,3.3700625,0.007477165199816227,0.14187794811320756,2637.9826688599037,1910.3443371661285,-567.57025,25.94285,-32.024933,-2.7772615,-19.518242,-13.76801,-16.623062,-11.897876,-0.54700357,-8.17458,-4.8518066,-3.6624622,-4.10977
03-01-08-02-02-01-06,surprised,3.3033125,0.007484726142138243,0.16208589993990385,2677.210590397073,1961.4991956741533,-576.9474,25.66902,-27.087206,3.2883832,-15.572444,-16.410679,-19.728874,-10.434699,-0.014082615,-11.785304,-3.8280165,-4.12402,-3.6163113
03-01-08-02-02-02-06,surprised,3.20325,0.007775648031383753,0.16451693997524752,2649.2775370115223,1892.8283977383467,-573.8674,30.707664,-29.165796,-2.28837,-14.728483,-15.570543,-18.875763,-12.98008,2.4489093,-10.969989,-9.443984,-3.3795028,-3.871162
03-01-01-01-01-01-07,neutral,3.9039375,0.0027531601954251528,0.11722352074795082,2305.5597912843314,1835.6808949351928,-635.7303,66.64235,3.5130155,21.606144,0.3318801,-3.955326,-12.175788,0.7956139,-4.148572,-4.5119367,-1.1751225,1.7581664,-6.763694
03-01-01-01-01-02-07,neutral,3.8038125,0.00292454706504941,0.11742548581932773,2193.7557962685974,1866.0116788807197,-632.01624,69.62291,4.964183,22.88582,0.907671,-3.3777301,-12.783045,1.9864434,-2.3470025,-3.628786,2.0868502,3.2970006,-6.187919
03-01-01-01-02-01-07,neutral,4.1375,0.003143138950690627,0.13097205528846154,2354.164933289142,1886.2016327773065,-638.97345,62.944756,2.7551916,16.359438,3.1612182,-6.3979335,-16.059458,-3.5141544,-5.699246,-6.6577106,-3.3297017,0.06959098,-8.749659
03-01-01-01-02-02-07,neutral,3.7370625,0.0025143150705844164,0.14650524172008547,2303.6847952991607,1864.9495612327762,-634.40247,69.39665,9.47291,18.714777,1.2568194,-3.536003,-13.316625,3.7618563,-5.3737407,-2.9918873,1.5820079,1.2589875,-4.46294
03-01-02-01-01-01-07,calm,3.470125,0.001859606709331274,0.08420387758027523,1818.7242367325093,1662.0771908113763,-675.83264,73.553406,1.8727225,19.657969,4.7781787,-4.179772,-9.745137,1.0455543,-1.2366952,-4.075654,3.0384216,1.3974004,-4.7254605
03-01-02-01-01-02-07,calm,3.7370625,0.0016247115563601255,0.08483156383547008,2212.4241856939443,1788.791355514349,-688.2633,75.193474,-2.650864,17.441015,2.7711966,-4.0203004,-11.15055,0.58437955,-1.7357153,-4.418799,1.0716953,2.1687083,-5.9849224
03-01-02-01-02-01-07,calm,3.5035,0.0018991223769262433,0.08741566051136364,1958.2046592581653,1878.294706874208,-666.94196,79.34747,9.656794,22.574507,11.99211,5.019944,-8.057226,2.4750626,1.8195974,0.8127408,2.530608,7.5874457,-2.3078866
03-01-02-01-02-02-07,calm,3.536875,0.0019931646529585123,0.11520798141891891,2282.539430132401,1882.6392948275109,-667.7138,73.50052,-2.234195,18.499887,5.06635,-0.78475505,-13.425662,-2.9788082,-1.4571016,-5.753365,-0.17558224,2.854231,-7.2222543
03-01-02-02-01-01-07,calm,4.004,0.0018163168570026755,0.1354709201388889,2248.9559180148735,1794.999334491785,-615.2409,60.126278,0.43396783,29.36938,5.0417404,-10.054567,-16.626442,6.851469,-3.7323198,0.6006609,0.5301097,2.3461816,-4.7156234
03-01-02-02-01-02-07,calm,3.8705625,0.0019440889591351151,0.1695021952479339,2211.221961062738,1610.128135946572,-635.56903,59.063095,0.89413077,22.7331,-1.5706946,-2.0811129,-19.962214,-4.531696,-3.258118,-5.0896654,-1.9235976,2.1674876,-8.600388
03-01-02-02-02-01-07,calm,4.2709375,0.002421875484287739,0.15987567047574627,2237.1787216416146,1807.5625013065883,-627.13403,65.550804,6.00674,22.016056,3.3704894,-4.424616,-15.363928,-3.0885067,-5.439227,-3.0934198,-4.022639,1.4353026,-7.592077
03-01-02-02-02-02-07,calm,4.104125,0.001972959376871586,0.09881828367248062,1906.569507600695,1721.260326135059,-648.70483,81.64364,1.6202123,21.952929,1.3926615,-6.012227,-17.229715,0.3876812,-0.18807577,-0.35490128,-0.96942407,6.1134653,-3.128282
03-01-03-01-01-01-07,happy,3.5035,0.002071880269795656,0.12743696732954546,2235.582931971409,1896.9921832592188,-632.3217,64.89353,-3.9959376,26.71394,3.550713,1.1179938,-10.496493,0.24548812,3.544962,-0.39792964,2.4704068,5.513243,-7.070947
03-01-03-01-01-02-07,happy,3.470125,0.003592428285628557,0.09500878010321101,2132.0711644842945,1861.1571833946853,-620.89594,69.56062,-7.9718747,20.446047,-2.2007651,-6.9925146,-12.893934,-0.39036813,-0.7988534,-5.367801,1.6073257,2.060341,-4.6158724
03-01-03-01-02-01-07,happy,3.4034375,0.004168668761849403,0.14188905519859812,2219.168696432695,1852.791894708854,-595.89056,63.589306,-9.411206,18.322073,0.09844675,-6.3519,-16.387861,-2.345813,0.30020526,-6.4987907,0.75135416,4.198566,-7.893285
03-01-03-01-02-02-07,happy,3.4034375,0.004168668761849403,0.14188905519859812,2219.168696432695,1852.791894708854,-595.89056,63.589306,-9.411206,18.322073,0.09844675,-6.3519,-16.387861,-2.345813,0.30020526,-6.4987907,0.75135416,4.198566,-7.893285
03-01-03-02-01-01-07,happy,4.104125,0.016393085941672325,0.11135083575581395,1869.1694540013825,1755.2236493330602,-464.45428,57.57674,-15.872268,14.366168,-5.065618,-18.061317,-11.787946,-11.245174,-1.8937128,-3.0330298,-1.2423499,6.631173,-4.904072
03-01-03-02-01-02-07,happy,4.037375,0.018637992441654205,0.1774306409940945,2228.0862943068337,1779.2128321454475,-420.49442,40.392742,-12.384113,16.702682,-7.264413,-16.920809,-12.030254,-6.762126,-4.1266026,-4.490369,-3.272142,1.4626479,-6.1233387
03-01-03-02-02-01-07,happy,4.037375,0.014534699730575085,0.11778343380905512,2001.1215588601988,1707.2396061313773,-475.15323,55.483166,-22.614117,17.12826,-9.257338,-17.554596,-12.07477,-14.298906,-0.1942652,-7.72415,-3.679808,2.176881,-7.3696046
03-01-03-02-02-02-07,happy,3.8371875,0.022871315479278564,0.13951822916666667,1951.092329837177,1770.561835468015,-438.73807,43.27015,-14.836162,11.640579,0.5045267,-19.94742,-10.5580225,-5.9953694,-3.7929351,-2.0809767,-4.8786306,4.364123,-6.457134
03-01-04-01-01-01-07,sad,3.536875,0.0016061513451859355,0.08320136542792793,2098.678417948188,1784.7453908602472,-704.88043,65.65913,-1.4564687,15.306174,-0.43156067,-2.6322732,-11.766353,-9.173389,-3.7443287,-5.288132,-6.863573,-0.2990265,-4.23273
03-01-04-01-01-02-07,sad,3.603625,0.0017546858871355653,0.08872891316371681,2026.8269079535714,1904.1161102048977,-676.2533,76.004974,3.221962,24.237043,3.868573,0.15132368,-8.237604,-7.7623634,0.49394116,-3.7325616,-0.41294786,4.5169334,-3.6469223
03-01-04-01-02-01-07,sad,3.536875,0.0017530587501823902,0.08805778434684684,2075.840384808432,1780.21241060938,-692.16315,72.940765,5.378397,13.427265,0.83800626,-1.2639902,-13.054342,-8.599126,-2.2801633,-5.8171687,-5.284376,1.6741529,-7.6088552
03-01-04-01-02-02-07,sad,3.8705625,0.00404665432870388,0.12813145661157024,2237.481809358056,1863.479116692794,-608.3674,69.633766,-6.209759,20.022776,-5.321331,-8.338808,-13.309638,-13.0415535,-2.9279008,-6.9392037,-1.0007164,0.6741689,-10.487827
03-01-04-02-01-01-07,sad,3.93725,0.0037059702444821596,0.14774051789314516,2128.507407785549,1795.9816047229106,-580.28516,66.922935,-12.013568,22.106237,0.9550851,-19.806356,-13.082527,-16.30453,-14.811591,-11.048223,-9.902326,-1.5700756,-10.8766985
03-01-04-02-01-02-07,sad,3.8371875,0.004418247379362583,0.09663899739583333,2044.9134255149422,1765.7818296929784,-590.6272,57.487125,-2.5982208,17.602419,-2.3365417,-14.96311,-7.7973075,-10.754214,-5.9322705,-5.9067426,-9.236555,1.3251015,-7.632188
03-01-04-02-02-01-07,sad,3.637,0.006667749024927616,0.12272135416666667,2122.127202999039,1882.6618493373705,-552.5337,51.225616,-0.13768445,12.664219,2.9598718,-11.717396,-15.076964,-9.395454,-10.593442,-8.030372,-8.093354,2.3962328,-8.221913
03-01-04-02-02-02-07,sad,3.8371875,0.0053938450291752815,0.1388671875,2442.6621685912837,1903.0892764605078,-585.2582,53.55883,-1.8632077,16.306028,1.5660232,-17.896109,-10.525303,-15.190293,-11.022764,-5.4231114,-10.672439,0.26377475,-10.803953
03-01-05-01-01-01-07,angry,4.004,0.013530492782592773,0.10853794642857142,2071.9052070397074,1783.8199844803291,-494.13242,42.734352,-9.302619,19.150787,-5.8551903,-2.8311033,-7.397108,-9.492066,3.7125554,-0.8823385,-3.283554,8.694201,-6.9923477
03-01-05-01-01-02-07,angry,3.9706875,0.030411334708333015,0.09852734375,2012.7978896568397,1825.7967894782767,-419.08862,35.6023,-12.440352,17.017765,-9.36529,-8.706747,-4.3842225,-7.223743,1.272233,-2.1152573,-2.849351,3.8794444,-6.7774673
03-01-05-01-02-01-07,angry,4.004,0.004450927022844553,0.1138702876984127,1812.4941256511388,1508.0702239964946,-578.1137,54.227463,4.2838683,18.604967,-2.385696,-3.0095754,-9.24844,-9.089721,-0.7426127,-4.297802,-3.0253673,5.626573,-8.647318
03-01-05-01-02-02-07,angry,4.004,0.010917263105511665,0.10678245907738096,2198.709997977132,1700.523708284605,-496.98203,44.604248,-2.386493,14.892812,-10.577418,-7.048359,-11.376457,-7.137722,-1.5967098,-4.7713866,-0.9482846,1.0916957,-7.4274106
03-01-05-02-01-01-07,angry,3.603625,0.024490728974342346,0.0942296391039823,1631.0811776912037,1692.7898795473945,-419.9231,39.73011,-6.0325313,19.897732,-2.8604193,-11.164401,-2.5482707,-5.229967,1.5356096,1.378388,0.5500074,7.862638,-1.6233726
03-01-05-02-01-02-07,angry,4.004,0.046506937593221664,0.11576528397817461,1863.5302593875924,1820.152538964848,-352.39304,28.10836,-12.748098,17.729156,-8.453262,-13.687288,0.45139015,-6.060003,0.45706835,-0.84524065,-2.3780787,3.733795,-3.990166
03-01-05-02-02-01-07,angry,3.8371875,0.06990517675876617,0.15515543619791666,2279.3227733260096,1908.2866090325308,-342.096,16.245117,-24.158785,8.627106,-12.676296,-13.717669,-7.738459,-16.52994,-0.32708028,-4.304187,-5.791549,0.49973977,-4.216602
03-01-05-02-02-02-07,angry,4.3376875,0.05926407128572464,0.14450611787683823,1913.2579800959656,1728.928952722612,-358.80728,23.144539,-19.902998,13.42794,-8.353949,-12.326613,-5.7314925,-15.886889,0.18460587,-0.93531305,-8.496338,2.9903905,-4.073771
03-01-06-01-01-01-07,fearful,3.4368125,0.003735665697604418,0.06923195167824074,1822.005377362736,1947.5714176916279,-633.18195,51.797104,-4.022366,16.643894,-1.6822075,-6.770926,-14.960392,-11.764649,-1.3759017,-3.0038023,-4.6225395,5.6554236,-2.004334
03-01-06-01-01-02-07,fearful,3.5035,0.004505542106926441,0.09891246448863636,2167.3028389988535,1936.8573463749651,-620.30035,48.522453,-10.643862,12.005729,-4.740553,-14.727357,-16.3711,-13.183697,-3.5643096,-5.524157,-6.79574,0.5248219,-10.407222
03-01-06-01-02-01-07,fearful,3.4368125,0.004134429153054953,0.0912769458912037,2179.7355439058406,1844.8925909480838,-641.2222,44.9021,-1.805171,13.246278,-1.9954562,-12.347168,-13.757676,-8.834966,-7.1025114,-2.672696,-2.9018428,0.36192563,-6.2479663
03-01-06-01-02-02-07,fearful,3.3700625,0.0037860730662941933,0.11417950324292453,2530.9846499761416,1944.360397551939,-630.6801,40.29082,-1.5823632,7.3816204,-6.161233,-12.837458,-18.45214,-11.041925,-8.843941,-9.344937,-4.325199,-3.5180683,-6.0467706
03-01-06-02-01-01-07,fearful,3.637,0.019024895504117012,0.14322488349780702,2236.6014811568994,1767.8862641252322,-467.9197,28.994938,-22.005949,4.920744,-13.396005,-18.371746,-16.309412,-14.035899,-11.626091,-9.710607,-5.241602,-1.9917395,-4.627582
03-01-06-02-01-02-07,fearful,3.470125,0.013353126123547554,0.13115503153669725,2356.060840139023,1927.1759914095408,-509.76047,27.314543,-14.162319,5.637643,-15.232341,-17.672998,-7.410618,-9.225287,-11.267187,-4.0356503,-10.194166,-2.3722272,-1.0920048
03-01-06-02-02-01-07,fearful,3.4034375,0.028483353555202484,0.15073287821261683,2409.150740797591,1843.7454734103214,-426.22128,19.214418,-20.096958,5.8389263,-13.317664,-20.684023,-17.495869,-14.276889,-9.58545,-9.143154,-5.1418757,-4.9232826,-6.391497
03-01-06-02-02-02-07,fearful,3.5035,0.029603229835629463,0.13819691051136362,2421.5669296745186,1914.8947204673882,-443.53574,20.374254,-19.745783,1.1643364,-15.870999,-16.19119,-16.22213,-13.449935,-6.886362,-7.434102,-2.3461535,-3.9256558,-3.3409278
03-01-07-01-01-01-07,disgust,3.536875,0.002140486380085349,0.08928068693693694,2000.403604978875,1556.9937104667408,-672.06744,47.470146,6.4142575,14.833903,-5.3080783,-9.304441,-6.7588825,-1.1897917,-4.6004286,-1.6713865,-2.2755902,-2.1774592,-1.0846713
03-01-07-01-01-02-07,disgust,3.5035,0.002562208566814661,0.10937943892045454,2490.059781183806,1916.662040733851,-640.1434,55.025036,1.7835972,16.356277,-6.792614,-11.269388,-8.037197,-1.0002806,-4.475963,-2.3977644,-1.8660654,-0.9441445,-4.367195
03-01-07-01-02-01-07,disgust,3.4368125,0.0016865688376128674,0.1088595920138889,2429.843771134863,1974.931912729154,-701.98956,62.761166,11.801169,16.425886,5.1283283,-3.8067613,-7.866311,2.898598,-1.0133338,0.2543739,0.5247476,2.98475,-0.9499266
03-01-07-01-02-02-07,disgust,3.536875,0.0028154831379652023,0.11408625422297297,1825.1716782944582,1461.614216210073,-660.6913,51.331978,8.337528,16.416716,-5.4266667,-10.168979,-4.3778133,-3.1627915,-7.9150186,-1.9839417,-4.199913,-1.3851992,-2.897918
03-01-07-02-01-01-07,disgust,4.1375,0.008941368199884892,0.0903057391826923,2287.910925532926,1935.440260529373,-526.5148,44.48506,4.465836,18.339153,-14.482466,-9.653538,0.6912719,-7.6656756,-8.333931,0.386382,-6.2807155,0.099673904,-4.354471
03-01-07-02-01-02-07,disgust,4.4044375,0.005346717778593302,0.1072661911231884,2399.33706233655,1996.793006419798,-566.5156,51.843723,11.372265,21.847229,-5.8895793,-9.905673,-0.3204596,-1.7683967,-7.1329103,4.9852138,-3.2925217,1.7111017,0.76157516
03-01-07-02-02-01-07,disgust,4.1375,0.0054196808487176895,0.13043118990384617,2153.6574860471023,1939.5042254529003,-571.8279,60.18019,16.917068,22.655184,-5.0523653,-9.316488,-3.1551697,-1.5862722,-10.081413,2.6718674,-3.246265,-1.0405344,0.36851034
03-01-07-02-02-02-07,disgust,4.7714375,0.00628025783225894,0.12715494791666668,2282.6066757094068,1891.9984740406019,-571.9759,51.179077,16.043608,15.61695,-7.3047347,-11.156524,-1.9409511,-6.308223,-11.330558,-0.69843227,-7.070918,-1.6959025,-4.8907475
03-01-08-01-01-01-07,surprised,3.470125,0.004120181314647198,0.08036930189220183,1804.7819007595465,1616.9541878964792,-626.84326,64.10092,2.0466008,16.713062,-4.450568,-6.5786242,-11.052749,-4.007892,-2.3739274,-7.2427206,-1.9270488,-3.3223634,-5.972656
03-01-08-01-01-02-07,surprised,3.536875,0.004888511262834072,0.08838330518018019,2072.887762916113,1757.7654372835977,-600.5005,57.666733,7.096482,15.829932,-6.145362,-9.097263,-7.270278,-2.075259,-5.002646,-5.0385838,-2.165922,-3.2705188,-3.1374795
03-01-08-01-02-01-07,surprised,3.4368125,0.004232173785567284,0.1002513744212963,2053.9090906257957,1848.5781401677805,-622.3253,67.07848,9.319533,16.737745,-3.216686,-6.030435,-8.241136,-1.8525747,-3.035264,-5.0598636,0.925627,-0.35727188,-5.9349055
03-01-08-01-02-02-07,surprised,3.4368125,0.004687395878136158,0.09875036168981481,2254.557071377569,1954.803796264828,-613.0395,64.253555,5.9189777,19.615286,-4.009525,-5.7522554,-8.478243,-4.1154523,-3.2322283,-6.9296603,0.31921574,-1.0350889,-5.2340784
03-01-08-02-01-01-07,surprised,3.8705625,0.012838118709623814,0.13820780604338842,2014.0380785944903,1786.3260119332754,-481.0398,47.51983,-0.4935835,10.21198,-8.217638,-11.2784,-12.911418,-7.934679,-6.3015103,-4.3644023,-4.517936,-1.9175706,-8.525362
03-01-08-02-01-02-07,surprised,3.637,0.005818129982799292,0.09733929550438597,2365.2941845206356,1988.8947485997608,-580.59705,48.52184,6.0480647,16.168291,-5.0880327,-10.697555,-8.587412,-5.337429,-6.0274086,-6.7786617,-3.978169,-3.7511199,-5.7634807
03-01-08-02-02-01-07,surprised,3.4368125,0.011893188580870628,0.1481662326388889,2319.451584561669,1983.7966153282298,-514.16797,42.367752,-1.0040717,10.778065,-7.367251,-12.644313,-15.18607,-7.5457153,-6.444826,-8.610241,-2.7226105,-4.2582912,-5.630289
03-01-08-02-02-02-07,surprised,3.470125,0.008120468817651272,0.07628386611238532,1456.767541316977,1283.7778843275785,-573.3147,46.848057,4.422488,12.2627325,-6.926546,-10.1811905,-9.866904,-5.10585,-4.9742427,-7.714664,-2.0002816,-3.0088804,-7.5432196
03-01-01-01-01-01-08,neutral,3.5035,0.002507410477846861,0.07931019176136364,1993.3250058333429,2070.7464879521667,-675.61633,60.059307,9.481594,22.731104,-1.0104924,8.002314,-7.620191,-1.8399067,-0.4062912,1.4561281,-3.6257386,1.7784585,1.7654151
03-01-01-01-01-02-08,neutral,3.637,0.0026694710832089186,0.07331928453947369,1896.584273170618,1971.5845052050365,-664.4366,62.84364,7.227554,22.929354,-2.454986,7.1595836,-5.8917665,-2.2494988,-0.7801703,0.77985317,-2.1400194,0.6177267,0.84609246
03-01-01-01-02-01-08,neutral,3.536875,0.0029786047525703907,0.08417352899774774,2029.9231630028767,2030.2187002849914,-666.2536,59.85496,10.241117,20.422903,-0.6358089,5.5935106,-8.833572,-4.547258,-2.8941956,-0.37727588,-3.6332192,1.3918241,-1.8923672
03-01-01-01-02-02-08,neutral,3.5035,0.002827137941494584,0.07310014204545455,1917.4681304383616,1998.6397326182664,-658.8855,59.848846,9.0564,20.25951,-0.07293304,7.187347,-7.151414,-3.763439,-0.9855969,2.2206974,-2.4427629,3.2417846,-1.3960441
03-01-02-01-01-01-08,calm,3.603625,0.0017713936977088451,0.07591261061946902,1888.0078487739252,2022.3853631945885,-687.9516,67.6149,11.245122,23.262403,1.1902525,8.083827,-5.56458,-3.2770147,-1.0998902,1.1759137,-5.353663,0.4256098,-1.4168589
03-01-02-01-01-02-08,calm,3.4034375,0.001639074762351811,0.0875529351635514,2099.0017706171,2064.723855738471,-701.5358,61.44667,14.5310335,21.224691,2.6371422,8.235839,-5.648635,-2.2788148,-1.6133846,1.1511959,-7.6418953,2.3754473,-0.46636316
03-01-02-01-02-01-08,calm,3.470125,0.001996260602027178,0.0817893491972477,1930.384804924131,2074.6136721389475,-688.22314,62.502567,19.29961,20.956944,4.7560945,9.746793,-6.6207433,-2.9874794,0.36179098,0.4743327,-4.5191345,2.7835662,-1.4159781
03-01-02-01-02-02-08,calm,3.470125,0.00176685128826648,0.0769737313646789,1978.4794963111833,2047.3116995010153,-700.646,61.72758,12.321372,24.550695,3.5531347,9.113766,-6.653597,-3.2625003,-1.8789656,1.1290028,-5.642584,2.9157505,-0.36954784
03-01-02-02-01-01-08,calm,3.637,0.0014620525762438774,0.09580163788377193,2051.3956999304173,2011.1896934688848,-691.8652,61.45869,12.390936,23.880766,0.9358977,9.457013,-2.0850673,-3.1102254,-2.2607632,1.3428594,-6.632244,1.390223,-0.87693805
03-01-02-02-01-02-08,calm,3.7370625,0.001527529675513506,0.08129674145299146,2020.4583836841052,2026.401753891887,-694.44946,60.536057,12.290043,20.735355,0.7196306,10.568483,-3.0178149,-2.128978,-1.382133,0.040267628,-7.570847,-0.8486531,-2.0484743
03-01-02-02-02-01-08,calm,3.670375,0.0015722708776593208,0.08950832201086957,2076.225291224269,2045.6182734314293,-695.8063,60.62599,16.482964,18.949541,4.1657043,10.778931,-3.4265945,-3.2463968,-2.0498831,0.009405136,-6.989404,-0.162701,-2.0644026
03-01-02-02-02-02-08,calm,3.8038125,0.0017009786097332835,0.09823069852941177,2059.1211276649765,2029.7937545664256,-692.32245,59.271435,13.266707,20.25587,1.5801855,8.422317,-7.0211577,-0.5765325,-1.7754273,-0.9771668,-8.167978,-0.5144485,-1.0422306
03-01-03-01-01-01-08,happy,3.5035,0.0037138161715120077,0.09427379261363636,2132.076406907955,1970.85449611464,-629.9453,53.331886,-6.3373256,21.676674,-1.467978,4.0929933,-8.246712,-0.38337278,-1.3566258,-0.049582377,-3.4226375,0.39442903,-0.037556577
03-01-03-01-01-02-08,happy,3.43675,0.0038570938631892204,0.08165147569444445,2088.872551554611,2016.2976818703526,-627.2172,47.35957,-5.439069,24.221476,-3.9929347,2.522174,-6.3118815,-1.5140747,-0.398844,-0.0947224,-3.9723446,0.49796033,0.36770844
03-01-03-01-02-01-08,happy,3.470125,0.003841303288936615,0.07626594753440367,2042.9634253642844,2036.484399125526,-642.00916,53.732147,-0.13101147,22.47433,-0.40936577,1.6860012,-7.5185165,-2.4313335,-1.3304244,-1.9679415,-3.4699936,-1.1222899,1.7804404
03-01-03-01-02-02-08,happy,3.4368125,0.004756403621286154,0.09235297309027778,2121.4823775462482,2039.7210594629355,-614.99426,45.829155,-8.966299,19.736242,-1.3075082,-2.5882494,-10.737273,-3.77822,-2.488184,-2.4492893,-2.3852448,-0.87957144,1.5461311
03-01-03-02-01-01-08,happy,3.7704375,0.011138679459691048,0.0927734375,2111.8031354815257,1884.7021485276857,-525.4947,40.54577,-23.970518,14.979149,-9.906133,-3.1699567,-9.734317,-6.1033325,-1.8005239,-7.7531543,-5.2591906,-0.9014924,1.2521775
03-01-03-02-01-02-08,happy,3.9039375,0.010630377568304539,0.09346183401639344,2128.162543689037,1951.82714352884,-533.4958,36.334656,-20.304724,19.726645,-9.57094,0.24169856,-4.4169164,-3.0023859,-2.3148494,-5.132479,-3.5706992,-0.98928964,2.0620742
03-01-03-02-02-01-08,happy,3.8371875,0.011580020189285278,0.11086018880208333,2109.2438726540177,1915.0858465094987,-510.90546,35.282585,-23.249247,17.244116,-9.884072,-6.076588,-11.969972,-8.042319,-4.1034274,-10.037776,-4.6377544,-3.8846233,-0.29055893
03-01-03-02-02-02-08,happy,3.9373125,0.009182685054838657,0.13410802041330644,2126.0747360405503,1880.9032158032974,-525.28845,39.12192,-24.717426,14.282376,-11.3382845,-7.2071176,-12.530657,-9.055007,-2.763434,-9.950369,-7.1308403,-4.657018,0.07922445
03-01-04-01-01-01-08,sad,4.20425,0.0015846793539822102,0.08080314867424243,1993.739884782758,2064.582408887836,-706.24347,58.534477,13.019988,20.873657,8.240026,6.883837,-3.5844598,-2.4664125,-1.1597186,0.44780782,-6.6871552,3.0705812,0.19013786
03-01-04-01-01-02-08,sad,3.8705625,0.0014502167468890548,0.07931543775826447,2023.576735235438,2041.919797349833,-710.06476,63.82598,11.534364,23.225824,0.86938566,8.159876,-4.2767234,-0.02692779,-2.4862363,0.17094697,-2.6574402,2.1550949,0.32913393
03-01-04-01-02-01-08,sad,3.57025,0.0014770078705623746,0.09810529436383929,2128.879342034362,2097.827834848701,-711.3288,58.44378,13.650483,20.230541,6.425074,7.785546,-7.0938044,-5.6756206,0.7143428,0.45269516,-2.50406,0.7678338,1.7156147
03-01-04-01-02-02-08,sad,3.603625,0.0014676222344860435,0.08645602876106195,1947.1585992835144,2033.7306843780464,-703.9717,64.09321,12.90797,20.423443,6.0703955,5.750209,-8.746075,-5.2278686,0.23428056,3.4886613,-7.5715566,3.0430117,1.0408549
03-01-04-02-01-01-08,sad,3.7704375,0.0033714668825268745,0.10766187764830508,1876.8607938006392,1810.6053330135562,-620.0803,54.2479,-9.866307,22.590471,-0.7324291,-2.9858975,-17.932732,-9.573598,4.260463,-7.8356595,-5.184877,0.59359175,-0.048666768
03-01-04-02-01-02-08,sad,3.9373125,0.003382413648068905,0.09288369455645161,1908.1266536293217,1897.7583093271276,-617.4877,52.473698,-5.7896476,21.76914,-1.3812584,-0.106950685,-15.364342,-12.673313,2.641332,-4.25037,-4.0424147,2.216758,0.5882818
03-01-04-02-02-01-08,sad,3.670375,0.0032669443171471357,0.09744395380434782,1984.2329865156312,1995.8008467283225,-648.13214,53.74082,-2.860968,19.97794,0.96518517,1.8495404,-10.217445,-9.461021,5.17614,-6.5893226,-3.1430764,1.448676,1.2381741
03-01-04-02-02-02-08,sad,3.70375,0.005049204453825951,0.10503098060344827,1667.0663091013162,1637.9929964997796,-618.9332,61.52515,-4.53756,20.466219,1.2907845,1.7045276,-20.71584,-15.621432,7.71396,-6.1900544,-6.7993426,2.4170775,3.0048182
03-01-05-01-01-01-08,angry,3.70375,0.009411873295903206,0.08837890625,1978.5653214352894,1956.4595218280028,-554.0096,47.29982,-7.164441,12.93831,-8.710193,6.3835034,-5.02716,-4.94929,-2.176205,-2.902264,-4.185074,-0.9621031,2.6758482
03-01-05-01-01-02-08,angry,3.603625,0.009421558119356632,0.08137012582964602,2061.923510873649,2010.9707948446728,-529.75775,41.65054,0.3956246,10.127595,-13.623538,6.9364986,-1.8798709,-5.10952,-5.384998,-1.3282931,-3.0800314,0.018933743,0.03280609
03-01-05-01-02-01-08,angry,3.536875,0.007152259815484285,0.083984375,1959.8350128724887,2035.911754082868,-591.0041,45.681488,7.1286235,10.843018,-5.9665656,8.171857,-2.5377965,-6.539771,-3.5683475,-1.9493604,-2.0035129,0.023583258,0.3954886
03-01-05-01-02-02-08,angry,3.57025,0.008735866285860538,0.08354404994419642,1954.9034294606213,2018.0580698839074,-573.5733,43.539616,6.623587,10.678473,-7.9829187,5.3072023,-2.5650814,-7.988894,-4.4639235,-3.9334738,-4.678326,-1.2688638,-0.6789693
03-01-05-02-01-01-08,angry,3.970625,0.022784369066357613,0.10371875,1987.1551081902237,1852.9838824099736,-458.7658,39.59697,-15.655078,2.4171407,-20.78552,6.035269,-4.5253158,-10.091788,-3.7772832,-1.8770015,-2.2240782,-2.4243727,-2.2713273
03-01-05-02-01-02-08,angry,3.7704375,0.05145500600337982,0.12492551641949153,2093.357948617684,1842.9472058846984,-367.506,21.277977,-18.957977,4.7420697,-20.596365,2.1676974,-2.8332114,-7.319889,-4.0988097,-3.9375308,-4.4829617,-5.183475,-4.0705004
03-01-05-02-02-01-08,angry,3.603625,0.02195652388036251,0.09429013412610619,2106.8650063264695,2065.9328193270553,-481.32034,27.431067,-7.1388483,1.9407978,-15.684286,4.608007,-7.017095,-9.016397,-4.3513713,-4.214254,-2.7202222,-2.3751767,-0.9297136
03-01-05-02-02-02-08,angry,3.637,0.023952584713697433,0.1047448944627193,2030.203359597709,1945.4619001608617,-466.16107,31.221336,-9.10247,7.0849776,-17.789295,4.3269258,-6.2726,-10.518155,-5.198218,-5.6713853,-2.8086765,-2.8954928,-2.0509248
03-01-06-01-01-01-08,fearful,3.9706875,0.008977995254099369,0.135984375,2118.9975641760507,1798.0977508909486,-519.0303,37.388115,-24.494925,12.622946,-10.084097,-1.6251447,-15.994804,-9.971674,-3.0813637,-9.039434,-8.1537,-2.0180404,-0.03000856
03-01-06-01-01-02-08,fearful,3.670375,0.010191819630563259,0.0906844429347826,1714.5523851303237,1702.0208058484595,-533.0774,51.208717,-16.792637,16.707506,-4.6659875,6.413226,-8.739046,-8.03371,2.656447,-3.3758273,-6.7878633,2.7657993,2.5162776
03-01-06-01-02-01-08,fearful,3.7704375,0.010589709505438805,0.1530554819915254,2125.897348616225,1739.7264960900231,-514.99475,47.97035,-22.581896,6.687417,-5.2240095,-2.1650283,-19.789095,-11.813791,2.5195563,-8.202626,-7.6026645,-1.8736341,1.780324
03-01-06-01-02-02-08,fearful,3.670375,0.008319211192429066,0.11747622282608695,2161.4212239494163,1962.8922837520615,-560.9031,42.46135,-12.372368,11.546339,-4.55197,2.7204494,-10.347403,-10.678829,1.7677443,-9.21134,-3.8870106,-1.9402443,1.5089972
03-01-06-02-01-01-08,fearful,3.970625,0.023908788338303566,0.1381171875,2161.346738738006,1881.0860067981089,-436.50394,15.385097,-18.847277,9.849294,-13.40505,0.39619458,-9.413585,-7.399835,-0.3968422,-2.517418,-2.7490187,-0.88447464,-0.65592027
03-01-06-02-01-02-08,fearful,3.9039375,0.02704724296927452,0.11908459272540983,2234.631672783775,1948.880138004647,-439.9933,15.065162,-22.765717,10.238273,-17.221815,-0.5818262,-11.509507,-8.12344,2.8971505,-4.4105644,-4.103738,-1.3635261,0.42192203
03-01-06-02-02-01-08,fearful,3.8705625,0.02467862330377102,0.1182488055268595,2196.2653001669996,1975.1178863092186,-454.8928,20.049515,-19.673162,-0.09113333,-13.467144,-1.082907,-11.595386,-12.863616,-3.4017813,-4.346934,-3.479796,1.9086107,6.1853957
03-01-06-02-02-02-08,fearful,3.9373125,0.03170982748270035,0.11586441532258064,1885.7204010030005,1797.5817576938648,-441.88562,18.402462,-18.010578,6.205606,-13.897189,2.2299411,-10.249106,-10.8787985,1.6176896,-4.165892,-1.7237569,-0.3917744,4.042815
03-01-07-01-01-01-08,disgust,3.9039375,0.0025305210147053003,0.09232517930327869,2018.6927278447147,1966.128584124693,-664.2096,61.06208,10.803685,16.827936,2.3218684,7.2460575,-5.0944347,-4.018085,2.1532815,1.6033444,-3.4343042,1.3344151,0.35944974
03-01-07-01-01-02-08,disgust,3.670375,0.002127432730048895,0.09688773777173913,1944.80956364053,1940.8963767749333,-664.56995,69.052155,6.834153,15.071577,-0.42666268,3.9483938,-10.010922,-5.1292953,-0.032216646,-1.1205019,-4.073907,0.30058953,0.58581495
03-01-07-01-02-01-08,disgust,3.9373125,0.0029169528279453516,0.1205660912298387,2129.6038886640445,1980.7579685611518,-655.4,59.761436,13.32091,13.096299,2.6944187,1.5685686,-10.547541,-6.766013,2.022058,-2.956635,-2.3868854,-0.889132,-0.43764496
03-01-07-01-02-02-08,disgust,3.8371875,0.002911363961175084,0.0906982421875,2078.96150482175,2051.5295576257213,-673.45807,54.375584,12.298835,15.444631,3.1200235,3.1555095,-5.471644,-6.202867,1.5363866,0.1735004,0.70080364,-0.077351764,3.013938
03-01-07-02-01-01-08,disgust,4.07075,0.004448835272341967,0.1118621826171875,2114.549768035848,1994.7316439629058,-595.47107,47.961857,2.7987669,13.159903,-2.8032942,2.1249306,-14.705366,-7.760744,2.1298246,-0.56626296,2.8059556,2.1448777,1.1151735
03-01-07-02-01-02-08,disgust,3.7704375,0.003123470349237323,0.07841879634533898,1805.5939568265187,1863.7841971186199,-628.39514,68.10328,3.06904,16.793007,-4.6469793,-6.4296336,-10.418339,-2.7803853,-2.9118466,-2.6698682,0.35990617,-2.7971628,-0.4858293
03-01-07-02-02-01-08,disgust,3.737125,0.003584517864510417,0.10431690705128205,2108.9689741203442,2030.0936816666226,-646.4801,54.113853,10.932192,15.72249,-0.5562459,-1.066343,-9.9245,-4.7567625,-3.8667884,-5.5159135,2.461137,-3.2667537,0.41379273
03-01-07-02-02-02-08,disgust,3.8705625,0.00493992306292057,0.09564259426652892,2033.5347187929306,2021.0640704284206,-616.0964,46.414993,8.567894,12.676897,-2.892261,-4.9787917,-9.428087,-3.5114715,-1.0375469,-3.7935667,3.8793623,-3.3486137,-1.5060552
03-01-08-01-01-01-08,surprised,3.70375,0.0037771849893033504,0.09582940463362069,2000.8821921664248,1990.3291060640286,-604.69885,47.62078,-0.21826889,13.660572,0.76890546,6.276313,-12.075324,-4.650282,3.7645369,-1.8230691,-4.4965396,2.4037964,1.7786196
03-01-08-01-01-02-08,surprised,3.8038125,0.004526424687355757,0.09369255514705882,2058.110228643373,1986.6961280940443,-598.9187,46.86702,-2.6084301,10.573729,-4.1669555,5.8526516,-11.877091,-5.227615,-0.4404688,-4.0628242,-6.165323,-0.13394697,2.5492167
03-01-08-01-02-01-08,surprised,3.7704375,0.006595497019588947,0.0999321371822034,1970.4103504465338,1984.4114990736027,-579.1822,44.87122,-1.5855957,9.719534,-1.3423262,3.9782195,-11.736321,-5.5693097,0.59619194,-4.394433,-5.350545,-2.6248162,3.8365388
03-01-08-01-02-02-08,surprised,3.536875,0.005106105003505945,0.06686813766891891,1903.2677300953371,2032.7408797929215,-612.6469,50.381058,5.6955156,12.791489,-3.0911744,4.5541625,-8.125939,-6.9153333,-1.1061527,-3.2551634,-6.2983565,-2.4594707,1.7071482
03-01-08-02-01-01-08,surprised,3.8371875,0.007031647022813559,0.11084798177083334,2015.3425384488137,1929.7985675147397,-539.91504,41.681934,-9.272518,9.467772,-6.1417584,3.804753,-14.308715,-8.595615,2.0140092,-4.664796,-7.0293946,0.38639003,1.1268044
03-01-08-02-01-02-08,surprised,3.7036875,0.00798056647181511,0.10245908539870689,2046.280538877695,1972.0531136898771,-535.8865,44.529606,-7.1502757,7.3942266,-7.844006,4.514613,-13.234266,-8.517331,0.57096595,-5.0884514,-6.456405,-1.1930734,2.3385775
03-01-08-02-02-01-08,surprised,3.8038125,0.009775190614163876,0.09187893907563026,2076.1808771410656,2015.6423868046852,-562.7249,41.813663,-6.2374244,2.6079648,-8.717842,5.3529506,-8.912224,-8.70577,-2.4508173,-1.7039418,-5.0169106,-2.6885505,0.84492594
03-01-08-02-02-02-08,surprised,3.8705625,0.009232222102582455,0.10562612990702479,2128.0525795336466,1994.318011722207,-554.5034,40.45689,-2.2494159,5.254514,-4.886739,4.7627187,-13.096655,-10.386804,-3.2802289,-4.118488,-7.762322,-3.5126674,2.8682604
03-01-01-01-01-01-09,neutral,3.2699375,0.0013783989707008004,0.046619007888349516,1402.1148056016032,1793.9346142396648,-711.93854,84.47294,20.713331,34.659397,14.278369,8.016778,3.6378934,8.124224,6.1686287,1.3290111,7.258134,6.8178325,3.3599925
03-01-01-01-01-02-09,neutral,3.20325,0.0009471446392126381,0.057965269183168314,2223.7094624006095,1971.2453315589364,-754.2237,71.66486,12.041866,23.46696,6.7116513,3.7336729,-4.5226855,3.5672255,2.2626204,-5.9297256,5.5068364,1.4674824,-1.4500341
03-01-01-01-02-01-09,neutral,3.3366875,0.0010027337120845914,0.08153831845238095,2217.458349496639,1864.1697398287295,-747.8991,62.36638,14.375798,21.802433,7.370563,4.1588607,-6.64773,-1.8841999,-0.14561734,-5.088656,-0.14675012,0.3638352,-2.037667
03-01-01-01-02-02-09,neutral,3.236625,0.0010955460602417588,0.0669567631740196,2081.664657376875,1804.372949009607,-745.8363,66.400154,11.739508,22.733082,4.8974442,4.0091233,-4.8998303,-1.6121842,0.39852914,-4.4838595,1.6626986,0.40140545,0.6649313
03-01-02-01-01-01-09,calm,3.3366875,0.0009480636799708009,0.06579706101190476,2303.785531394629,2028.5380460174815,-744.55975,65.96747,12.693823,23.429281,10.944884,0.9249322,-6.4972854,3.7687175,1.5262702,-3.0324438,2.5466418,-0.3446328,-1.4129132
03-01-02-01-01-02-09,calm,3.3366875,0.0011003100080415606,0.1289248511904762,2390.4358549515987,1958.8077322958916,-694.2649,55.74149,4.872497,31.348948,5.4446836,-3.1751945,-10.112463,4.454239,3.6061704,-5.754768,3.4791908,-0.4309821,-1.8770623
03-01-02-01-02-01-09,calm,3.4701875,0.0017516623483970761,0.10816549598623854,2326.4361481024926,1916.9304478363824,-661.5897,60.683537,9.121994,22.74561,-0.9602534,-2.6259673,-5.8099456,-0.08274008,0.26092747,-3.644744,3.74247,-1.0821092,-1.0029982
03-01-02-01-02-02-09,calm,3.57025,0.001110719284042716,0.08088902064732142,2239.712127071581,2004.6376873396268,-726.9539,64.214096,16.445452,24.432556,11.972161,5.8014727,-6.9115806,0.5332783,4.471453,-1.1697571,3.2156513,2.1114478,-0.55591387
03-01-02-02-01-01-09,calm,3.3366875,0.0005319665069691837,0.057347470238095236,2152.5916302487335,1965.1135168624103,-786.4341,60.048504,20.912626,23.82798,12.093813,5.3115683,-7.66942,5.944363,5.373718,0.03444328,7.129421,2.2476783,-0.08604335
03-01-02-02-01-02-09,calm,3.4368125,0.0007201381376944482,0.06427680121527778,2009.513787802548,2020.7248669352484,-753.0483,71.759575,26.84082,33.15359,15.992023,6.697965,-7.1953063,5.3925314,1.0654206,-1.1869261,6.6717105,-0.38076115,-0.16335946
03-01-02-02-02-01-09,calm,3.8038125,0.0014231789391487837,0.08642578125,1984.0084740356278,1922.1960184167795,-683.5331,74.95143,16.085272,31.794493,8.335152,1.5505913,-8.235906,0.9344887,3.5993373,-1.9870136,4.570219,-1.779539,-1.2089872
03-01-02-02-02-02-09,calm,3.637,0.001288929837755859,0.060820997807017545,1456.4425678134228,1436.3989679136293,-736.6548,67.45952,14.941294,20.75033,9.231387,4.362815,-7.8119416,-0.47042936,0.34888768,-5.8723707,2.108346,1.6675663,-3.2036915
03-01-03-01-01-01-09,happy,3.3366875,0.001802010927349329,0.0764555431547619,1870.0377376080344,1790.3545461668434,-675.96234,92.419426,5.977367,24.476261,13.842498,-2.1817808,-7.8658147,-11.23615,-6.147049,-0.78192765,-2.0642045,2.947649,-3.8867383
03-01-03-01-01-02-09,happy,3.536875,0.002925302367657423,0.08630701013513513,2155.652177915701,1940.667961007438,-651.8974,73.850006,-2.7424698,24.500872,10.091737,-3.6967404,-6.1583357,-2.8905225,1.7482839,0.009070735,-3.5284107,1.2305825,1.8560449
03-01-03-01-02-01-09,happy,3.3033125,0.0020464134868234396,0.0797259990985577,1919.524131709652,1640.6127191634696,-691.4655,63.872597,2.6861196,19.86084,11.360117,-1.2347916,-7.5734415,-4.3308773,1.2136899,-5.048911,-1.2559025,0.46876246,-2.0798643
03-01-03-01-02-02-09,happy,3.4701875,0.003387991338968277,0.10867169581422019,2318.8985861469014,1880.244675918171,-634.553,59.43253,-6.8306103,19.908773,5.6845317,-1.9351823,-12.018165,-11.3452835,0.8177182,-3.201112,-7.1206017,3.300067,-3.0854397
03-01-03-02-01-01-09,happy,3.7704375,0.020192665979266167,0.12504551774364406,1927.7709454125572,1733.7854452638521,-464.0358,50.07544,-21.816149,9.924962,-2.3462055,-19.245369,-11.66675,-14.066962,-7.247862,1.2871302,-7.832264,-1.9595053,-0.9292148
03-01-03-02-01-02-09,happy,4.170875,0.016124166548252106,0.11497346135496184,1732.6641795105154,1602.785873599952,-458.48257,74.23992,-24.730867,13.897383,-3.605146,-24.94677,-11.215834,-17.476995,-11.244088,0.65125805,-10.439358,-1.8224865,-2.4357402
03-01-03-02-02-01-09,happy,3.57025,0.022493306547403336,0.11896187918526786,2321.393854062994,1976.1397759417155,-453.36295,33.00445,-16.648249,10.5064,1.1189067,-12.938013,-8.506455,-13.947225,-5.1864705,-3.609008,-6.3889685,1.1406778,-0.13119312
03-01-03-02-02-02-09,happy,3.57025,0.015500197187066078,0.12660435267857142,1970.773007146479,1751.2076612771946,-487.62222,54.347603,-13.062537,11.798514,2.9758656,-9.74764,-12.571963,-16.780914,-6.7785993,-1.7838243,-6.7804513,2.9281633,-2.0831642
03-01-04-01-01-01-09,sad,3.2699375,0.00036625785287469625,0.07260220722087378,2298.7627870641772,2020.3523079097204,-779.79193,66.472336,12.70321,27.717136,14.418487,8.139205,-8.749678,-3.9371562,2.805413,1.3702381,0.7218868,4.0301733,-2.0849879
03-01-04-01-01-02-09,sad,3.43675,0.0003645582473836839,0.06371618200231481,2605.6631194186134,2090.011520983881,-804.82355,50.9757,10.340183,18.895334,9.5812845,3.1908126,-10.591319,-1.5276031,-0.2136033,-0.20591949,0.014474843,1.3999071,-2.2669978
03-01-04-01-02-01-09,sad,3.4034375,0.000591630523558706,0.08436769859813084,2285.846203136516,1825.8208275055715,-778.85034,49.798153,13.448522,18.311996,10.510566,8.717079,-8.40376,-4.45507,0.5120881,-1.1094105,-1.9597247,2.708283,-4.5776844
03-01-04-01-02-02-09,sad,3.4034375,0.0004204625729471445,0.06922641647196262,2391.982875049935,2112.3584185801155,-797.99664,61.03246,22.627333,24.729914,14.175503,11.420586,-6.1697965,-1.8586732,5.5169086,0.85964435,1.7804621,4.1727905,-4.4049997
03-01-04-02-01-01-09,sad,3.9373125,0.0010661722626537085,0.10024335307459678,2091.7796844275585,1887.143151152538,-686.6556,75.9298,5.6944876,28.172813,11.037248,-2.7225876,-12.729453,-8.3889475,-5.982251,0.91447836,-10.339274,2.4079735,-1.5289799
03-01-04-02-01-02-09,sad,3.9039375,0.0010347093921154737,0.1344814613217213,2261.004675144919,1956.9906681524778,-668.5294,65.41401,1.6715372,30.465755,12.835409,-6.2517996,-12.883896,-4.309999,-4.9496737,-2.0347135,-11.099881,-1.9078529,-4.0731673
03-01-04-02-02-01-09,sad,3.637,0.0014136841055005789,0.11659213952850878,2305.4136011040137,1903.1361522693087,-688.1969,63.91162,4.491282,25.481415,10.796787,-2.5611522,-13.876259,-8.087853,-4.3293533,-1.5411463,-14.19969,-0.84665126,-2.7606974
03-01-04-02-02-02-09,sad,3.8705625,0.001435326412320137,0.09902424457644628,2065.2615196859733,1912.2174758776057,-677.653,75.6684,10.033507,32.703568,12.106179,0.6789091,-12.622753,-9.916604,-2.423255,-1.0837506,-14.235836,1.35054,-4.701353
03-01-05-01-01-01-09,angry,3.57025,0.0013851685216650367,0.07955496651785714,2218.384349868569,1852.7089030291609,-697.6368,65.3442,-0.40449435,27.688372,11.616006,-1.8236398,-5.203822,-5.6680145,-0.628881,2.171801,-4.130431,3.4357607,-2.4656985
03-01-05-01-01-02-09,angry,3.57025,0.0020924939308315516,0.07570975167410714,1828.1934448221348,1668.1014416593512,-656.6185,61.46717,-1.3786163,26.042786,13.205348,0.6707452,-6.0657716,-3.657307,1.601819,0.70004034,-2.1457953,4.233047,-1.437028
03-01-05-01-02-01-09,angry,3.7370625,0.005959726870059967,0.11362346420940171,2244.8391375791734,1888.8046709699431,-572.4013,51.821682,-11.807502,22.183142,7.895957,-2.4702756,-4.804515,-13.212944,-2.9982417,2.1314847,-6.03575,3.8890762,1.601981
03-01-05-01-02-02-09,angry,3.536875,0.003990672063082457,0.11559948620495496,2318.472674382257,1924.892016695676,-623.54944,59.139072,-5.184981,25.427055,10.579381,-1.9246881,-5.1677647,-9.661212,-0.48962554,-0.4734116,-6.5519195,4.141524,-0.33138677
03-01-05-02-01-01-09,angry,3.8038125,0.06094430759549141,0.11866465336134453,1928.8853531267284,1788.2026749243719,-345.64297,41.79148,-20.38424,9.531027,-6.0132046,-10.82231,-5.760735,-5.3134427,-3.1545727,2.0336115,-1.2387955,1.020635,-2.3152983
03-01-05-02-01-02-09,angry,3.7704375,0.047449395060539246,0.1507754568326271,2256.082561388323,1767.866106502446,-361.20657,43.953186,-23.136116,9.424725,-7.2788315,-9.265688,-7.986915,-7.3413033,-3.8168,1.6983672,-1.0306427,-1.0503525,-0.87658316
03-01-05-02-02-01-09,angry,4.3710625,0.06451960653066635,0.12654681797445255,2011.7531294363196,1770.0484014862102,-336.55838,39.681805,-19.79788,5.1779613,-9.18513,-12.544415,-10.2114315,-3.190721,-6.9096985,1.480605,-0.6098647,1.066199,-2.5528615
03-01-05-02-02-02-09,angry,3.9706875,0.05933919921517372,0.14078125,2044.450617897187,1778.7958397854143,-336.14172,37.784374,-22.307621,2.8134215,-9.9532795,-6.1349983,-9.961541,-2.6005898,-4.5461726,2.6685376,-1.0074965,0.39848378,-0.8918415
03-01-06-01-01-01-09,fearful,3.169875,0.000517277279868722,0.0778173828125,2337.279584559252,1901.4962405566118,-786.4024,52.38503,8.804213,22.514082,8.687657,3.872096,-4.210833,3.043792,1.7648935,-1.8167624,3.5512953,-0.038973004,-4.053054
03-01-06-01-01-02-09,fearful,3.169875,0.000712331326212734,0.0746435546875,2461.759445294372,2053.5670445257397,-753.74884,52.012867,10.044064,25.222445,8.315037,4.2588124,-6.768724,1.6945099,2.6275272,0.56950015,1.8806586,0.14929163,0.47317886
03-01-06-01-02-01-09,fearful,3.1365,0.0007859264733269811,0.0751016019570707,2146.083592720203,2091.847616640244,-745.5474,57.235836,16.87034,24.440289,12.031903,9.054937,-4.6912646,2.380524,4.2744765,0.6452262,5.5306067,2.424539,-1.4017398
03-01-06-01-02-02-09,fearful,3.1365,0.0007024911465123296,0.07885002367424243,2633.417761355672,2081.1920093787257,-777.7766,49.65803,15.891752,23.07158,5.350033,5.612483,-7.1162734,-3.0018086,0.07387005,-0.19458692,1.525047,-1.3073936,-2.6132505
03-01-06-02-01-01-09,fearful,3.2365625,0.0036973932292312384,0.09978170955882353,1970.8522046579,1835.8501777339836,-569.6997,67.61833,-3.990689,30.536797,7.269674,-12.9134,-3.8626728,-2.5022304,-8.796381,-0.52372855,-7.220638,-4.614928,5.1644707
03-01-06-02-01-02-09,fearful,3.2699375,0.0015314287738874555,0.11555673543689321,2455.8101435862736,2061.2520043271475,-677.7487,50.40418,4.649249,28.707354,8.674153,-2.1785014,-2.281814,1.905373,-3.4974012,-0.052247122,-4.7304344,-6.53784,1.3991717
03-01-06-02-02-01-09,fearful,3.2365625,0.007974975742399693,0.14662798713235295,2312.075728356812,1947.8384645638132,-554.23334,46.944134,-0.76863337,16.314966,2.4002268,-10.151174,-2.8875098,-6.751479,-9.6666975,-1.8237004,-11.226213,-2.5344486,2.475096
03-01-06-02-02-02-09,fearful,3.2365625,0.010444081388413906,0.11343922334558823,1984.8798898014588,1857.3733772669152,-518.38104,55.019775,-3.9117396,16.963196,3.7651858,-10.737582,-4.9755235,-8.973362,-8.049836,0.39796525,-15.286837,-2.8800626,2.0283086
03-01-07-01-01-01-09,disgust,3.4034375,0.0008834887412376702,0.0990435163551402,2125.8330852838335,1774.6430695564973,-705.3314,73.49333,-6.7087345,23.898352,3.081667,-3.7913558,-12.024473,0.2080257,-2.01488,-3.0833337,-2.4791143,-0.0392935,0.84375846
03-01-07-01-01-02-09,disgust,3.5035,0.000879115192219615,0.10672052556818182,2308.677778391776,1873.2633595319544,-709.35156,66.79348,-7.009172,26.131311,1.4309701,-6.4139304,-10.678756,-2.1261468,-1.0278108,-2.8504345,-2.9567685,-0.41902682,-1.2592784
03-01-07-01-02-01-09,disgust,3.470125,0.0009329241001978517,0.08969144208715596,2553.7449033138673,1927.6213457437932,-740.9988,61.119774,7.032361,25.064451,3.4742575,1.5019647,-5.3458066,-2.5268013,-4.805357,0.17764214,-4.117328,2.710653,0.31666356
03-01-07-01-02-02-09,disgust,3.4034375,0.0014011355815455317,0.12923024970794392,2269.8243096595397,1841.5210108158765,-663.73254,63.33749,0.29834434,31.398972,2.2225788,-0.85750186,-18.755455,0.015729701,-0.7067618,-3.55377,-0.82259727,0.4770687,-0.046024505
03-01-07-02-01-01-09,disgust,3.637,0.0015608632238581777,0.0856847930372807,2353.5932893567333,1907.3971453391387,-685.05316,68.56861,-1.6051627,22.289167,-1.924447,-3.584399,-3.6391573,-1.3205413,-7.431783,-5.82512,-4.744366,1.7057722,-7.0804515
03-01-07-02-01-02-09,disgust,3.536875,0.0018138564191758633,0.11475489161036036,2316.6258981166625,1896.246668105257,-639.964,67.13034,-1.1203675,26.369635,-0.55609536,-5.101351,-1.0110697,-2.1039515,-6.7987237,-2.7552114,-5.576586,2.768733,-5.0581446
03-01-07-02-02-01-09,disgust,3.57025,0.002740945667028427,0.13464791434151785,2335.904059785702,1865.7510817180976,-630.8514,63.68118,-5.6294723,25.467497,-0.22006707,-0.681866,-4.985951,-4.810743,-5.455439,-3.320086,-6.0589986,-1.0509528,-4.066664
03-01-07-02-02-02-09,disgust,3.603625,0.002899887040257454,0.11823752074115045,2043.4054794081987,1750.8615918711046,-617.2821,76.90006,-11.312605,22.823164,0.48114562,-5.4826694,-2.660691,-7.226158,-3.6460915,-0.82845527,-7.8346086,-1.0960925,0.8282001
03-01-08-01-01-01-09,surprised,3.06975,0.0009303812403231859,0.059560139973958336,1956.0036339888345,2053.899281109058,-737.3625,73.21749,14.311634,25.470947,12.915806,6.378246,-0.68545556,4.8036494,2.7895544,-0.15104891,4.6102715,3.0929902,3.2361042
03-01-08-01-01-02-09,surprised,3.3366875,0.000978129799477756,0.05914713541666667,1682.6019381196854,1512.4159858596317,-747.2869,66.55268,5.139142,24.170507,4.9111853,-1.4243622,-4.5405293,1.9031596,-0.8751792,-4.251329,0.34682932,-1.0180384,0.11734116
03-01-08-01-02-01-09,surprised,3.4368125,0.0014551033964380622,0.0891429759837963,2064.3702928983134,1948.0029368540866,-705.0684,74.61122,12.612996,29.650412,9.261726,5.4602256,-2.2717772,3.4323468,1.5846045,-2.8484595,2.966883,1.5570344,2.0879538
03-01-08-01-02-02-09,surprised,3.43675,0.0013663332210853696,0.07313820167824074,2268.753264124138,1780.3555146164522,-730.89703,67.45207,3.9430516,21.514221,3.4902027,-1.5899001,-7.5123453,-5.0136805,-3.3009074,-4.587364,-2.9318182,0.31791073,-0.34111008
03-01-08-02-01-01-09,surprised,3.3033125,0.002804499352350831,0.08261812650240384,2329.2276873616242,2018.5438489037779,-630.33856,51.148117,2.6259313,18.25638,-0.12195389,-4.400764,-3.8011537,-1.858426,-3.914995,-5.215022,-2.2865534,-3.291063,-2.4921012
03-01-08-02-01-02-09,surprised,3.2699375,0.0019142174860462546,0.07631409283980582,1973.5345172918228,1984.3198693768986,-685.06934,73.60908,11.735221,30.119955,6.873464,-0.24211743,-3.5541587,5.038291,-0.23978464,-0.17852801,2.557792,1.2340095,3.24562
03-01-08-02-02-01-09,surprised,3.4034375,0.0017786790849640965,0.08688211886682243,1999.4843509839898,1729.4332058905927,-711.63416,62.536854,12.184971,20.97311,5.5088387,1.644923,-5.5098653,-0.059850734,-6.459953,-3.7851489,-2.4944386,-2.9094195,-0.42792237
03-01-08-02-02-02-09,surprised,3.43675,0.002019713167101145,0.0930447048611111,2491.858120816439,1924.7712880488998,-700.41284,61.8894,6.9788857,25.15907,2.8549664,-0.2486869,-4.005545,-1.776951,-3.4208515,-4.767217,-2.2855062,-1.9369226,0.34717712
03-01-01-01-01-01-10,neutral,3.536875,0.009862181730568409,0.1153443482545045,2080.0299714569196,1977.9533235827316,-558.48926,46.874054,-3.4126678,7.0030384,0.376475,-6.9061203,-9.711812,-6.173148,-1.5480382,-6.9856906,-2.811636,-1.3371156,-4.0147777
03-01-01-01-01-02-10,neutral,3.8371875,0.007952329702675343,0.19403889973958333,2296.140207587167,1818.420623026764,-535.2946,51.853775,0.139434,9.1154,-8.051917,-9.763977,-15.555858,-8.434864,-0.7155983,-5.5515285,-3.389668,0.08278357,-5.594156
03-01-01-01-02-01-10,neutral,3.7370625,0.011856797151267529,0.13802083333333334,2036.8742738972842,1814.3998076489484,-533.1733,48.022724,-6.1535883,7.5747867,-2.6524553,-10.948751,-18.677551,-11.340539,1.8453271,-7.7991385,-4.0845895,-1.8795493,-1.9677404
03-01-01-01-02-02-10,neutral,3.670375,0.008060736581683159,0.14578379755434784,2208.4202071707778,2004.796239026012,-586.9373,48.32501,9.369278,13.106787,1.0385739,-2.2398899,-10.574936,-5.980205,-0.26810843,-4.9271307,-4.075171,0.20508896,-1.4039953
03-01-02-01-01-01-10,calm,3.57025,0.00825317669659853,0.21415056501116073,2365.33763236584,1745.073126091159,-517.4957,48.942234,-9.1378,18.057774,-14.770652,-4.825103,-20.545094,-12.593712,-7.600563,5.885499,-7.2235208,0.090174064,3.636762
03-01-02-01-01-02-10,calm,3.603625,0.007649434730410576,0.16051057798672566,2253.9744090357362,1885.5589447978034,-559.6493,51.169857,-5.202375,13.943643,-3.411514,-2.9289956,-13.20442,-3.651663,-0.5776355,-4.8921742,-3.6069806,0.9330388,-1.8160204
03-01-02-01-02-01-10,calm,3.637,0.010376684367656708,0.23754454495614036,2483.365337901161,1798.5292468134003,-524.5683,39.477356,-5.1478367,13.171206,-12.558605,-2.749189,-18.66748,-12.973156,-2.45962,-5.384231,-6.6530733,-0.90570223,-4.6354713
03-01-02-01-02-02-10,calm,3.70375,0.011079422198235989,0.20014059132543102,2309.134607318998,1792.1683870477957,-528.6981,46.91824,-3.7955651,11.897674,-11.026134,-9.171209,-15.476164,-10.991082,-0.3227767,-7.4197497,-4.880599,-1.4173484,-4.440441
03-01-02-02-01-01-10,calm,3.7370625,0.008319967426359653,0.15259415064102563,2050.76704205317,1776.2473592147849,-544.5167,51.515385,-11.549658,12.425406,-2.2635932,-9.898422,-22.506659,-9.9238205,0.09349609,-2.216745,-4.143802,2.7554524,0.41782925
03-01-02-02-01-02-10,calm,3.7370625,0.010676558129489422,0.13078425480769232,1969.7409868500947,1776.6734874719493,-545.6499,53.856915,-8.712149,4.9283447,-2.3116703,-7.557059,-20.38115,-11.917165,-0.043057036,0.7831558,-3.4271991,-2.5118716,0.023987804
03-01-02-02-02-01-10,calm,3.8038125,0.009667529724538326,0.14869189863445378,2056.244376026412,1786.8253447751845,-557.81165,52.1735,-4.0491676,14.726996,-6.890381,-4.312834,-15.778801,-9.886342,-0.9693319,-5.3933263,-6.728955,-0.7021169,-0.6098651
03-01-02-02-02-02-10,calm,3.8371875,0.006236069370061159,0.11284993489583334,2074.6618647165405,1957.0371032053663,-597.88153,58.135086,3.4003866,12.473537,1.2896426,-0.11952563,-10.843646,-4.6439505,-2.1700923,-3.6196182,-6.8857183,-2.0853536,0.7265433
03-01-03-01-01-01-10,happy,3.5035,0.01609467901289463,0.11453746448863636,2217.983538869244,1956.6145982023877,-491.66074,40.497475,-16.948425,9.21986,-5.4537663,-5.644398,-12.773782,-11.604363,-1.2127078,-6.168093,-4.2151723,-3.7960758,-4.7075777
03-01-03-01-01-02-10,happy,3.470125,0.017774559557437897,0.1301963876146789,2073.294755346005,1845.4873771645298,-484.45724,40.718983,-13.789413,8.356514,-6.3193464,-9.042234,-15.322814,-13.459374,-0.2999015,-8.837255,-6.8986096,-2.4109068,-6.9253197
03-01-03-01-02-01-10,happy,3.3033125,0.016154633834958076,0.16743821364182693,2441.2511381867234,1789.3584168605046,-501.13275,33.57939,-22.18756,10.2825,-9.076815,-11.561303,-22.169302,-9.996965,0.52014935,-12.413845,-4.706747,-1.4741815,-6.5094705
03-01-03-01-02-02-10,happy,3.3366875,0.017711281776428223,0.17405598958333332,2277.9178262782066,1874.407941658866,-498.81824,46.678185,-13.404973,8.220088,-13.750826,-10.67436,-19.29323,-15.325624,1.7173636,-11.442395,-4.4821506,-2.080168,-7.2222524
03-01-03-02-01-01-10,happy,3.8371875,0.06254513561725616,0.21768798828125,2413.7797857401397,1709.0800236330363,-358.14996,28.101961,-34.94446,5.849382,-18.583117,-17.679216,-17.793892,-24.286524,-0.08704052,-14.384351,-11.293411,-2.115604,-9.437909
03-01-03-02-01-02-10,happy,3.5035,0.05677779018878937,0.161181640625,2313.263185670802,1838.55519610337,-379.0342,25.564571,-29.86314,6.597069,-11.420351,-16.614874,-17.897884,-20.268814,-0.9490318,-11.566801,-12.136768,0.99370515,-2.1076677
03-01-03-02-02-01-10,happy,3.7370625,0.07362315058708191,0.24725393963675213,2642.3211965678875,1879.8463178641848,-341.6062,15.6274,-25.809507,2.185353,-15.157163,-14.271489,-16.127035,-20.365742,-5.0821247,-11.535552,-13.542782,2.665543,2.9603586
03-01-03-02-02-02-10,happy,3.9706875,0.06293775886297226,0.19228515625,2550.973592026553,1958.5650811743735,-351.60165,19.30315,-34.13791,6.6403866,-14.66944,-15.578252,-15.608276,-23.105875,-1.4852495,-13.044251,-10.561049,0.3040668,-3.3208065
03-01-04-01-01-01-10,sad,3.3033125,0.005202189087867737,0.1277137169471154,2138.843901991083,1887.712403536016,-618.94556,55.296246,0.626265,19.798845,-2.2640035,0.61513305,-10.633966,-7.606572,0.5600094,-5.0958967,-4.703568,2.2324617,-0.51208174
03-01-04-01-01-02-10,sad,3.470125,0.004341699182987213,0.1497634747706422,2138.7741120030623,1919.4280190563147,-586.4672,58.925835,-1.3631568,11.775448,-2.0981328,-2.3043249,-16.785019,-9.586013,4.320003,-2.6777258,-5.398491,1.4288043,2.217452
03-01-04-01-02-01-10,sad,3.536875,0.0055929855443537235,0.13206908079954954,2033.7844405108513,1876.4472149861047,-604.7638,64.41201,8.365539,17.335567,-1.6909181,-2.8699884,-15.951077,-9.752665,0.654667,-8.480527,-1.8390694,2.691034,-1.6402056
03-01-04-01-02-02-10,sad,3.8038125,0.004575954284518957,0.13837234112394958,2167.045077485085,1942.2052238894612,-606.38086,68.68026,8.676442,8.465024,-0.34414783,-1.469046,-16.052696,-5.240356,1.7018028,-8.344032,-2.1810265,0.51578104,-1.795246
03-01-04-02-01-01-10,sad,3.5035,0.01311569195240736,0.13492986505681817,2115.0182478635265,1836.2445186082336,-504.84378,51.267155,-11.448493,21.968159,-5.679511,-7.4913487,-16.794071,-12.128446,-0.09301129,-9.238611,-2.879441,1.4371216,-3.9121776
03-01-04-02-01-02-10,sad,3.57025,0.007349501829594374,0.15293666294642858,2091.0932210343617,1764.057996161286,-530.79315,54.446705,-14.635622,22.65421,-4.2886834,-11.029168,-26.605743,-14.131843,4.594429,-6.6719933,-1.9799632,2.0001066,-0.66219366
03-01-04-02-02-01-10,sad,3.670375,0.005122095812112093,0.15332455842391304,2213.0733883683247,1931.766703611386,-592.44885,56.99415,13.448984,17.250025,0.45592487,-3.6205032,-18.273031,-7.0169945,0.62253267,-8.39074,-0.98043936,1.9331214,-0.13149843
03-01-04-02-02-02-10,sad,3.57025,0.007112716790288687,0.15989031110491073,2220.0030049150223,1905.0253375486313,-572.53143,49.219097,5.400212,17.627184,-2.106346,0.37856108,-18.003216,-8.728008,-2.931458,-10.486806,-2.093774,-2.7876985,-3.7517679
03-01-05-01-01-01-10,angry,3.9039375,0.009453047066926956,0.20274077868852458,2218.6617264948954,1677.1629819657637,-500.04028,59.567562,-12.0468235,12.801353,-12.887165,-7.6813498,-23.37487,-13.106926,-2.5274756,-4.6636415,-3.9923353,4.2710395,-2.6744175
03-01-05-01-01-02-10,angry,4.004,0.018203334882855415,0.18531436011904762,2262.4904165950834,1667.8250224246342,-456.12692,49.590363,-20.604397,9.8607435,-14.526598,-4.756582,-17.084785,-11.724244,-2.4899828,-3.8798306,-6.628103,-0.9832227,-3.9652832
03-01-05-01-02-01-10,angry,4.104125,0.01476517878472805,0.14272953003875968,2056.6652786227714,1766.07802624623,-489.89703,54.693798,-12.111748,4.08847,-5.821063,-6.6164455,-20.119108,-10.656475,-0.9787775,-7.087328,0.028664937,-0.29476994,-5.927293
03-01-05-01-02-02-10,angry,4.1375,0.015443381853401661,0.19530874399038461,2247.189385977047,1707.6490656600263,-490.10703,55.700428,-14.171992,10.17259,-10.697248,-3.5417433,-23.813103,-6.396827,-1.6435103,-6.5844874,-0.51719046,-3.0151942,-2.0607488
03-01-05-02-01-01-10,angry,4.170875,0.05224372074007988,0.15647736760496184,2062.649746666661,1684.256062872128,-337.72324,30.912178,-20.852919,5.4300585,-17.972288,-7.9620223,-15.157951,-10.752966,-4.661355,-8.538656,-6.137179,-4.3552704,-6.7619405
03-01-05-02-01-02-10,angry,4.471125,0.06021422520279884,0.1430943080357143,1930.3507169452346,1645.438756789139,-357.5052,34.38291,-26.556955,-3.8446023,-18.141308,-8.807964,-12.169205,-16.049616,-7.8826547,-6.9088063,-9.804075,-8.628327,-5.6656675
03-01-05-02-02-01-10,angry,3.8705625,0.05777642875909805,0.22234149018595042,2440.6102704464183,1810.6946526556555,-379.7742,31.689602,-16.645262,-3.0248137,-16.745342,-9.232633,-13.079975,-15.818898,-7.942862,-6.7698545,-8.518421,-6.173111,-2.3364313
03-01-05-02-02-02-10,angry,4.1375,0.05929603427648544,0.18757887620192307,2495.5444570830423,1907.2684851899355,-373.69928,25.01707,-19.928415,-3.3894775,-19.423435,-8.95622,-15.103895,-14.02963,-8.161057,-7.7863207,-7.429994,-6.8405957,-4.8563776
03-01-06-01-01-01-10,fearful,3.4034375,0.010630687698721886,0.15177332797897197,2042.9258507745674,1768.765825305214,-523.8563,48.62812,-13.1047,10.788253,-1.4410805,-10.197347,-24.592634,-12.665546,6.7253385,-4.7083383,-3.2010455,3.7752783,-0.8843264
03-01-06-01-01-02-10,fearful,3.3033125,0.0053110080771148205,0.13297682542067307,2165.0085787152416,2009.3832977933416,-595.7066,51.29561,0.7196422,9.099719,0.71942,0.16633804,-14.842306,-3.5076146,5.9298916,-3.324187,-0.12722427,0.73854107,2.611399
03-01-06-01-02-01-10,fearful,3.536875,0.007910831831395626,0.1363184473536036,2085.3979541791987,1914.052020821025,-580.79755,49.6931,0.4962454,7.812964,-0.45014334,-5.862586,-19.47439,-11.853127,4.535335,-4.3106003,-4.119834,-0.6040523,-1.7082357
03-01-06-01-02-02-10,fearful,3.4368125,0.007525643799453974,0.12062355324074074,2143.3398637283703,1994.1172662437457,-577.11945,47.95344,3.0847812,10.089854,0.17682588,-1.3582075,-13.98011,-4.3117633,4.6401067,-6.3834248,-3.91913,0.6876638,-1.1874341
03-01-06-02-01-01-10,fearful,3.5035,0.024950886145234108,0.17788529829545455,2384.751026287375,1868.911301795569,-424.8881,31.551556,-21.72058,5.8790092,-13.820413,-14.5122385,-18.155514,-14.805446,-0.57703966,-9.949181,-8.775417,0.18576501,-8.8200655
03-01-06-02-01-02-10,fearful,3.70375,0.022091740742325783,0.16367103313577586,2341.834152418876,1917.843265867639,-453.28522,30.597559,-25.01919,8.158526,-12.937116,-12.174966,-17.387444,-15.449623,1.1663561,-7.7875376,-9.319169,0.83980125,-7.552955
03-01-06-02-02-01-10,fearful,3.8038125,0.027023909613490105,0.15838776917016806,2182.154004237074,1807.9559165371488,-433.9805,30.052483,-17.196304,4.712111,-12.267956,-12.09595,-18.020061,-16.609724,-2.0052326,-8.949616,-11.259668,0.566558,-7.441108
03-01-06-02-02-02-10,fearful,3.8705625,0.013584490865468979,0.12845832257231404,2117.8462422204707,1879.2353135037692,-523.2215,43.53371,-10.779801,7.8674436,-11.592633,-7.5521064,-17.806616,-12.296772,-1.7105885,-9.854341,-4.439855,-0.65052,-4.903113
03-01-07-01-01-01-10,disgust,3.70375,0.0061856722459197044,0.1492456896551724,2152.6957976286117,1850.988881814378,-586.51636,59.284683,-5.631204,14.605522,-4.897949,0.5611593,-14.872248,-7.850532,2.464285,-6.5683885,-0.58193946,1.7230662,-4.208116
03-01-07-01-01-02-10,disgust,4.2041875,0.006767540704458952,0.12616521661931818,1977.2920869760278,1746.5240421211051,-571.8589,67.73592,-11.57371,12.644675,-1.2601033,-3.9371412,-22.381393,-3.7404375,6.4771996,-10.354576,0.62984705,1.2677879,-1.9326142
03-01-07-01-02-01-10,disgust,3.8705625,0.005861133802682161,0.14359504132231404,2094.441110493003,1774.1980303638798,-567.7449,62.783257,-2.2457802,8.179908,-1.0394379,-2.9768279,-15.54129,-6.8788705,6.1185226,-4.899309,0.41315734,-1.0266521,-1.3264579
03-01-07-01-02-02-10,disgust,4.2709375,0.008880028501152992,0.18670563199626866,2406.5035484216564,1809.9749355485692,-514.80383,46.36397,-16.326992,8.466857,-5.6706433,-4.1962333,-20.276743,-0.5571219,6.6487513,-13.393864,2.7342806,-3.5710456,1.4406368
03-01-07-02-01-01-10,disgust,4.671375,0.020482445135712624,0.1599656196489726,2172.864924594346,1695.1696916730314,-440.12296,47.382137,-24.536663,7.5196033,-11.0545025,-9.851148,-23.083784,-11.287442,-1.2160748,-13.622159,-5.447613,-5.322493,-1.7228321
03-01-07-02-01-02-10,disgust,4.537875,0.025045938789844513,0.16933387433978872,2136.837784430236,1637.3791866711533,-427.27612,43.00313,-28.387913,8.931917,-13.886554,-12.314648,-23.702429,-11.91835,-0.016039995,-14.89499,-2.6051068,-3.8518565,-7.5647283
03-01-07-02-02-01-10,disgust,4.2041875,0.020206747576594353,0.16094045928030304,2208.9754024053577,1748.4881453389623,-473.31982,45.208565,-24.033743,5.1116266,-9.997114,-8.212154,-25.036366,-9.463961,1.340353,-15.32473,-0.16077425,-8.533656,-3.7357237
03-01-07-02-02-02-10,disgust,4.8715625,0.027586113661527634,0.16612413194444445,2114.2167539839375,1653.3144772487346,-436.54385,43.689754,-26.900978,-3.3048878,-13.560997,-12.348879,-20.24762,-17.420408,1.9111893,-12.981838,-7.182565,-3.8486025,-6.884772
03-01-08-01-01-01-10,surprised,3.2365625,0.010018602013587952,0.13750861672794118,2231.466935905494,1999.7843615276752,-536.76825,40.17647,-1.9779558,10.629461,-4.242583,-6.1712623,-10.8820505,-2.5253594,0.31475773,-8.406233,-2.525772,-4.065066,-1.6689986
03-01-08-01-01-02-10,surprised,3.4034375,0.009191763587296009,0.1464113609813084,2167.8347120342078,1868.0976613372784,-552.3073,53.25239,1.4303125,8.998643,-1.928098,-3.9007316,-11.9059305,-7.270176,1.8095882,-3.4189568,-3.2918289,1.328266,-1.8448994
03-01-08-01-02-01-10,surprised,3.5035,0.020035648718476295,0.12737482244318182,2204.6778939752503,2012.0404034519595,-475.8414,39.93684,-6.0676622,1.0633523,-6.79075,-7.440091,-11.416635,-8.383766,-1.1145618,-10.894572,-7.0777655,-3.325761,-7.107737
03-01-08-01-02-02-10,surprised,3.470125,0.010496661067008972,0.13019190797018348,2167.7486467372814,1935.4899346749453,-558.2648,56.793663,4.5543685,8.62213,-4.278637,-8.094121,-10.459447,-4.5877066,-0.28828874,-9.03411,-3.1765285,-0.68574136,-6.033236
03-01-08-02-01-01-10,surprised,3.5035,0.02258061245083809,0.14909889914772728,2100.421967759629,1846.0632826162537,-466.4698,41.040386,-13.312118,3.909157,-7.0196,-6.552992,-12.69961,-13.8181095,-2.3154855,-5.87034,-7.0408454,-0.95617974,-6.159852
03-01-08-02-01-02-10,surprised,3.4034375,0.026112809777259827,0.1500164281542056,2222.081978334614,1920.775405842369,-460.99826,31.225943,-14.319646,2.8897455,-12.104573,-10.688082,-14.007956,-8.829641,-4.6480093,-10.53503,-6.918498,-3.382327,-7.0237055
03-01-08-02-02-01-10,surprised,3.637,0.034743160009384155,0.13011838678728072,2153.632510485366,1958.4340276996998,-433.87546,33.11749,-11.552771,-3.1509945,-6.4122534,-10.142762,-8.779301,-12.660699,-3.1474752,-10.566268,-10.303788,-5.8550887,-7.775108
03-01-08-02-02-02-10,surprised,3.5035,0.028530579060316086,0.139208984375,2099.2288202411573,1888.711432089227,-417.141,37.222816,-10.572914,-1.2104343,-8.232791,-9.59188,-12.515397,-12.174667,-1.1697972,-8.144898,-9.057469,-3.8252835,-6.6390457
03-01-01-01-01-01-11,neutral,3.1365,0.001827186206355691,0.06444326073232323,2062.540132859695,2097.994872529173,-713.15,61.634888,21.69507,20.849443,6.918356,8.276476,2.9739454,0.8407585,-0.46303716,4.7247014,2.1017058,0.39667258,2.800316
03-01-01-01-01-02-11,neutral,3.103125,0.002572618192061782,0.0686463031572165,2051.057877361593,2095.9342558127455,-686.26654,63.687344,18.820574,18.182194,6.695839,8.485631,3.331015,-1.7832764,-0.887873,4.4412875,0.39368957,-1.0005516,2.545159
03-01-01-01-02-01-11,neutral,3.20325,0.002195663284510374,0.07152595142326733,2118.6791106261408,2088.388260876866,-685.63696,56.559807,21.440947,20.455795,5.786099,6.829503,1.1993243,-1.759392,-0.5647497,3.7439647,-1.4586201,0.2520927,-0.05103187
03-01-01-01-02-02-11,neutral,3.169875,0.002276080194860697,0.068681640625,1863.9559801057474,2042.2120603521855,-684.6071,66.38061,26.615877,25.076828,9.572114,8.546317,1.8001158,-0.25770056,1.1803879,7.655634,-0.80432475,0.3072775,0.57581663
03-01-02-01-01-01-11,calm,3.2699375,0.0011182435555383563,0.06103515625,2083.235140093805,2173.2382630624134,-713.8097,59.206757,22.627445,23.758863,12.566026,12.569508,4.7033625,1.4249272,3.217772,8.236173,0.30571294,-0.8788879,3.185479
03-01-02-01-01-02-11,calm,3.3366875,0.0013676349772140384,0.05522693452380952,1897.1518100885303,2095.1427667242137,-695.9203,68.59724,22.867336,26.667511,14.438406,11.832728,1.7849581,1.541034,1.2010504,7.167667,-0.27049726,-0.16701323,1.2252423
03-01-02-01-02-01-11,calm,3.3366875,0.0019472275162115693,0.08109654017857143,2235.4446956886623,2073.742968636039,-693.9612,60.930088,24.368263,20.941841,7.513354,9.716222,-3.0378141,0.030447805,0.49834287,6.9401493,-0.44058046,-0.34030917,-0.5421357
03-01-02-01-02-02-11,calm,3.670375,0.001345919445157051,0.08020550271739131,2169.1055277107093,2117.230133743521,-698.15436,58.46151,24.540289,20.531424,14.084894,9.674512,2.7252307,1.1621279,-0.08900871,10.75201,1.6101439,-1.227591,-0.8781122
03-01-02-02-01-01-11,calm,3.8371875,0.0010371423559263349,0.0863037109375,2097.926998297194,2063.6303580304493,-704.6575,65.610214,19.401985,22.685225,13.221663,8.273776,4.0445166,1.5738795,1.7598567,10.143845,1.653742,-1.0947902,2.193831
03-01-02-02-01-02-11,calm,3.737125,0.0009618903859518468,0.09147552751068376,2261.9874476176,2179.0827133000753,-720.09485,50.317608,19.095675,24.267504,12.149275,10.4162,4.064886,3.848134,-1.3470836,8.430485,-1.3736587,-0.23208283,1.4048485
03-01-02-02-02-01-11,calm,3.7704375,0.0012734951451420784,0.0659965903072034,2068.9492511614308,2162.7098957381804,-700.1275,58.017754,22.407282,22.72245,12.471671,8.793523,3.5352912,1.9183717,1.178903,8.80468,1.2547042,-0.37786606,1.5894296
03-01-02-02-02-02-11,calm,3.8371875,0.0014651570236310363,0.07541910807291667,1997.186527932819,2045.1300483614225,-700.927,61.119793,20.60732,22.044168,10.788883,9.535319,2.150364,0.9831915,-0.03698438,11.610793,2.145335,0.6589924,-0.172148
03-01-03-01-01-01-11,happy,3.103125,0.003524664556607604,0.06141772712628866,1982.9540911024428,2057.1650610199017,-654.4467,56.016396,9.912502,14.83224,6.044382,4.362138,-4.3656573,-2.2003384,-4.37552,4.2432275,0.6309724,-1.396674,2.6373637
03-01-03-01-01-02-11,happy,3.20325,0.003613304579630494,0.0640180228960396,2039.5558748981807,2107.6692483786387,-651.1455,58.861423,12.597708,12.559963,8.603721,3.9938533,-0.73912364,-1.3942673,-2.0169947,5.3506293,-0.5131584,-0.1595306,0.5428193
03-01-03-01-02-01-11,happy,3.169875,0.0036471497733145952,0.0709716796875,2142.429535900471,2133.2140684121055,-651.984,52.48929,14.468995,12.023479,9.1717415,3.009355,-2.5113783,-2.624751,-3.1074462,5.0041256,0.0059509086,2.2624412,0.2381373
03-01-03-01-02-02-11,happy,3.236625,0.004215048626065254,0.08044672947303921,2176.2080723429385,2113.1931174025895,-641.57404,52.921513,15.106357,14.419704,5.133202,3.4972148,-1.4725622,-1.5257535,-4.7468224,3.263782,-0.57108,-2.0709853,0.12975614
03-01-03-02-01-01-11,happy,4.037375,0.016252726316452026,0.07736758735236221,1927.5627986341808,1919.205314511138,-479.31006,47.59046,2.8359985,5.3749433,-1.3876109,1.2873845,-2.1624792,-5.806487,-9.301905,3.5681083,-1.9519378,0.22988847,-3.0938823
03-01-03-02-01-02-11,happy,3.637,0.01736733876168728,0.0788916872258772,1770.6445698740245,1911.757372048688,-473.87756,40.742302,0.32751036,8.265884,-1.7551781,-0.085830934,-0.8065041,-3.373771,-5.312382,3.3479524,-0.9438347,0.3139761,-1.1338068
03-01-03-02-02-01-11,happy,3.8705625,0.017258940264582634,0.1229621319731405,2167.170775749681,1907.1114344836135,-492.17484,42.323124,-4.748287,2.3382032,-5.6995964,-1.4169567,-5.437197,-9.131187,-11.401088,-1.4557782,-4.570266,-1.8150381,-6.7255445
03-01-03-02-02-02-11,happy,3.5035,0.014114338904619217,0.0888760653409091,2025.4499129594062,2039.117595955253,-511.57523,42.089806,3.3089118,3.2429588,-2.230996,-1.42438,-5.8201838,-4.0417047,-10.095311,-0.10710286,-2.792645,-2.1733453,-4.559425
03-01-04-01-01-01-11,sad,3.3366875,0.0018813461065292358,0.07729724702380952,2120.6088369812755,2195.0749337730626,-686.4398,54.82076,17.03212,21.88365,10.428874,6.9432607,4.622824,0.111713536,-0.03515665,7.3705688,-0.7547909,0.43620902,-1.1475477
03-01-04-01-01-02-11,sad,3.603625,0.0016948070842772722,0.07827191648230089,2002.1004942712818,2054.941219378563,-688.9851,61.58946,24.316824,25.734173,9.863096,8.770564,4.2706385,-0.06201414,-2.9123147,7.467852,2.427067,0.6497882,0.71042514
03-01-04-01-02-01-11,sad,3.536875,0.002077556913718581,0.09645094313063063,2233.063215146036,2084.1429630660655,-684.7109,56.243362,24.001413,18.08637,4.987273,7.426141,0.8991364,0.735377,-4.723407,5.0374336,-2.1481051,-2.3912213,-2.930522
03-01-04-01-02-02-11,sad,3.4368125,0.002421232173219323,0.08516438802083333,2229.752359171039,2131.6418999356733,-689.6503,58.31288,23.013344,18.593521,7.981409,8.876478,3.132355,-1.0449954,-1.4347253,4.8930287,-0.93881315,-0.9712062,-1.1187092
03-01-04-02-01-01-11,sad,3.3366875,0.006051397882401943,0.07691592261904762,2247.963767679334,2110.2802623093094,-593.1319,46.891212,6.3644776,7.0193954,0.87949675,2.0637274,-4.299669,-3.255583,-7.9956245,0.815276,-2.2050428,-0.35947314,-1.3184693
03-01-04-02-01-02-11,sad,3.603625,0.009500689804553986,0.07262859513274336,1782.685370161146,1921.3469502388311,-530.37085,56.6471,4.5055776,11.721485,1.0616344,-1.554012,-6.0621223,-6.2727637,-9.129699,0.48443815,-3.8662937,-0.7916726,-4.209809
03-01-04-02-02-01-11,sad,3.3700625,0.009069936349987984,0.10443691037735849,2203.9815980062967,1966.4200285844759,-565.8401,44.29122,5.532737,7.886156,-4.956019,1.160748,-6.7325053,-9.395455,-9.639849,-2.6328263,-1.5097058,-3.8673923,-2.0585897
03-01-04-02-02-02-11,sad,3.3366875,0.008692869916558266,0.12505115327380953,2157.2936747756,1977.679347612683,-527.70776,41.17691,8.560572,9.098816,-2.6988828,2.511209,-7.9825225,-7.4116163,-11.697922,-0.88253695,-3.537112,-4.1727953,-2.6200318
03-01-05-01-01-01-11,angry,3.603625,0.008936125785112381,0.08242014657079647,2030.9249003940965,2056.1130643830074,-529.7126,44.796,4.996902,8.624085,-1.9469522,2.112758,-0.61468476,-3.7464395,-4.7104855,3.1345043,-2.5258255,-0.82508034,-0.4428171
03-01-05-01-01-02-11,angry,3.4701875,0.005732746794819832,0.08211636324541284,2223.4404876678977,2108.3854628659647,-573.43414,48.14494,14.190564,9.895791,1.9032893,4.0391073,-0.40184844,-3.3629742,-4.7793183,4.440842,-2.5168865,1.4253284,-1.786169
03-01-05-01-02-01-11,angry,3.470125,0.011919033713638783,0.08487582425458716,2082.470329081237,2075.4873099761003,-524.2174,41.717384,3.545583,4.585116,-3.073668,2.857739,-3.9658322,-5.0815663,-8.113886,2.3830614,-4.053527,-0.87315804,-1.8248048
03-01-05-01-02-02-11,angry,3.737125,0.011001854203641415,0.09962606837606838,2147.6389370937136,1985.97385262136,-524.4761,45.56888,7.2128553,5.5801983,-2.038871,2.937763,-6.1172132,-4.2378993,-9.324736,3.0558312,-5.4089675,-0.6700237,-2.6248436
03-01-05-02-01-01-11,angry,3.536875,0.0235449131578207,0.07572318412162163,2174.5901846315332,2111.255030584691,-435.5689,32.00549,0.5562138,4.397166,-7.5486097,-1.7400345,-1.2937903,-2.788615,-9.217413,1.1745017,-2.4899218,-1.5290284,-2.3992312
03-01-05-02-01-02-11,angry,3.970625,0.05263160541653633,0.1035390625,2152.5997469015692,2013.7939333188037,-362.90863,24.781445,-5.4738555,-0.86653024,-12.942108,-3.0475805,-4.5603647,-4.8078284,-12.017148,0.95919114,-4.09755,-1.655991,-1.8205072
03-01-05-02-02-01-11,angry,3.9373125,0.04851691797375679,0.11004441784274194,1851.0952094487036,1843.1423893476954,-358.06815,35.52485,-1.3519902,5.5348883,-13.849623,-2.1879478,-0.7396559,-4.049748,-10.439023,1.4892709,-4.3125086,-0.3989884,-2.228277
03-01-05-02-02-02-11,angry,3.7704375,0.061396896839141846,0.1424746755826271,2252.1966122779445,2006.0647676770163,-342.3264,19.599405,-8.314477,-3.0204854,-15.274783,-0.81015295,-4.8955626,-4.638601,-13.067565,1.1909642,-5.519888,-3.5608277,-2.9863076
03-01-06-01-01-01-11,fearful,3.470125,0.0032925917766988277,0.08857601060779817,2138.4382615491454,2150.463989106967,-637.21387,56.434387,15.529901,14.366761,5.2708335,7.481136,2.3681672,-0.58099437,-2.72241,7.6108565,0.190594,1.9666924,-1.6707323
03-01-06-01-01-02-11,fearful,3.5035,0.0047820876352488995,0.0806241122159091,2123.764553628617,2117.160757475202,-606.90765,54.785698,14.159909,10.499489,2.2040448,5.9748907,2.5703552,-2.0709581,-5.612763,3.5522966,-0.31789252,0.34263667,-1.9009343
03-01-06-01-02-01-11,fearful,3.169875,0.006172806024551392,0.098828125,2154.8062036964147,2060.2631181082506,-600.55084,53.174023,8.889909,12.292284,3.427999,5.6502595,-7.532808,-8.314651,-5.0931635,1.632432,-2.5628707,-0.95782715,-2.2900562
03-01-06-01-02-02-11,fearful,3.20325,0.006041379179805517,0.08426477413366337,2095.0921172897383,2053.9892649859003,-597.442,52.851234,8.71081,10.481212,2.5365727,4.838289,-4.6840587,-4.971119,-4.2116427,1.7679088,-2.0331933,-1.7087748,-0.1147867
03-01-06-02-01-01-11,fearful,3.20325,0.020503589883446693,0.11541325030940594,2119.4861002395965,1970.6606175000713,-471.7885,37.016277,-6.2774763,6.8034277,-5.4047465,-1.210219,-4.567914,-10.21979,-9.449075,1.8339136,-1.508814,-1.4407927,-4.7549047
03-01-06-02-01-02-11,fearful,3.20325,0.024722328409552574,0.12520788211633663,2156.724911532386,2017.909837376725,-444.13843,32.428192,-5.6958365,6.3784957,-2.607197,-0.951919,-2.7077951,-6.747771,-5.9223924,2.0105786,-4.684156,-3.524249,-2.2131202
03-01-06-02-02-01-11,fearful,3.06975,0.027415836229920387,0.12033589680989583,2163.561556582798,1957.172291973938,-430.15073,28.515081,-10.031019,3.5822964,-7.532062,-2.4307544,-7.285259,-12.014553,-9.065675,0.280159,-3.3597748,-4.5528793,-4.637469
03-01-06-02-02-02-11,fearful,3.1365,0.030103899538517,0.1388247711489899,2289.8115564270574,1977.397996159198,-417.90347,28.124924,-7.4928927,-2.166822,-5.4207697,0.32607594,-6.8332853,-8.768405,-9.640854,1.5831188,-3.2590647,-2.7815228,-3.8402436
03-01-07-01-01-01-11,disgust,3.670375,0.004198033362627029,0.08963569972826087,2184.7215483241484,2051.684187125021,-619.137,52.309505,14.760063,15.739355,0.5093552,6.715797,-0.7470464,-3.4625247,-5.5417614,6.591988,-2.6194503,-1.2237656,-0.059115577
03-01-07-01-01-02-11,disgust,3.603625,0.0054818312637507915,0.0844035190818584,2162.4499679503274,2037.3731895306794,-595.0189,50.388268,10.445363,16.397516,-0.79992783,5.542152,-0.7613012,-4.6559973,-4.228884,3.7395616,-2.7796528,-0.48384905,-1.3659194
03-01-07-01-02-01-11,disgust,3.470125,0.004475444555282593,0.09246882167431193,2219.5880109803134,2041.0217095979913,-621.9911,55.53474,14.719198,7.8948975,0.6263841,5.7134476,-1.9833448,-0.18109852,-4.8564153,5.279563,-3.4119735,-1.1862621,0.056760665
03-01-07-01-02-02-11,disgust,3.670375,0.0057672965340316296,0.10382557744565217,2177.1954810003863,1920.56658199309,-588.7504,60.567482,17.221737,7.2818894,-3.8797386,3.27849,-2.1330013,-3.9037073,-8.184451,3.679626,-5.3619905,-2.6124618,-2.8236387
03-01-07-02-01-01-11,disgust,3.8038125,0.006629596464335918,0.10287552521008403,2139.412691725268,2037.8272523666062,-555.45447,47.30266,10.933793,14.694803,-0.2248271,5.472138,-1.3728873,-5.1104765,-4.882495,7.5308523,-2.0850255,0.004057027,0.38788402
03-01-07-02-01-02-11,disgust,3.8038125,0.006370798218995333,0.1211922268907563,2027.909208094076,1902.2163373850308,-562.4304,52.928562,12.537235,17.229475,1.1706793,5.2722225,0.47940707,-4.7539883,-2.61536,6.6867123,-4.4307384,-0.55220103,-0.0880747
03-01-07-02-02-01-11,disgust,3.7370625,0.006514699663966894,0.09260233039529915,2064.779445133642,1986.0204531408328,-580.4669,61.383163,14.482966,6.0247216,-2.742066,4.9587474,-3.0001698,-7.1148095,-8.918498,4.6405816,-2.955134,-2.5897589,-0.098950684
03-01-07-02-02-02-11,disgust,3.7370625,0.007751454599201679,0.09275257077991453,2116.203000520725,2006.7465076116503,-528.73914,48.930637,9.883725,4.963358,-4.6369557,1.7956474,-3.9975703,-4.9903965,-4.447145,3.0176768,-4.175256,-4.8072033,-1.7359763
03-01-08-01-01-01-11,surprised,3.06975,0.0034695034846663475,0.0745086669921875,2183.254883999172,2207.856761513665,-658.68286,43.605106,10.949059,9.0925045,4.0002933,4.893563,-1.1216768,-2.202448,-2.6524935,5.559605,0.142781,-0.58261603,1.4592348
03-01-08-01-01-02-11,surprised,3.1365,0.004926276858896017,0.07000177556818182,2200.507833638462,2159.1799387335227,-618.15924,42.518417,5.832941,2.4903991,0.66938233,0.23142205,-3.727935,-2.9088016,-5.787075,0.987124,-2.2660103,-3.7297683,0.12213107
03-01-08-01-02-01-11,surprised,3.169875,0.008727336302399635,0.0768896484375,1999.385019092003,2094.8900588820297,-565.13336,41.705376,7.6035657,7.2979603,0.109311774,3.2601223,0.23124836,-5.485707,-5.9423127,3.3624487,-2.432281,-1.7515612,-2.2289605
03-01-08-01-02-02-11,surprised,2.969625,0.007224326021969318,0.12025894657258064,2173.6232240455092,2062.1516753796136,-562.69653,43.82482,-1.0347583,3.942124,0.81373245,2.3673477,-8.074193,-12.940636,-6.8389006,3.6196182,-3.481017,-1.8099477,-3.5056586
03-01-08-02-01-01-11,surprised,3.06975,0.006902394816279411,0.07366943359375,2116.6468130941507,2130.080821814007,-582.24304,36.007786,3.3997123,7.043167,0.0026613872,1.0246547,-3.5627956,-4.3909106,-4.665977,2.0041225,-1.1754692,-3.6672058,-1.704161
03-01-08-02-01-02-11,surprised,3.103125,0.01201611664146185,0.09360401900773196,2240.9113937819347,2166.7922857635726,-492.99384,31.801142,2.0992277,2.1382558,-3.319854,-0.39610422,-2.4106793,-5.0590105,-7.0236244,3.5166564,-4.585699,-4.1685777,-3.534879
03-01-08-02-02-01-11,surprised,3.06975,0.011547195725142956,0.10267130533854167,2237.3111702979463,2157.628046383592,-533.7217,33.609077,3.0318527,2.8927853,-0.29289612,-0.5490928,-3.9591653,-6.5336976,-7.2041497,2.7408192,-3.1901467,-3.6680222,-1.0413113
03-01-08-02-02-02-11,surprised,3.06975,0.010931859724223614,0.11931864420572917,2425.0204445798176,2196.2013703991747,-522.67035,26.620796,5.691977,3.0673857,-1.6390606,-1.9302944,-2.6107354,-6.706474,-5.8912163,2.061238,-5.8368154,-3.7572212,-0.7262072
03-01-01-01-01-01-12,neutral,3.637,0.0027022853028029203,0.08420709978070176,2069.754166248679,1775.296073630165,-670.77527,53.84789,-3.0093281,11.982763,-6.308891,-2.2044706,-8.178142,-13.188854,-6.345784,-6.197377,-5.0852623,-8.250652,-1.7795621
03-01-01-01-01-02-12,neutral,3.536875,0.002555634593591094,0.07465864301801801,2394.269077505113,1944.8697580116882,-677.9969,51.01743,-4.0557613,12.795065,-4.751755,-1.7125264,-7.8027244,-11.362793,-2.4247825,-5.5052714,-6.33435,-6.156199,-1.5477861
03-01-01-01-02-01-12,neutral,3.603625,0.0034135840833187103,0.10558541897123894,2356.9522367328063,1967.151050100353,-652.8616,53.066288,-5.0051084,11.689657,-1.3510213,-6.3381715,-13.667527,-13.932958,-2.0899606,-6.3517976,-4.7993784,-8.47169,-1.7882265
03-01-01-01-02-02-12,neutral,3.637,0.003033243352547288,0.0930004454495614,2486.1209852169018,2067.854790531187,-667.08984,49.649166,-0.16375676,8.218323,-2.1151352,-1.8647759,-11.044441,-8.465722,-0.81037194,-7.790953,-4.0609417,-7.4779725,-1.6072663
03-01-02-01-01-01-12,calm,3.8705625,0.003025882411748171,0.08587696926652892,2315.387674457554,1900.8076617249612,-647.95856,53.071007,-3.7739131,9.774303,-4.7592535,-1.277712,-6.886109,-9.243342,-5.3713083,-6.498155,-2.6881769,-8.73245,-1.3257395
03-01-02-01-01-02-12,calm,3.7704375,0.0024585374630987644,0.10381769729872882,2222.7215648735423,1949.8424000305224,-649.8259,61.70423,-4.2497425,12.675102,-2.8301713,1.4880273,-10.821721,-8.244994,-6.7333007,-4.160076,-2.2057073,-11.02089,-0.57185763
03-01-02-01-02-01-12,calm,3.7704375,0.0032805197406560183,0.11798199152542373,2451.741733824234,1891.7481638284412,-657.41516,45.329926,-6.472747,8.921971,-3.7863832,-5.8286033,-12.475453,-12.433836,-7.390307,-7.654634,-5.7931824,-10.654872,-1.7992159
03-01-02-01-02-02-12,calm,3.670375,0.0029331091791391373,0.12047384510869565,2523.9777258349413,1988.0085806248455,-662.2051,45.78065,-4.0967317,10.802506,-3.4722276,-4.606413,-13.353172,-11.527335,-6.307505,-7.4672885,-5.406782,-11.230272,-1.4072373
03-01-02-02-01-01-12,calm,3.970625,0.00259011541493237,0.08101171875,2072.3032833477996,1741.6492588052824,-661.8098,47.34082,-5.0678496,10.215864,-4.831076,-2.9168646,-8.189516,-9.715244,-9.267829,-6.7901554,-4.461014,-10.215127,-1.6940093
03-01-02-02-01-02-12,calm,3.7704375,0.002697343472391367,0.08576370497881355,2176.9700022012157,1922.0844044438327,-659.3269,57.717663,1.6565293,15.781493,-1.657889,-0.21981972,-5.172083,-9.5570755,-4.594454,-4.6575,-3.5928478,-8.2343025,-1.1587518
03-01-02-02-02-01-12,calm,3.737125,0.003050914965569973,0.12507512019230768,2453.2475127767625,2018.2342362021054,-662.698,48.630028,-1.4796766,6.309448,-4.323795,-3.9109573,-12.769218,-9.052324,-8.888785,-6.422407,-2.9213107,-12.421982,-0.69409174
03-01-02-02-02-02-12,calm,3.8038125,0.002938941353932023,0.11235802914915967,2397.039461633986,1937.5842166829511,-662.3965,47.844143,-1.303191,5.720292,-5.963013,-3.6622953,-12.550394,-9.813094,-8.719505,-9.132167,-3.7848182,-11.7335615,-2.3490326
03-01-03-01-01-01-12,happy,3.70375,0.006394179537892342,0.1139294854525862,2282.62002476246,1800.7599445486842,-587.7287,46.228813,-21.573315,12.157556,-11.266072,-4.1956587,-12.297341,-11.383159,-1.1870921,-5.6983237,-2.321627,-10.388022,-1.7804534
03-01-03-01-01-02-12,happy,3.7370625,0.0066527873277664185,0.1075595953525641,2286.0491067505104,1917.6779067826712,-582.75165,51.405487,-17.075464,12.243253,-8.2104645,-4.27865,-8.676265,-11.775583,-0.45421702,-3.7890742,0.21443893,-7.79319,-1.6956187
03-01-03-01-02-01-12,happy,3.5035,0.005782712250947952,0.15308948863636362,2365.4499993158474,1809.33652197719,-581.78735,38.601128,-15.469556,9.3911085,-12.001331,-7.8361006,-18.520266,-14.787682,-6.923988,-8.655095,-3.977425,-13.871189,-3.503105
03-01-03-01-02-02-12,happy,3.737125,0.007188671268522739,0.13878038194444445,2345.3647015719644,1876.5495118789015,-574.2905,43.062378,-18.748465,11.218867,-11.2351265,-10.154376,-16.74079,-15.549969,-3.1687489,-9.34548,-2.336608,-12.100771,-2.945005
03-01-03-02-01-01-12,happy,4.20425,0.022483190521597862,0.08453554095643939,2232.822426364769,1903.9668654505235,-461.75723,29.831696,-23.844032,7.5019317,-11.409097,-6.805271,-3.7287655,-8.250857,1.7286421,-2.148862,0.8269022,-4.1997223,2.2298522
03-01-03-02-01-02-12,happy,4.1375,0.02170013263821602,0.0846416766826923,2222.1015271073293,1884.4376656000989,-470.0831,30.39212,-21.052502,9.573812,-8.831414,-6.6216807,-2.5272396,-8.3438635,2.2028332,-2.477515,2.0136526,-4.3960385,-1.2572434
03-01-03-02-02-01-12,happy,3.9039375,0.012040626257658005,0.12686107197745902,2302.157812246823,1783.5177130620077,-532.307,33.69741,-21.9038,7.220543,-11.057168,-8.718958,-12.518623,-14.224981,-0.9111705,-8.859466,-4.512866,-8.398453,-4.309425
03-01-03-02-02-02-12,happy,3.970625,0.026900557801127434,0.1294140625,2323.7343759141595,1841.7349467749098,-461.39185,23.162197,-35.967464,-0.28843457,-16.698696,-15.135919,-10.988026,-16.476938,-1.5816092,-9.142721,-3.3121045,-5.202965,1.4674125
03-01-04-01-01-01-12,sad,3.670375,0.005174692720174789,0.1264945652173913,2301.036430409889,1907.2312881081896,-607.16,49.483284,-13.356363,8.131746,-6.7379513,-6.369926,-12.009418,-14.028256,-4.3180137,-5.8099403,-2.8233657,-7.9491477,-3.5382361
03-01-04-01-01-02-12,sad,3.603625,0.005019760690629482,0.10439712389380532,1935.8050508638667,1808.5653583282726,-602.76526,57.32393,-11.410798,12.373963,-6.124247,-6.023033,-16.3318,-16.532387,-0.031900574,-7.442342,-2.3595157,-8.846828,-1.6303123
03-01-04-01-02-01-12,sad,3.670375,0.003253818955272436,0.10242017663043479,2527.76269398113,2079.5788918287712,-643.4369,37.424667,-2.3299963,7.2439876,-1.8504232,1.5848908,-12.135341,-9.845235,-3.0722144,-4.888335,0.8870314,-9.04733,-0.28193724
03-01-04-01-02-02-12,sad,3.57025,0.004368822555989027,0.14281354631696427,2475.461864034585,1990.4071631061076,-619.4598,44.513477,-9.732259,7.7326517,-6.2084885,-3.9015667,-16.688677,-15.295554,-4.577568,-9.71393,-1.4424287,-11.1539135,-3.615048
03-01-04-02-01-01-12,sad,3.8705625,0.014091010205447674,0.11162674328512397,2049.3618569935,1888.6626054027392,-517.59753,40.108795,-19.306034,4.741675,-14.365367,-10.923607,-10.973496,-16.203758,-0.2656567,-4.50393,-2.3168654,-0.9812706,-1.6526449
03-01-04-02-01-02-12,sad,3.7704375,0.019811373203992844,0.1626224841101695,2472.136035631324,1835.617889249004,-481.28,32.622574,-32.6143,-1.858745,-18.310156,-14.3141165,-16.57232,-18.296087,2.1925795,-8.406872,-4.207205,-5.4350266,0.773111
03-01-04-02-02-01-12,sad,3.8038125,0.015054088085889816,0.10560825892857142,2064.558389330102,1772.362756511391,-517.87775,26.424109,-25.806644,-3.5884995,-14.208173,-14.394875,-14.518844,-18.848337,-1.8443855,-7.56651,-6.075424,-4.6087575,-6.828629
03-01-04-02-02-02-12,sad,3.8705625,0.023911217227578163,0.14414385330578514,2323.9447136859726,1861.851632448306,-459.70346,24.646994,-26.351816,-4.0465546,-15.202115,-16.131947,-11.067955,-17.61468,-0.5572769,-6.1444693,-4.1828856,-3.2632873,-4.4198136
03-01-05-01-01-01-12,angry,4.2709375,0.006050880532711744,0.11772679570895522,2385.592579340418,1847.3706802398879,-573.66473,46.23357,-3.0956101,9.224277,-8.231301,2.0435238,-4.8281226,-8.6661415,-2.6871653,-3.716975,-2.4149585,-4.1615314,-0.79120153
03-01-05-01-01-02-12,angry,3.970625,0.006934070028364658,0.113078125,2153.8435439102655,1779.5146560927024,-562.50555,47.98202,-6.5841284,14.073946,-7.6032414,-0.6241995,-5.707884,-9.953331,-3.2578154,-2.158187,-2.216923,-5.0609107,-0.9946949
03-01-05-01-02-01-12,angry,3.737125,0.00442548980936408,0.1303752670940171,2519.205762743464,2033.7215796758235,-618.4373,47.17628,-0.7828288,7.5852003,-3.4373229,-4.3356376,-12.693035,-11.280496,-3.6616898,-9.403156,-3.3469205,-9.791838,-2.834723
03-01-05-01-02-02-12,angry,4.1375,0.004791261628270149,0.12374173677884616,2534.56527006557,1962.412518473597,-602.59814,39.196404,-7.5100417,6.321141,-8.200104,-5.4186926,-14.088667,-12.72044,-2.812918,-9.311545,-3.1014311,-9.513045,-3.0701284
03-01-05-02-01-01-12,angry,3.637,0.02393253892660141,0.07611619380482457,1852.5144772937938,1720.5321707093954,-434.945,39.38867,-12.459018,3.2437103,-9.018931,-1.9156668,-1.6888713,-8.653396,-0.80297923,-3.8484232,-1.0985715,-3.7446656,-4.185171
03-01-05-02-01-02-12,angry,3.670375,0.05201779678463936,0.1312584918478261,2048.681339665972,1755.929214587523,-366.48056,29.220596,-24.62498,-4.3389835,-11.831731,-4.60878,-3.2115414,-9.951091,-2.45241,-6.324262,-3.3324676,-5.991612,-4.407435
03-01-05-02-02-01-12,angry,3.8038125,0.02181965298950672,0.13277146796218486,2303.3797061587684,1943.059990719768,-463.07867,40.927593,-12.518593,3.6215446,-8.257164,-2.74552,-5.7043495,-12.964475,-1.9805735,-7.4358296,-0.79317933,-5.440036,-3.8197892
03-01-05-02-02-02-12,angry,3.8371875,0.04030092433094978,0.13069254557291668,1865.0214500633426,1630.4264121721014,-405.2604,37.348362,-21.075375,-6.1672263,-8.874912,-5.451699,-4.725568,-12.128176,0.66231376,-2.35804,-4.6178937,-5.2950206,-7.498483
03-01-06-01-01-01-12,fearful,3.4034375,0.010329277254641056,0.09815822137850468,1970.222651864151,1844.7371538992854,-510.61993,42.546364,-9.588729,9.606951,-6.7648034,-5.8594165,-15.525116,-6.201055,0.12806769,-5.422106,-1.2264309,-2.812244,-0.2894738
03-01-06-01-01-02-12,fearful,3.5035,0.009190455079078674,0.107421875,2263.6385824607823,1882.8262931878342,-524.0832,39.208946,-12.47873,10.88828,-6.811116,-5.0735555,-14.567174,-9.369406,2.3162134,-6.058598,-3.8821704,-3.0289476,1.4690841
03-01-06-01-02-01-12,fearful,3.3700625,0.006052403710782528,0.14394623378537735,2534.5991214819765,1998.1730254572133,-567.4691,35.930923,-14.262862,7.1372313,-11.771449,-7.8145084,-22.12776,-11.679854,-1.3403429,-10.149098,-4.798784,-9.895841,-4.157193
03-01-06-01-02-02-12,fearful,3.20325,0.007326576393097639,0.12953473081683167,2526.1794823465425,2022.9663463120405,-557.0267,35.11252,-12.396642,6.1691236,-10.103015,-9.810376,-19.33536,-10.162751,-0.53453696,-9.944722,-5.3437686,-7.4190397,-5.115098
03-01-06-02-01-01-12,fearful,3.737125,0.03417164459824562,0.08218983707264957,2014.382930921443,1850.3165979595358,-423.34277,27.675583,-25.28492,1.8554655,-9.836865,-8.138147,-10.004122,-12.279737,6.0872808,-4.5797567,-6.0164227,-1.9747031,3.9126003
03-01-06-02-01-02-12,fearful,3.70375,0.044442106038331985,0.09989560883620689,1736.0100643003962,1550.4685963744348,-387.47104,20.889965,-30.968456,-4.7784815,-12.575964,-8.778888,-12.348647,-16.088886,-1.236286,-4.5314198,-0.9594867,8.187149,16.815725
03-01-06-02-02-01-12,fearful,3.4701875,0.03369612619280815,0.14093409547018348,2300.3523585684884,1875.1186748839511,-419.1711,25.97559,-25.417215,-6.052269,-13.762369,-11.351831,-19.783503,-16.634403,-3.7097838,-8.632139,-3.4128568,3.5193336,10.136001
03-01-06-02-02-02-12,fearful,3.670375,0.03823113068938255,0.10843240489130435,2018.2888769114734,1776.3521748995074,-413.52002,20.965786,-31.374048,-5.0262403,-12.7900915,-8.686871,-14.158448,-18.587914,-3.1856787,-7.2697,-2.7004304,7.683216,15.560165
03-01-07-01-01-01-12,disgust,3.7370625,0.004076426383107901,0.09677567441239317,2120.1402533388487,1722.2620705338081,-602.3781,45.2722,-7.353984,13.3988085,-6.0761576,-3.317213,-15.739567,-5.808584,1.9747826,-9.010804,-0.29662198,-6.2204695,-1.0569774
03-01-07-01-01-02-12,disgust,3.70375,0.004761177580803633,0.12014665274784483,2118.5765331244243,1872.8913105898735,-591.3073,59.54898,-11.187578,17.357008,-8.403606,-0.84896535,-16.731153,-13.456689,-0.10194697,-8.453254,-0.9861845,-8.301019,-1.34074
03-01-07-01-02-01-12,disgust,3.603625,0.0038581271655857563,0.11510906388274336,2414.4340817485586,1872.0911667684707,-630.0631,48.381615,-9.118725,4.9631433,-5.051315,-5.460653,-18.533066,-10.023696,-1.1632272,-8.177907,-4.4553666,-9.810005,-3.9983895
03-01-07-01-02-02-12,disgust,3.70375,0.0037796213291585445,0.12782024515086207,2499.5084794383824,2005.1634838967639,-611.6504,52.76676,-3.7896712,5.570918,-4.8312593,-2.9046068,-15.477235,-6.778873,0.580005,-6.7886324,-1.3508415,-10.942224,-0.42991632
03-01-07-02-01-01-12,disgust,3.9706875,0.006963067688047886,0.14747265625,2524.235380064231,1905.5573441701267,-537.122,41.530884,-15.579142,9.757185,-8.674309,-8.492853,-17.232115,-6.923088,2.8859966,-8.855006,-5.4528527,-4.601179,-4.8384204
03-01-07-02-01-02-12,disgust,4.537875,0.011929277330636978,0.154296875,2261.293538206399,1768.9254718095578,-507.23294,44.34063,-25.104094,-1.6473589,-16.588076,-6.4379773,-21.29475,-16.764275,-0.24873385,-12.289169,-5.6889515,-11.496874,-7.323299
03-01-07-02-02-01-12,disgust,4.20425,0.0120680658146739,0.17884040601325757,2458.7537455803044,1868.308305565329,-504.962,35.582092,-14.519501,5.1648045,-11.670186,-12.188797,-19.69074,-8.112462,3.7524085,-13.573744,-1.8859468,-8.91478,-5.5554996
03-01-07-02-02-02-12,disgust,3.9706875,0.012322649359703064,0.1659140625,2420.5980298317522,1931.9093336008546,-519.2101,35.761585,-15.570008,0.6484118,-8.767666,-8.096099,-14.859955,-16.67155,-1.5975257,-11.932238,-2.3030407,-11.972454,-3.7653685
03-01-08-01-01-01-12,surprised,3.536875,0.00507969269528985,0.11116536458333333,2418.745031049069,1893.014392956227,-613.1691,49.482685,-13.389397,8.264052,-8.993934,-6.4949174,-14.18638,-10.74616,-2.0873318,-10.441342,-4.412907,-7.816446,-4.172081
03-01-08-01-01-02-12,surprised,3.637,0.005869782064110041,0.0878563596491228,2008.1582489441573,1769.1823163598192,-578.88715,46.22099,-7.0306807,8.525884,-3.0985312,-3.682212,-7.749815,-9.117064,0.41992334,-5.2056537,-2.8344314,-4.722377,-0.6005412
03-01-08-01-02-01-12,surprised,3.5035,0.005992366466671228,0.1078125,2557.6360132300274,2044.161213476785,-604.59784,39.25863,-8.599152,7.838854,-6.9743314,-4.41333,-14.3645115,-10.609072,-4.5747046,-7.731458,-3.212652,-8.830247,-2.056025
03-01-08-01-02-02-12,surprised,3.603625,0.006684994325041771,0.13060875276548672,2439.2086504259014,2022.6333215870714,-594.2746,40.33063,-8.724716,5.179776,-8.584063,-6.92758,-18.13832,-13.962613,-5.515717,-9.932569,-2.9267523,-12.664874,-4.047592
03-01-08-02-01-01-12,surprised,3.7036875,0.008703681640326977,0.13125505118534483,2116.1021941069152,1749.7427542422374,-543.13617,45.095993,-14.332948,5.4325347,-7.9268947,-8.093847,-17.64952,-8.644464,-1.1117393,-5.4777207,-3.6829784,-9.20261,-2.7781615
03-01-08-02-01-02-12,surprised,3.7370625,0.010930811055004597,0.13429403712606838,2438.103574552934,1938.6173805822739,-517.422,32.71156,-19.844944,5.5947433,-13.838315,-9.98515,-17.229197,-8.427561,-1.1481904,-5.960187,-5.4743466,-10.084196,-2.3811512
03-01-08-02-02-01-12,surprised,3.7370625,0.009769235737621784,0.14584168002136752,2421.6041084402236,1992.1745619810638,-537.455,42.563965,-10.403289,3.7769775,-8.663716,-9.386625,-14.065549,-10.159886,1.171248,-10.288495,-2.6287,-5.713417,-1.4990019
03-01-08-02-02-02-12,surprised,3.670375,0.008572733029723167,0.1444123641304348,2342.468282939393,1876.4549442793657,-560.5457,38.421124,-14.254077,-3.6167812,-10.169779,-13.420595,-17.799994,-13.461891,-2.681066,-12.418436,-6.17521,-12.818785,-6.7084174
03-01-01-01-01-01-13,neutral,3.169875,0.0019553732126951218,0.0657861328125,2342.285753868235,2030.4159281160069,-725.3092,62.313004,0.26566774,15.546759,5.7530017,0.43323508,-2.9518847,-4.170247,-1.1624359,3.295684,-1.7615325,5.7869463,-1.9177637
03-01-01-01-01-02-13,neutral,3.2031875,0.0020139252301305532,0.0691715655940594,2372.2044335345145,2015.095927126949,-707.52893,60.747437,1.5200623,12.3613205,5.17055,0.63370067,-5.019451,-4.364358,-0.31742847,3.014809,-1.9003385,6.744112,-1.3206266
03-01-01-01-02-01-13,neutral,3.06975,0.0020561174023896456,0.07365926106770833,2375.650604738682,2084.359703691763,-710.64923,57.88075,-0.041325033,12.700614,7.3565993,1.1793934,-6.7975354,-5.911758,-0.7940572,4.307478,-2.913307,7.4189014,-1.9007393
03-01-01-01-02-02-13,neutral,3.1365,0.0024896597024053335,0.08125690498737374,2473.3429662796593,2096.597802892218,-693.468,51.118286,-2.0490766,13.356526,4.084262,0.6243097,-6.2956767,-8.164316,-1.3941013,4.070533,-4.923017,7.2254977,-4.162791
03-01-02-01-01-01-13,calm,3.3033125,0.001659282366745174,0.07127967247596154,2111.7595519518845,2015.6378208340864,-706.8697,76.18786,5.114253,20.56198,8.407652,2.825181,-5.214197,-4.6997747,-0.146912,0.21716529,-2.9247143,9.832128,-2.822906
03-01-02-01-01-02-13,calm,3.169875,0.0018270656000822783,0.05828125,2281.2976067585005,2017.7042895864267,-717.41486,70.18612,1.8739188,16.924057,6.577937,2.5463223,-3.5398493,-3.0276012,-2.310172,-0.22281389,-3.8375604,10.138464,-2.5737643
03-01-02-01-02-01-13,calm,3.1365,0.001649590558372438,0.0644235321969697,2206.005635561848,2078.463497291425,-719.06165,69.00331,11.016268,16.66886,8.624518,5.0116825,-3.756537,-5.24155,1.2239952,1.8766941,-4.000286,8.896124,-1.4136888
03-01-02-01-02-02-13,calm,2.9363125,0.001641669892705977,0.08878757642663043,2393.9329823011362,2096.0148845843787,-716.0527,63.612564,5.7323985,15.971745,4.961166,3.6975582,-6.2114577,-6.5367074,0.32846168,2.0480251,-2.5356133,9.034762,-2.0226476
03-01-02-02-01-01-13,calm,3.1365,0.0016174212796613574,0.05997474747474747,2345.511528258329,2044.7574057202537,-724.6554,67.041595,4.152354,17.648228,9.159876,2.750886,-5.2014694,-5.791683,1.3337877,5.033174,-1.7342309,5.9381204,-1.9909143
03-01-02-02-01-02-13,calm,3.20325,0.00215850374661386,0.06145092048267327,2240.4393272801603,1996.615796034097,-699.27264,64.63718,-3.152096,13.53478,8.222359,1.7761394,-4.1777463,-7.3659825,-2.109122,4.4421086,-2.5041134,5.538847,-3.6092777
03-01-02-02-02-01-13,calm,3.003,0.002039943356066942,0.06914893617021277,2360.699805933801,2074.977364803103,-699.3492,56.45725,-0.01716005,16.544151,5.4952893,3.0136232,-5.328584,-8.648715,0.9939299,4.728977,-1.7027422,7.31127,-3.5714252
03-01-02-02-02-02-13,calm,3.036375,0.002118913223966956,0.06453536184210526,2389.2041957617116,2038.2688565568471,-707.2427,60.30414,-2.5587375,14.609971,2.8019125,1.8714725,-3.9813402,-9.229236,-0.2746146,2.391459,-0.72358286,6.704466,-2.9701567
03-01-03-01-01-01-13,happy,3.2365625,0.0036184904165565968,0.06734451593137254,2315.9191877036474,2051.6366713462144,-658.16296,54.258953,-7.7202215,14.2462015,3.4187038,-1.8805736,-5.4644723,-8.126615,-1.33444,3.9211967,-4.601271,7.687626,-5.647622
03-01-03-01-01-02-13,happy,3.20325,0.0034448308870196342,0.07540319461633663,2300.8145061725772,2043.3119679825613,-664.3873,55.408455,-6.8021526,13.516568,5.6567307,-2.127407,-4.899285,-8.201613,-2.6282046,4.9264994,-5.479481,7.87333,-5.5611486
03-01-03-01-02-01-13,happy,3.1365,0.0033725323155522346,0.07216205018939394,2405.6853199235147,2127.9968523663997,-654.039,49.368557,-1.2822356,9.945379,4.3068037,-1.2642817,-8.158019,-8.473527,-3.5772324,3.0334418,-4.497584,7.07114,-6.303239
03-01-03-01-02-02-13,happy,3.20325,0.004535498563200235,0.08800181775990099,2454.7747877646584,2116.875851276191,-635.6891,48.951965,-1.4933094,9.285684,3.4172294,-1.5777787,-13.121677,-6.356846,-6.808591,4.3355637,-7.7529416,6.4075274,-7.456385
03-01-03-02-01-01-13,happy,3.4368125,0.005512599367648363,0.092041015625,2295.6786791498303,1962.800677086717,-577.7865,49.743618,-10.3827715,14.462243,5.8448024,-6.6474605,-8.90064,-6.0379143,-3.8924525,3.5837865,-9.969379,6.8255353,-5.962559
03-01-03-02-01-02-13,happy,3.603625,0.012183180078864098,0.08958448561946902,2218.823940710154,2004.4339079297283,-519.0908,47.838455,-6.302376,4.365427,0.54020935,-10.209293,-14.151607,-6.2529945,-10.870262,1.3157989,-11.360499,0.55170757,-8.7586
03-01-03-02-02-01-13,happy,3.3700625,0.012544178403913975,0.12360885908018868,2632.115921434182,2141.2175218646266,-517.52423,29.334137,-6.723084,-4.8966293,-3.8901079,-8.174609,-16.746973,-6.5969305,-10.503786,0.35996094,-10.089342,-0.1499308,-9.311891
03-01-03-02-02-02-13,happy,3.3366875,0.01256305631250143,0.09034598214285715,2480.145841436788,2147.643647754783,-535.19415,34.458607,-7.4164114,-3.400197,-4.057065,-6.625859,-14.961998,-5.8371735,-9.3408575,1.4706312,-9.0650215,0.41141215,-6.801318
03-01-04-01-01-01-13,sad,3.57025,0.002078108489513397,0.07095772879464286,2083.345182670414,2002.5138827019146,-700.3295,71.76383,13.364122,17.08956,6.7822013,3.239519,-4.4911165,-1.6414059,-0.023952315,4.1940455,-1.9009504,4.53822,-0.52979416
03-01-04-01-01-02-13,sad,3.536875,0.0018196249147877097,0.08303420608108109,2241.5994049200717,1941.5800877678455,-707.20044,68.60258,8.557042,16.42486,7.826232,-0.609235,-10.0330305,-2.051221,-1.6170843,2.8856015,-5.19253,5.7315335,0.19938706
03-01-04-01-02-01-13,sad,3.4368125,0.0018988529918715358,0.0641818576388889,2244.9211226163147,2012.174570475699,-708.43933,65.45698,6.888574,14.396969,7.044058,0.23179731,-6.877392,-1.4057555,-1.4095434,1.8638067,-2.2956567,3.9388034,-1.4886312
03-01-04-01-02-02-13,sad,3.3700625,0.0020074457861483097,0.08835126768867925,2346.024788388881,1981.3743017064833,-702.92926,63.84433,6.681924,11.555441,4.008701,-1.8844606,-8.822359,-4.161246,-1.4993459,1.1755385,-4.267109,6.791151,-0.9162864
03-01-04-02-01-01-13,sad,3.3366875,0.003452999284490943,0.08611886160714285,2171.083455742558,1962.1214902561062,-659.02026,64.54373,0.5524651,17.08894,3.298321,-2.6255705,-9.418763,-3.5292754,-3.9642045,1.4775444,-4.6110067,6.866176,-3.1377215
03-01-04-02-01-02-13,sad,3.3033125,0.002495496068149805,0.09374530498798077,2237.9043774297857,1990.0708314567937,-672.62396,58.101517,8.2351885,17.917767,4.472884,-1.524265,-8.807949,0.13376665,-2.4259117,1.7537785,-2.9760594,3.9585023,-1.8554376
03-01-04-02-02-01-13,sad,3.4368125,0.0026448664721101522,0.07666015625,2187.642125256948,2022.4220823005546,-686.31946,68.583305,9.481449,11.432915,5.924564,1.1572429,-4.749067,-3.3690767,-3.5120342,3.5765412,-2.9340308,6.806307,-1.1045731
03-01-04-02-02-02-13,sad,3.2031875,0.0019753212109208107,0.07511796101485149,2231.7121862732256,2032.79474513464,-706.6768,61.01423,15.920993,17.750948,8.475214,2.9415715,-2.778993,-0.08908557,-2.6503744,2.4464562,-1.7418302,4.202914,-0.94429636
03-01-05-01-01-01-13,angry,3.4368125,0.005504157394170761,0.07996509693287036,2369.8490458076167,2030.2789939999852,-600.3142,49.240444,-4.539687,13.273761,-1.9032819,-2.0747461,-4.087869,-9.23342,-4.96061,-1.2261031,-4.474723,6.6732974,-4.9990816
03-01-05-01-01-02-13,angry,3.536875,0.007465410511940718,0.08619263795045046,2371.139608711643,2054.6341378046377,-561.8948,43.710037,-6.09897,8.954385,-3.691347,-2.5905778,-5.667695,-8.836042,-4.8955817,-0.4036026,-5.836651,5.5692835,-5.0089965
03-01-05-01-02-01-13,angry,3.603625,0.007156240753829479,0.10503232162610619,2392.8897423263575,2038.4364091156074,-555.08984,43.078094,-4.9862347,11.415729,-0.4358653,-4.259022,-5.1775556,-13.962978,-7.0473757,-0.30263972,-8.029242,6.587629,-5.1126466
03-01-05-01-02-02-13,angry,3.3700625,0.009176422841846943,0.08864607900943396,2390.499852350095,2039.7940854537048,-552.7379,40.788734,-7.2031693,8.715875,-3.5023267,-4.9301763,-8.395238,-13.69751,-7.4397507,-1.5747464,-8.835274,4.1906266,-6.565719
03-01-05-02-01-01-13,angry,3.670375,0.05323539674282074,0.10148182744565218,2465.7035696208964,2143.854087092894,-346.3209,13.377204,-12.911571,-4.242784,-10.334353,-7.7280526,-10.214118,-6.695213,-8.4733095,1.3821738,-7.9607644,-0.30314425,-4.4556537
03-01-05-02-01-02-13,angry,4.2709375,0.028563251718878746,0.08193286497201492,2163.258181564429,2070.5110197464246,-411.36404,33.120235,-5.934054,7.264083,-6.5326896,-8.761341,-3.345618,-5.669242,-4.779984,2.106193,-7.969158,3.0897896,-3.759748
03-01-05-02-02-01-13,angry,3.57025,0.04259368032217026,0.10599190848214286,2468.315565242196,2145.207516664973,-395.40814,19.414717,-14.049945,-6.2575464,-8.903178,-7.6690645,-11.6091175,-8.489192,-9.668501,2.8658001,-6.098333,1.7267851,-6.262233
03-01-05-02-02-02-13,angry,4.170875,0.09005895256996155,0.13778476860687022,2664.004599910618,2141.6531086374785,-312.57022,3.998458,-17.409378,-14.2605,-14.885273,-7.339622,-13.724375,-6.5231414,-10.5376425,1.6276888,-7.6540823,-4.6466794,-8.674795
03-01-06-01-01-01-13,fearful,3.1365,0.0030943634919822216,0.07095860953282829,2363.893741929963,2091.660259009458,-673.5132,53.843212,4.077798,12.438579,5.8356514,-3.3482823,-4.8640466,-1.5353945,-1.6558081,2.347988,-5.5156646,4.5508127,-0.7069739
03-01-06-01-01-02-13,fearful,3.169875,0.0021615291479974985,0.068310546875,2304.7079211376335,2180.1117593906047,-686.74884,51.400635,11.037627,14.723057,6.986643,1.1811672,-1.4740564,2.7854567,-0.035753313,3.747612,-2.4205275,3.496096,-0.4760387
03-01-06-01-02-01-13,fearful,3.20325,0.004285390954464674,0.0933439047029703,2394.6106203984455,2123.537324687512,-618.31445,46.04515,4.1602597,10.768588,4.6991243,-2.7495604,-3.611274,-4.2758965,-3.0365443,1.6354213,-4.9674325,5.6435456,-3.926049
03-01-06-01-02-02-13,fearful,3.2365625,0.004574434831738472,0.08700980392156862,2149.2434258226854,2062.399239419979,-627.24976,55.162262,6.140115,12.009033,5.0869613,-1.1052154,-3.4616604,-3.7740688,-0.10499429,5.90887,-2.5134854,8.138263,-2.3691654
03-01-06-02-01-01-13,fearful,3.3700625,0.003363500814884901,0.07301647258254718,2411.871943305927,2111.6527826125657,-661.2648,50.502747,7.029547,10.706954,2.9635494,-1.2115403,-3.8242617,-0.7627057,-2.6858892,2.74579,-5.2656116,3.9850724,1.1142948
03-01-06-02-01-02-13,fearful,3.2699375,0.01706906035542488,0.08255745600728155,2352.7306865948026,2144.7995181553733,-495.75842,28.41425,-5.9876246,2.3437297,-4.9240274,-9.106547,-9.198398,-2.0181334,-8.330232,-0.60336024,-6.9871826,-0.8739419,-3.147468
03-01-06-02-02-01-13,fearful,3.5035,0.014234701171517372,0.10074573863636363,2386.272822226052,2131.2255827285653,-486.6624,33.233894,-4.8508854,-0.45539662,-6.1456847,-9.7942915,-8.676298,-7.2660637,-9.017874,-0.33417517,-9.4377165,0.79505455,-6.6315875
03-01-06-02-02-02-13,fearful,3.20325,0.003864073194563389,0.08483040686881188,2372.822027476557,2125.3074131531966,-633.0386,47.986343,4.28358,12.093755,5.241579,-1.5176642,-3.147805,-4.2606974,-3.0930443,0.7756845,-5.5014873,3.9841943,-2.988079
03-01-07-01-01-01-13,disgust,3.1365,0.0017558664549142122,0.0664358428030303,2340.316389994197,2066.751676238304,-719.3796,64.69958,2.6692955,18.926407,4.938486,3.2366512,-3.0197995,-3.3441384,0.96534854,1.7544956,-0.13037059,7.791174,-2.9161084
03-01-07-01-01-02-13,disgust,3.169875,0.0017340438207611442,0.0726025390625,2422.166565121325,2050.854239672176,-718.8859,63.480385,4.7019615,18.300308,1.4792862,3.5760605,-3.5089252,-2.2258708,1.3130851,3.3923972,-0.17614605,7.328432,-2.402036
03-01-07-01-02-01-13,disgust,3.2699375,0.0019634815398603678,0.08863015776699029,2423.6514151305005,2051.494614635138,-707.8545,65.97919,6.9459624,15.788814,7.1724777,1.3667316,-4.7377386,-1.2582977,0.41366252,3.6584592,-1.4252843,6.3597274,-1.510816
03-01-07-01-02-02-13,disgust,3.2365625,0.0021520801819860935,0.09207452512254902,2482.7021203912063,2045.1405001490414,-703.0151,62.347824,8.4446945,12.061572,2.6627407,-0.91106534,-5.439634,-0.75311774,-2.3598535,3.531412,-1.8002163,5.363465,-3.4879682
03-01-07-02-01-01-13,disgust,3.4034375,0.003600018797442317,0.09563011098130841,2357.708213807927,2045.0606578225486,-625.5194,52.454056,5.575963,12.591865,1.0305969,-3.969319,-4.885766,-0.9173489,-1.5691845,1.9099232,-3.8009658,3.0706015,-3.8074691
03-01-07-02-01-02-13,disgust,3.70375,0.004739375319331884,0.08020440463362069,2079.3221649211528,1925.704643154652,-611.0461,62.357533,3.0900784,13.866483,-0.38560933,-1.5016131,-8.740255,-4.0940933,-2.0504572,0.8042266,-2.8935297,5.602682,-6.027479
03-01-07-02-02-01-13,disgust,3.4034375,0.002116645220667124,0.093526394567757,2377.563513392008,2021.556779494051,-698.8445,67.673004,10.757489,11.785916,3.9916599,3.2460456,-3.9606438,-2.9245741,-1.7436786,1.7210705,-0.8462619,6.7844357,-1.8731105
03-01-07-02-02-02-13,disgust,3.4368125,0.003072059480473399,0.08210810908564815,2273.2649170055774,2001.0561427309092,-643.2585,62.379154,2.6548412,9.917066,0.79943913,-0.6799258,-5.5679045,-4.142902,-3.7439435,3.765467,-3.307192,5.420794,-2.430481
03-01-08-01-01-01-13,surprised,3.4034375,0.006917527876794338,0.07785576080607477,2325.3304820410594,2044.3862186114534,-598.4165,50.163544,-3.8987718,2.3112776,-1.7894611,-4.9213433,-13.182037,-4.988522,-5.8281302,-0.08386565,-5.418783,1.6176039,-6.9733653
03-01-08-01-01-02-13,surprised,3.1365,0.0031517960596829653,0.06815222537878787,2427.2124031564326,2104.4780819021535,-669.0576,48.623554,-1.1960446,2.6186965,1.6727533,-2.2479818,-6.7464414,-6.019487,-5.4888024,4.101866,-5.396846,0.8079501,-4.193596
03-01-08-01-02-01-13,surprised,3.1365,0.0031421349849551916,0.06853693181818182,2404.9507682075414,2081.2473927281135,-683.81036,54.166744,2.6630294,6.8002443,0.31643778,-1.232797,-9.196631,-6.514909,-4.241982,1.5879717,-5.702887,3.30827,-3.0250046
03-01-08-01-02-02-13,surprised,3.036375,0.003414053935557604,0.07737458881578947,2380.227701554074,2133.86759189422,-669.3014,43.622795,0.686796,5.1328664,-1.3653017,-1.4383516,-9.403788,-3.9867404,-5.1605783,1.559421,-4.2978168,1.8349952,-2.1622844
03-01-08-02-01-01-13,surprised,3.3366875,0.005576616618782282,0.0799014136904762,2486.2850372375915,2120.6578269009838,-611.86487,43.91259,-1.1211865,6.4393897,-0.020452395,-4.7006483,-7.7861724,-3.6705194,-4.7933607,1.7195306,-7.352263,0.14636809,-4.732472
03-01-08-02-01-02-13,surprised,3.3033125,0.0037465891800820827,0.07234544020432693,2306.948568606153,2095.1478527985146,-636.21716,52.82607,4.6404657,11.379045,6.7071304,-0.39110205,-6.5751038,-0.7424663,-2.645369,2.2252145,-1.9362291,3.9205256,-2.3855476
03-01-08-02-02-01-13,surprised,3.3366875,0.007603861391544342,0.07403738839285715,2361.8170850209385,2115.781075492393,-564.41547,45.607952,-1.5960629,3.8261755,2.529804,-3.744647,-10.920773,-6.352921,-5.1272645,-0.5402398,-7.3851247,2.6243255,-6.819479
03-01-08-02-02-02-13,surprised,3.3033125,0.008013566955924034,0.08290452223557693,2401.2235627488603,2088.534574382358,-573.6649,45.99412,-1.4004015,3.794165,1.0879239,-3.3387494,-9.010195,-6.8351183,-5.612552,-2.4321008,-7.0169396,-0.19098845,-6.2147617
03-01-01-01-01-01-14,neutral,3.470125,0.0011599319986999035,0.07417843319954129,2104.275250969492,1590.4333404214617,-750.5892,37.962067,5.842278,6.875865,-11.768947,-3.3738601,-10.1914425,-5.7530165,-4.8999944,-1.6409711,-6.2426834,-2.130734,-3.8072104
03-01-01-01-01-02-14,neutral,3.3366875,0.0010754981776699424,0.07720424107142858,2363.1111050231016,1726.6528183792998,-746.6332,37.826923,5.799345,7.3109846,-9.693944,-2.9600887,-11.536357,-2.7974386,-3.955488,-2.8019269,-7.0085316,-1.6770787,-3.1792495
03-01-01-01-02-01-14,neutral,3.4701875,0.0015300503000617027,0.09479375716743119,2383.1498647890025,1750.0865660011416,-723.5712,35.584843,3.0289512,4.5136847,-8.588021,-4.0763125,-14.380662,-4.58485,-4.537107,-3.185246,-7.2648134,-1.925647,-5.3219113
03-01-01-01-02-02-14,neutral,3.57025,0.001646907883696258,0.09210205078125,2197.193288290881,1599.5721902937255,-718.5922,39.3669,3.5888083,1.6973798,-11.222307,-2.3933525,-14.843809,-3.5316901,-6.1118927,-3.267482,-6.656688,-2.1067328,-5.298433
03-01-02-01-01-01-14,calm,3.7370625,0.001668606768362224,0.06687366452991453,1863.0419910127287,1509.3323565338326,-701.77527,33.65484,-0.12606111,3.862216,-12.640846,-8.98073,-12.12812,-5.977913,-7.4612207,-4.6261787,-8.103995,-5.334949,-3.7627537
03-01-02-01-01-02-14,calm,3.57025,0.0009782979032024741,0.07138497488839286,2307.760058666448,1733.0861443612962,-770.36005,34.37303,5.275443,7.554545,-8.535167,-3.9791162,-10.927187,-4.9844656,-7.9680853,-2.6491053,-7.9324527,-3.0979176,-4.5941186
03-01-02-01-02-01-14,calm,3.4034375,0.0017385851824656129,0.09237186039719626,2191.0433145056913,1589.4470822230232,-709.7405,22.261389,6.6523066,2.3316348,-8.850749,-5.4038763,-12.916203,-5.3318934,-8.133489,-6.047224,-8.565116,-4.8478923,-5.2568727
03-01-02-01-02-02-14,calm,3.5035,0.0019094255985692143,0.08198686079545454,2222.152061680521,1686.8577152266005,-717.43225,28.500116,3.7735267,4.93553,-10.856641,-4.6211042,-14.031879,-6.015149,-7.908959,-5.7906523,-9.8758955,-5.0885406,-5.990104
03-01-02-02-01-01-14,calm,3.8705625,0.0005621378077194095,0.08672843491735537,2254.4488633476826,1645.3946583269767,-771.17584,38.243176,5.856408,3.9440753,-9.154767,-3.7449183,-10.326662,-4.6523213,-3.5110784,-1.7931739,-7.810674,-2.151171,-5.3019724
03-01-02-02-01-02-14,calm,3.9039375,0.0008047757437452674,0.0865298411885246,2201.5601395691137,1638.7445348077183,-763.1104,28.872593,3.8663266,6.5151687,-8.713999,-5.447019,-9.817103,-5.4550443,-7.6084805,-3.6662111,-9.798803,-3.4253538,-4.4976788
03-01-02-02-02-01-14,calm,3.7370625,0.000926152803003788,0.0974517561431624,2344.264871620109,1746.4600575469804,-769.704,37.59592,4.8002863,0.23036097,-6.3895807,-3.1693482,-12.337117,-4.187571,-4.1131244,-1.6012263,-5.4736004,-2.4440804,-3.0609965
03-01-02-02-02-02-14,calm,3.7704375,0.0014496464282274246,0.0978714247881356,2034.440684682609,1507.1505301750897,-736.1291,34.01417,6.205664,2.9810548,-10.091244,-4.7384467,-15.18185,-2.6354134,-7.8604116,-3.6477466,-6.47652,-3.9380848,-4.7411366
03-01-03-01-01-01-14,happy,3.70375,0.010544347576797009,0.1406713025323276,2683.8234887278313,2007.4250639418717,-527.08734,21.796183,-15.219471,11.603724,-21.708544,-7.158317,-14.682598,-5.3598495,-5.779714,-7.7497706,0.5206055,-6.664891,-2.1383543
03-01-03-01-01-02-14,happy,3.670375,0.010167380794882774,0.10416100543478261,2135.2789486578595,1560.7932528370377,-547.67834,25.80929,-14.48708,2.1990652,-15.5735035,-7.917947,-11.752951,-3.745336,-5.4469833,-6.5908785,-5.4420366,-8.94661,-2.4338686
03-01-03-01-02-01-14,happy,3.4034375,0.006210776045918465,0.143025335864486,2603.940002832185,1745.5965943597373,-590.5,22.774754,-10.0542345,3.7668316,-15.304142,-13.211645,-19.153835,-3.7042813,-9.462826,-7.1648803,-4.428487,-5.142951,-7.6165876
03-01-03-01-02-02-14,happy,3.470125,0.0069219088181853294,0.10891807626146789,2056.1380146039487,1491.6174266242563,-588.2081,22.597034,-10.398033,2.0527983,-14.368893,-10.196968,-15.285184,-7.8552065,-8.691937,-8.962495,-5.454473,-7.704651,-6.844508
03-01-03-02-01-01-14,happy,3.7704375,0.02518044039607048,0.1501257944915254,2340.7530454770354,1583.384791787315,-442.1336,11.210306,-33.4941,1.7224526,-27.320494,-10.144891,-12.257072,-10.756445,-2.3141258,-10.873823,6.2716103,1.4341329,12.090955
03-01-03-02-01-02-14,happy,3.7370625,0.020564310252666473,0.15448050213675213,2380.889230277866,1609.6576343178688,-450.82648,10.14744,-30.858665,3.0877585,-25.697062,-7.272936,-17.149925,-6.874744,-6.3870025,-9.147579,-0.020015096,-8.010511,4.0296783
03-01-03-02-02-01-14,happy,3.8371875,0.029019083827733994,0.16398518880208332,2508.4189937163087,1688.6735686957497,-438.163,3.3568676,-41.064785,4.738405,-28.676554,-12.686732,-19.102434,-9.174674,-3.4983046,-9.94349,4.5281568,1.3279284,11.431726
03-01-03-02-02-02-14,happy,3.7370625,0.02576671540737152,0.17468783386752137,2391.6690670331536,1594.462806773673,-460.25073,6.1430726,-32.214764,5.20724,-24.66053,-11.89786,-16.597824,-12.592395,-5.999836,-9.557187,6.459054,9.31201,12.457918
03-01-04-01-01-01-14,sad,3.7370625,0.0016595447668805718,0.11462089342948718,2329.3609215860047,1753.8921982106328,-695.4439,42.97411,10.924065,11.308174,-10.861366,-5.2898874,-13.082873,-3.7171469,-7.7509704,-1.9518111,-4.190265,-1.5992954,-2.3053362
03-01-04-01-01-02-14,sad,3.603625,0.002338747028261423,0.08107629286504425,2161.951938766069,1696.481664881469,-696.2504,42.8552,4.3584657,4.226677,-10.646991,-5.051335,-12.8571615,-3.2816005,-8.773077,-4.9921465,-7.058004,-4.71169,-2.7049785
03-01-04-01-02-01-14,sad,3.603625,0.0017199559370055795,0.15633210038716813,2689.8182581208653,1867.543943132731,-672.6378,31.15714,4.538546,7.139104,-12.949647,-4.675031,-17.048246,-2.5547721,-6.8609023,-3.396804,-6.1702967,-2.0193334,-4.7974896
03-01-04-01-02-02-14,sad,3.536875,0.0023963002022355795,0.14960761542792791,2661.6300540634234,1935.965184150085,-664.55334,39.11212,9.235103,6.466589,-8.2806015,-4.9236197,-16.277533,-2.9929314,-7.6026716,-3.2506301,-4.7761974,-1.7351623,-4.263382
03-01-04-02-01-01-14,sad,3.8705625,0.0033329881262034178,0.1196248708677686,2851.458409901872,1944.5735496006066,-607.9858,26.617256,-4.447657,1.7374625,-14.15206,-5.7895007,-18.630718,-4.823463,-5.902207,-2.5938473,-4.1653996,-5.267918,-3.2413833
03-01-04-02-01-02-14,sad,3.670375,0.0021056237164884806,0.11991338315217391,2285.094681690726,1660.3621940255334,-666.6961,36.185547,-3.8681507,7.8435307,-12.406465,-6.1949735,-16.243824,-5.9416394,-3.0503018,-3.6277769,-2.8920755,-3.715447,-0.44491172
03-01-04-02-02-01-14,sad,3.670375,0.0043528079986572266,0.13572520380434783,2586.0452268461463,1852.060673505071,-599.46625,30.615387,-6.7949224,0.7132884,-16.905478,-8.410936,-20.15926,-7.2106457,-7.473128,-6.5118465,-3.4810643,-6.173218,-4.6991377
03-01-04-02-02-02-14,sad,3.9039375,0.006443373393267393,0.15681832735655737,2478.4824358656306,1740.439149217003,-568.33813,26.35829,-15.657148,6.8270693,-24.664299,-9.361769,-23.65602,-10.018655,-5.1776614,-12.258036,0.61194587,-10.0398445,-4.372687
03-01-05-01-01-01-14,angry,3.603625,0.0055603692308068275,0.12771795492256638,2664.9513262101277,1867.730478556774,-587.48846,24.519901,-5.7387295,0.73027873,-15.705221,-3.240923,-12.578431,-4.201878,-8.056024,-7.076213,-7.235621,-3.1185167,-1.6484044
03-01-05-01-01-02-14,angry,3.70375,0.0070129320956766605,0.11086930899784483,2138.6555072579577,1624.1851595718977,-568.53375,27.320162,-7.542948,1.626094,-17.13149,-3.192896,-10.595171,-6.3980308,-4.8692536,-2.391899,-4.4250674,-2.2036176,-2.2312927
03-01-05-01-02-01-14,angry,3.7370625,0.008496579714119434,0.14828308627136752,2377.1880108025916,1628.3168730742186,-544.6025,21.03614,-9.30065,2.724293,-22.131502,-5.14501,-16.591173,-9.23218,-7.915779,-4.454813,-6.1927505,-6.136509,-6.094322
03-01-05-01-02-02-14,angry,3.9039375,0.00888693705201149,0.15966396644467212,2486.0993727848736,1707.0272250611317,-540.61993,23.727364,-14.106954,-2.8991828,-21.399466,-6.8979726,-17.191666,-10.883007,-7.4648666,-6.495332,-8.92557,-3.921204,-2.556438
03-01-05-02-01-01-14,angry,4.2709375,0.049719322472810745,0.16634721898320895,2257.201413205135,1562.286958439226,-363.7764,21.405737,-31.247282,-4.352547,-30.543518,-5.0949254,-14.6377735,-9.855731,-5.8771405,-5.524045,0.85481524,-1.0704582,7.071474
03-01-05-02-01-02-14,angry,4.3710625,0.03591237589716911,0.17466925182481752,2363.5532284172978,1609.0217013021213,-388.83304,16.664482,-31.457424,-5.75084,-31.648159,-5.49722,-16.529745,-8.774499,-3.4903054,-3.67583,3.773655,-0.20855117,5.862786
03-01-05-02-02-01-14,angry,4.170875,0.04947027191519737,0.14477352695610687,2376.083220835546,1666.9065146758821,-364.42148,12.90822,-35.20119,-11.005194,-30.104021,-4.6435137,-18.003265,-9.541166,-2.5989473,-0.80032724,4.182908,-0.14486344,3.3791332
03-01-05-02-02-02-14,angry,4.4044375,0.03479302302002907,0.17488960597826086,2722.215823031179,1848.0901167326263,-414.08514,18.881214,-23.347149,-6.2093825,-29.102785,-2.580917,-20.011414,-10.646478,-7.2193427,-7.4475584,-2.9235854,-4.7194066,2.9325848
03-01-06-01-01-01-14,fearful,3.3700625,0.0014937741216272116,0.12234209168632075,2295.0763603710825,1698.7820102470475,-701.0656,34.721516,8.53038,13.971068,-8.931002,-4.673447,-15.154186,-4.783513,-7.5305233,-6.008512,-7.0377965,0.21988635,-4.5768714
03-01-06-01-01-02-14,fearful,3.57025,0.0018397265812382102,0.15877859933035715,2556.2374092065365,1823.831392276626,-655.22186,29.812073,-0.774111,6.621732,-9.557689,-1.8300941,-13.987825,-1.3932855,-4.503194,-4.506162,-4.669452,-1.0190464,-4.151477
03-01-06-01-02-01-14,fearful,3.3700625,0.0021628637332469225,0.13073500147405662,2931.925161539305,2095.35283170238,-678.95276,33.85998,5.6696205,4.99802,-7.457189,-6.739278,-16.337408,-2.4390056,-9.830989,-6.069538,-4.8754582,-2.8383036,-6.7926497
03-01-06-01-02-02-14,fearful,3.3700625,0.003055978799238801,0.1481472951061321,2643.982901574828,1844.325763765868,-638.02356,28.20805,-4.1046295,7.862031,-10.307355,-10.45876,-19.929972,-1.3010409,-7.252925,-7.1288285,-4.964126,-0.74661773,-6.2881393
03-01-06-02-01-01-14,fearful,3.3700625,0.03419595956802368,0.18167747641509435,2402.2145509119796,1518.5125888975087,-423.67706,0.83178526,-34.653046,-2.4319713,-25.067795,-6.3626018,-18.68964,-10.305847,-2.9409082,-2.6565742,12.204442,10.95324,10.783293
03-01-06-02-01-02-14,fearful,3.4034375,0.03323126211762428,0.19580078125,2465.4905166044723,1645.0432701429927,-421.61218,2.968586,-32.49282,3.5875292,-23.225147,-7.985457,-15.006003,-10.071883,-1.6831682,-6.241706,10.698098,9.929843,10.552885
03-01-06-02-02-01-14,fearful,3.5035,0.016726180911064148,0.16653497869318182,2427.1507905585954,1596.1122285632528,-490.95917,6.851349,-28.038664,-2.6528893,-24.812504,-7.847756,-20.768763,-10.560172,-6.838268,-16.020145,-2.3763146,0.46713993,8.65137
03-01-06-02-02-02-14,fearful,3.470125,0.020148606970906258,0.19271878583715596,2429.345711985802,1572.495930449003,-472.38644,5.24663,-32.669365,-3.3200405,-26.28066,-11.219711,-20.820618,-10.49682,-1.4830188,-12.026197,0.8561769,4.0974445,11.994307
03-01-07-01-01-01-14,disgust,3.7704375,0.0045392788015306,0.14036430746822035,2661.1413911246846,1826.5770814544883,-578.54816,24.49378,-5.2231774,1.2251027,-10.533516,-8.8988085,-17.913256,-7.3253617,-7.20759,-3.2260501,-7.285779,-1.0241138,-4.445121
03-01-07-01-01-02-14,disgust,3.637,0.003453028853982687,0.07775664747807018,2088.794982522207,1595.9981543055458,-643.4864,37.58318,-7.0399733,-1.9716685,-13.96383,-9.329093,-15.990619,-6.1768637,-8.177872,-2.2412636,-3.9327574,-5.5216074,-0.27183792
03-01-07-01-02-01-14,disgust,3.7370625,0.0030660703778266907,0.13591329460470086,2446.4123934433414,1695.2341213513373,-647.9335,30.982738,3.2485752,-1.0673836,-6.8399863,-4.8073506,-11.452471,-5.431068,-8.977129,-3.3831382,-4.2071276,-5.0537543,-5.553684
03-01-07-01-02-02-14,disgust,3.7704375,0.006978093180805445,0.14277674788135594,2350.099339028465,1698.1168783206433,-553.6306,34.856228,-2.4645681,-3.2763608,-17.8493,-8.288719,-19.352856,-9.30828,-10.338942,-7.454436,-4.381951,-5.43409,-4.792023
03-01-07-02-01-01-14,disgust,3.93725,0.009077171795070171,0.20116793724798387,2574.4166848398067,1690.9151930905043,-503.53558,19.177938,-13.120578,1.9078473,-26.09685,-9.015731,-24.239176,-9.596353,-3.0945127,-3.1754487,-0.7764895,-5.161431,-2.8705754
03-01-07-02-01-02-14,disgust,3.7370625,0.004128847736865282,0.15824485844017094,2466.3935635156586,1737.4395501863942,-594.47455,26.784649,-7.5854735,0.33067504,-16.550247,-6.022732,-26.491459,-5.5882115,-9.113454,0.10176373,-5.881448,-3.5434844,-0.19360197
03-01-07-02-02-01-14,disgust,3.670375,0.0037954123690724373,0.18217561141304348,2400.2101410067658,1640.0084618871094,-591.09,33.14504,1.0338413,0.56253487,-14.036469,-11.209904,-17.484362,-5.3979154,-8.939569,-6.004065,-5.713981,-4.9659452,-4.123379
03-01-07-02-02-02-14,disgust,3.8038125,0.008369100280106068,0.10568211659663866,2185.6391881785958,1578.978639389389,-581.2941,29.837156,-10.136681,-3.9646554,-18.791727,-9.588518,-24.52833,-8.379126,-8.543547,-7.251745,-3.8562837,-8.887191,-2.5456886
03-01-08-01-01-01-14,surprised,3.637,0.001989951590076089,0.09590443393640351,2262.977106887522,1629.921671616251,-670.0705,32.22514,-4.583505,3.0486596,-14.58019,-4.070769,-12.422421,-3.8017046,-7.210006,-4.792982,-8.255081,-2.9879277,-6.1171427
03-01-08-01-01-02-14,surprised,3.57025,0.0022663138806819916,0.092315673828125,2192.42155321338,1586.1305673597592,-654.36774,31.77063,-7.333401,1.6644461,-13.319301,-5.283091,-10.530438,-4.615135,-5.6146975,-4.8482704,-7.456713,-2.3933613,-3.6808603
03-01-08-01-02-01-14,surprised,3.20325,0.002503358293324709,0.12106474319306931,2426.8421504629137,1706.3384592878042,-657.57574,27.76524,-2.6464837,1.080685,-12.566208,-8.356919,-15.355095,-4.3139453,-8.591226,-5.6512337,-5.935852,-3.5493913,-4.835278
03-01-08-01-02-02-14,surprised,3.3033125,0.0029443087987601757,0.10183011568509616,2266.5580019701247,1623.913723021491,-641.0257,29.512987,-6.200625,-1.0469868,-12.633734,-8.773431,-13.290185,-3.8529077,-7.9684978,-6.237847,-7.665673,-3.9258041,-4.221421
03-01-08-02-01-01-14,surprised,3.970625,0.003429773496463895,0.11362109375,2387.8588424102845,1746.979163135041,-629.8877,40.656425,-8.007529,-1.4057194,-15.702329,-1.5507816,-10.022287,-8.366846,-5.208034,-5.780849,-8.329816,-1.7065723,-1.5653156
03-01-08-02-01-02-14,surprised,3.70375,0.007501538842916489,0.10213917699353449,1977.2422370199815,1442.0809836461663,-579.8817,33.647255,-15.793277,-3.6814187,-18.54765,-6.8715653,-15.80502,-7.091889,-7.6414165,-8.74605,-4.378701,-3.3813062,0.6015183
03-01-08-02-02-01-14,surprised,3.70375,0.004846620373427868,0.150634765625,2246.186988854267,1546.8326905246643,-581.36304,27.684443,-10.273019,-3.3994834,-16.305027,-8.641381,-16.110603,-6.5873933,-8.383286,-7.5596704,-8.046155,-2.4546053,-2.4222586
03-01-08-02-02-02-14,surprised,3.7370625,0.004014935344457626,0.1621052016559829,2465.557857857653,1629.912440418907,-610.28577,26.598858,-1.1007067,2.4903781,-12.930873,-7.240044,-14.726774,-4.8679185,-8.550413,-7.7819943,-8.356449,-2.4374273,-2.2979138
03-01-01-01-01-01-15,neutral,3.3700625,0.004510565660893917,0.0892357016509434,2100.430496028926,1910.13864181506,-623.66833,64.53391,-5.7643166,18.603746,2.1367145,-0.2980256,-0.93952173,-4.5972652,-2.8847952,-1.2218337,-0.124309234,-0.39677414,1.364796
03-01-01-01-01-02-15,neutral,3.4368125,0.0037123216316103935,0.07451262297453703,2015.0544807147521,1977.5075276415998,-641.0098,67.2876,-0.66649014,22.495577,2.5229025,2.6858447,3.5103323,-1.3885788,-1.3935637,1.2444384,2.1264763,1.171345,3.1297424
03-01-01-01-02-01-15,neutral,3.43675,0.004474633373320103,0.07720269097222222,1826.8871683007835,1943.3916924438804,-626.47156,73.27184,-0.22501133,19.870104,6.509414,3.1625311,1.4478371,-1.5063303,-2.774763,0.8593959,3.222326,1.9111975,2.97857
03-01-01-01-02-02-15,neutral,3.4034375,0.00443344796076417,0.08202668662383178,1914.0236910225985,1942.4074607862024,-624.38666,68.467705,0.41968665,19.899603,2.9379663,2.4563942,0.56182945,-4.7498107,-0.3867715,-0.6488801,2.212121,1.2162555,1.8871601
03-01-02-01-01-01-15,calm,3.57025,0.002671945607289672,0.07957676478794642,1863.401109506927,1896.0085175151903,-643.04266,76.97835,2.5894928,19.257748,3.5229263,1.5446621,1.5947932,1.3492928,-2.5846074,2.2643924,3.4422302,-1.0460836,2.38082
03-01-02-01-01-02-15,calm,3.57025,0.003005601465702057,0.104461669921875,2168.254908952279,1922.0068826076858,-637.58093,65.656654,1.656532,20.465635,2.1293092,4.00051,-2.7988873,0.05284667,-2.0234904,-0.009879385,5.298959,-2.642405,2.9251812
03-01-02-01-02-01-15,calm,3.7370625,0.0036293668672442436,0.13112229567307693,1791.1778147567231,1629.5751507860948,-598.3631,70.25036,-3.9223504,22.434666,1.2553458,3.9092243,-4.3375945,-3.0093782,-4.6215177,-0.51233333,8.272154,-3.7725687,1.3472681
03-01-02-01-02-02-15,calm,3.57025,0.0032844189554452896,0.10060337611607142,2104.7157407988902,1974.1195678656331,-635.9635,69.06978,3.9628012,18.518368,5.3171544,1.8002417,0.6262229,-1.6910392,-4.2462363,-0.5868856,4.2747507,-1.6657465,2.1555743
03-01-02-02-01-01-15,calm,3.670375,0.003269553417339921,0.08270635190217392,2000.4117373863405,1965.7890848648337,-637.9084,70.5129,3.365082,18.110025,2.426223,1.3577838,-0.48967716,1.0878729,-3.8761494,2.2997108,3.2950497,-2.328654,2.7201018
03-01-02-02-01-02-15,calm,3.8038125,0.0032979222014546394,0.0712890625,1677.4127610165438,1846.5722958113988,-628.62695,74.965744,5.5577126,20.89708,3.2864776,3.3794703,1.3218747,0.4268773,-2.4270058,1.8997291,3.509008,-1.4635894,3.0742836
03-01-02-02-02-01-15,calm,3.9373125,0.004081894643604755,0.08063334803427419,1686.7676101688937,1752.9991994191835,-605.5359,80.463615,7.437022,22.355946,2.172871,3.962183,0.26171,-1.7521911,-3.8432844,-2.0719063,3.6932566,-2.289449,2.3777757
03-01-02-02-02-02-15,calm,3.603625,0.00331671629101038,0.093348140210177,1841.1794065857557,1813.1175802114394,-617.3767,67.52616,7.007872,21.227806,4.2106037,6.2398643,-4.606778,0.8575036,-1.1809335,-0.35133582,4.0140204,-3.8192127,1.9903405
03-01-03-01-01-01-15,happy,3.4034375,0.005432787351310253,0.08288916471962617,2074.824745858459,1919.009823522043,-601.5678,63.607826,-11.77823,22.046965,1.9913608,-4.1434364,0.79047054,-6.5177727,-1.8229706,2.736203,0.3965531,1.1280402,1.884834
03-01-03-01-01-02-15,happy,3.3366875,0.006459448020905256,0.07414899553571429,1801.1025603581445,1832.550552926755,-584.0941,63.010567,-7.685611,20.817554,2.113555,-0.5392659,2.3213181,-5.369911,-0.27068618,1.5739526,3.1077218,0.27764395,0.8831849
03-01-03-01-02-01-15,happy,3.3366875,0.005170300602912903,0.0934477306547619,1877.8743824279368,1856.7987407209484,-596.36426,65.26825,-9.842688,22.668602,7.5523977,-1.0581057,-1.6679603,-3.1152573,-2.1910126,1.7599547,2.3623621,-0.21819158,1.8447783
03-01-03-01-02-02-15,happy,3.4368125,0.006388754118233919,0.09788682725694445,2037.2241918798172,1908.1185087578804,-583.70245,61.954887,-9.357784,21.130741,5.928067,-4.2629066,-0.25028184,-4.9296093,-4.4302793,0.14440869,3.3826447,-0.13583416,2.3055928
03-01-03-02-01-01-15,happy,3.57025,0.014335551299154758,0.09763881138392858,1773.8694587951436,1805.105758854051,-519.8238,45.17349,-1.9612083,22.871517,4.7505527,2.7020993,6.093812,-0.20578243,3.9153285,3.8847947,4.235894,4.9603314,3.5644822
03-01-03-02-01-02-15,happy,3.470125,0.010569370351731777,0.09339610808486239,1967.4018693932567,1899.7002808259706,-523.0918,55.965656,-14.358083,23.81489,3.610311,-4.189464,3.6365077,-6.4105654,-0.80392665,4.296864,0.77948374,0.50854164,2.619921
03-01-03-02-02-01-15,happy,3.8038125,0.013059316202998161,0.10580521271008403,1974.1714370452353,1858.7209411815436,-486.91284,51.218105,-13.038137,20.877134,2.4592745,-5.7486453,0.3637607,-8.233635,-0.681321,1.1288403,0.4053633,-0.50845826,0.6583439
03-01-03-02-02-02-15,happy,3.3700625,0.009860076941549778,0.12557119693396226,2301.5800918383343,1907.622482230014,-552.0061,49.070908,-13.61983,23.07023,1.5965631,-4.1364174,-0.20786667,-6.6891303,-0.55780333,3.8650932,2.3418953,-1.0291923,2.3959036
03-01-04-01-01-01-15,sad,3.5035,0.0051433551125228405,0.07821377840909091,1935.1175871286202,1925.944892075037,-605.0054,62.53175,-3.90014,21.86906,1.7967054,-0.5158646,1.0038636,-4.1599216,0.2670543,-1.3479431,0.017609613,-0.9079891,-0.6043704
03-01-04-01-01-02-15,sad,3.3033125,0.003672233084216714,0.060415414663461536,1665.4827843016546,1953.630884238495,-650.36426,66.21894,1.1669828,26.163944,7.910654,5.9490285,4.518137,-3.0210543,5.7998934,2.6307356,7.923505,2.5303624,3.444784
03-01-04-01-02-01-15,sad,3.3033125,0.004694668110460043,0.0807354266826923,1937.7299104289411,2008.307176462856,-608.7921,59.509132,-2.2770593,22.039259,7.344752,1.7396404,1.4560553,-1.1505715,1.0633862,1.9314097,4.406207,3.0218482,2.2621534
03-01-04-01-02-02-15,sad,3.3700625,0.004143198020756245,0.08245964770047169,1676.5340804320388,1825.3033433684816,-608.52075,72.925354,-3.1135204,23.07688,6.308815,2.288215,-0.33651185,-4.6145287,1.4966756,0.09143563,-1.0968707,-0.75030285,0.44080964
03-01-04-02-01-01-15,sad,3.2699375,0.008440791629254818,0.06769095115291263,1659.7535549623417,1684.508379556091,-557.5943,53.754147,-2.2612681,19.805819,4.6428485,0.9625076,1.0013471,-2.9263124,0.553587,0.93056214,4.712399,2.2258084,1.4144701
03-01-04-02-01-02-15,sad,3.4034375,0.008519930765032768,0.05894056658878505,1709.5165491111295,1823.3847382721867,-551.92145,51.76168,-3.4216826,16.200293,6.5713043,1.1396966,0.8996306,-2.8886845,1.5900766,1.4534183,2.498348,1.6799252,0.961753
03-01-04-02-02-01-15,sad,3.536875,0.0059891692362725735,0.11477688626126126,2255.3479291732588,1944.3262272247728,-580.78107,50.623043,-11.987256,20.002998,2.8463702,-2.7544503,-0.75797313,-6.9704695,1.5707804,-2.6556473,-2.3814003,0.2813594,-0.62168133
03-01-04-02-02-02-15,sad,3.4368125,0.006960638333112001,0.07963957609953703,1712.6450825614306,1713.9745515143115,-586.7339,61.328102,-5.1358256,23.807152,9.398468,2.2819285,0.21637362,-1.0926173,3.7330363,1.4773047,0.87399703,2.156566,3.7774236
03-01-05-01-01-01-15,angry,3.637,0.009626636281609535,0.09697522615131579,2071.9043085075095,1888.9534549858008,-517.7834,49.23187,-8.057759,17.509052,-1.5717431,-1.4852567,3.2503858,-5.3330607,-0.95516706,0.729876,-0.25488096,-0.42978656,-0.027561225
03-01-05-01-01-02-15,angry,3.603625,0.014549094252288342,0.08474056277654868,2159.620807168197,1999.4817318761636,-502.9515,46.396217,-11.318783,11.553417,-5.3890266,-2.7190976,2.2276433,-6.018257,0.049641464,-2.268309,-0.16169295,0.7890873,-1.0692767
03-01-05-01-02-01-15,angry,3.70375,0.010881165973842144,0.09288287984913793,1875.34429030999,1777.3746630695578,-535.33167,56.601845,-10.722456,19.46505,1.7215075,-1.8313193,3.9375432,-4.4411073,-0.95519,-1.5192868,1.7594439,0.85826164,0.95169044
03-01-05-01-02-02-15,angry,3.536875,0.017603648826479912,0.10704796593468469,2229.168444094326,2034.7628098623063,-493.29184,39.18524,-10.514887,10.7948,-4.1214776,-4.2906303,1.6706381,-8.810388,0.85914385,-2.923605,-1.1104192,1.2962102,-2.0044644
03-01-05-02-01-01-15,angry,3.536875,0.021098628640174866,0.08219840934684684,2642.5748556754147,1935.8476638317618,-468.38422,31.524515,-14.396647,7.7432723,-7.8558455,-3.2642608,-1.3941141,-7.8124847,-3.662181,-3.7231252,-4.7048273,-1.0104226,-5.1840434
03-01-05-02-01-02-15,angry,3.737125,0.02549302764236927,0.10499716212606838,2285.6892786554586,1921.2983203841209,-440.74857,40.205967,-13.790772,8.669304,-8.901313,-4.4363036,0.9178568,-9.470034,-2.5355678,-3.6449046,-1.5838513,-2.210593,-3.9263606
03-01-05-02-02-01-15,angry,3.4701875,0.016634080559015274,0.10908830275229357,2041.5183456735792,1912.0683558825576,-483.50244,42.526367,-7.9091926,17.031668,3.0523021,-4.00216,-2.049883,-4.1711187,-1.9926072,1.9603493,1.6986588,1.798216,0.23205523
03-01-05-02-02-02-15,angry,3.603625,0.030122807249426842,0.13066924778761063,2228.6874158833366,1896.533574765951,-422.96448,32.165848,-11.526529,10.54207,-6.203667,-5.0098915,-1.9963398,-8.389842,-3.6874137,-4.3212733,-0.697029,-2.486652,-5.7527413
03-01-06-01-01-01-15,fearful,3.3033125,0.006140135694295168,0.05816180889423077,1525.4097110939883,1734.0418933606418,-597.9886,56.220554,3.0121706,20.470665,11.033384,4.7018237,1.1985726,-1.2097923,4.4258914,2.8666482,5.993326,2.754479,3.3152351
03-01-06-01-01-02-15,fearful,3.3033125,0.006845423951745033,0.07654747596153846,1879.549810112216,1925.5377281661017,-570.4712,57.79181,-0.24504441,18.942139,7.114692,-0.6528417,-8.847207,-1.5392486,7.394275,2.0661101,3.3891282,4.85105,2.0505948
03-01-06-01-02-01-15,fearful,3.2699375,0.0067619020119309425,0.0736498786407767,1960.9678847308937,1984.0890299863588,-577.9677,52.905228,6.4170585,16.856047,9.511356,3.7338579,-4.4975586,-0.08329797,5.5740314,1.5943522,1.4634924,4.4909744,2.8923242
03-01-06-01-02-02-15,fearful,3.3033125,0.00643122848123312,0.16943828876201922,2355.658824437284,1915.025968828885,-528.786,46.29171,-6.8227515,14.005378,-0.16614804,-5.9119697,-16.388628,-10.180915,-1.4120865,-3.40222,-6.584069,-2.9146688,-1.5149856
03-01-06-02-01-01-15,fearful,3.3366875,0.016156092286109924,0.06833612351190477,1751.5824418436248,1919.3824738412961,-500.1446,44.256386,-3.373648,19.216667,3.0312421,-0.9637411,2.0707853,-3.7368233,0.73228323,0.13207674,-0.06772289,3.8792076,0.7993595
03-01-06-02-01-02-15,fearful,3.4701875,0.022759301587939262,0.10234643778669725,1978.938954970928,1933.4384832201058,-449.81784,31.14744,-4.873975,15.99283,0.44035876,-4.5932245,-2.8065476,-5.5055895,-1.0726334,-1.3038276,-1.1139443,0.276986,-1.7114836
03-01-06-02-02-01-15,fearful,3.3700625,0.012145628221333027,0.11559367629716981,1796.3645096342857,1709.9082650210619,-514.8561,44.501957,-4.38278,21.415125,4.0596204,-3.480329,-1.0966948,-4.8833084,2.0652804,-1.3104454,-0.11294561,3.2729316,2.328296
03-01-06-02-02-02-15,fearful,3.5035,0.018357252702116966,0.11848366477272727,2184.73798949216,1923.7159252003537,-482.09058,37.29048,-12.9575615,14.027674,0.60037076,-4.499105,-3.7681127,-9.848533,1.0519576,-1.5989357,-0.36427706,1.864119,-2.088703
03-01-07-01-01-01-15,disgust,3.7370625,0.0053198193199932575,0.10387870592948718,2098.060121024673,1814.9168312188444,-563.07623,65.09491,-9.587645,18.723198,4.087106,-6.1713595,-9.179905,-8.272408,-0.74868935,-4.2635493,-4.4542494,2.4784415,-2.5684657
03-01-07-01-01-02-15,disgust,3.637,0.004087789449840784,0.12591659813596492,2168.405599349011,1790.787194423096,-576.78125,68.36564,-21.123356,19.597435,1.1185105,-0.99994934,-6.296067,-5.879351,1.6053987,2.422737,-1.7832363,-1.0102341,2.1529586
03-01-07-01-02-01-15,disgust,3.670375,0.005323376972228289,0.11657608695652173,1962.3092223111119,1765.2376695680077,-575.44775,70.69614,-11.547561,18.889862,7.199157,-2.5267985,-14.179273,-7.347076,5.101519,3.1568198,-2.78167,-0.014496007,5.161574
03-01-07-01-02-02-15,disgust,4.07075,0.00798225961625576,0.10400772094726562,1905.5650946200687,1789.3078127870538,-540.4542,61.314774,-6.5771017,17.633694,5.7451525,-3.102733,-4.2902203,-8.218798,-0.25257763,-2.19743,-2.2222319,-1.3306109,-0.12163579
03-01-07-02-01-01-15,disgust,3.7036875,0.008533530868589878,0.1081164129849138,2059.7240246042365,1865.1087815059223,-518.5855,50.18275,-11.570564,18.985722,1.4636018,-1.1104951,-2.941,-4.854824,-0.29247296,-0.19172625,1.735102,0.28478715,2.5626853
03-01-07-02-01-02-15,disgust,3.3700625,0.006560235749930143,0.0692115639740566,1555.9418547028865,1702.906278129515,-544.03864,76.54267,-7.494459,20.822275,5.3694096,0.43682614,-4.391518,-5.871118,2.2402594,5.828664,3.5032053,3.5742633,2.5524282
03-01-07-02-02-01-15,disgust,3.3033125,0.010295210406184196,0.08413461538461539,1533.196343676614,1550.730871139777,-531.5131,59.90963,-13.59348,15.942323,3.4542794,-0.8328867,-5.421287,-4.845682,1.3031251,-0.41079542,3.558603,1.9969256,0.85106504
03-01-07-02-02-02-15,disgust,3.4701875,0.008696993812918663,0.10077408256880734,1964.760333756411,1879.6331105921886,-538.9808,54.601997,-7.122776,17.14887,5.941933,-1.5847481,-6.174993,-4.325582,2.8151052,-2.952274,0.9564533,-0.18678501,-0.89416754
03-01-08-01-01-01-15,surprised,3.637,0.00701941316947341,0.07542660361842106,1534.7248746466394,1607.158800377398,-565.72186,73.57319,-12.774698,23.880182,3.4536376,-1.6913954,0.031177413,-4.614843,0.32678616,1.9647315,1.6819674,-0.41599414,3.6908903
03-01-08-01-01-02-15,surprised,3.4368125,0.006511346437036991,0.07286241319444445,1941.1235216597881,1921.8999573224132,-573.21436,58.31587,-7.221505,18.072245,1.702877,1.9701262,0.050530735,-5.0252357,1.1203207,1.2745829,-1.6764501,-2.5982656,1.2295772
03-01-08-01-02-01-15,surprised,3.70375,0.005591281224042177,0.11948158001077586,2121.1480326018273,1883.5084431960875,-575.5771,60.542515,-10.756496,17.943697,3.3319106,-2.8869185,-1.7037933,-7.551788,-0.16486594,2.9662526,0.19955474,-2.5330226,2.4598057
03-01-08-01-02-02-15,surprised,3.3700625,0.0058625927194952965,0.07852115271226415,1841.4777518221456,1905.8188539572354,-599.38434,70.25276,-0.2282446,18.761505,4.619925,1.2481275,-4.5871854,-8.059979,1.6158121,-0.48395833,0.18131171,0.8688167,-1.5781751
03-01-08-02-01-01-15,surprised,3.3700625,0.014520464465022087,0.07120154038915094,1966.6104994545117,1979.2197011039748,-520.39795,49.60165,-2.9212282,18.913965,3.471696,0.9732126,1.2435769,-4.2237997,2.0429578,2.6052616,0.0077610374,2.3674312,0.6673451
03-01-08-02-01-02-15,surprised,3.3033125,0.008850406855344772,0.06966458834134616,1841.4564322513493,1919.1184034086154,-553.84753,56.79383,-5.9542627,26.395662,4.966023,-1.1057563,3.6358297,-4.015064,4.0412974,4.2802577,0.8813396,1.7444166,4.577532
03-01-08-02-02-01-15,surprised,3.20325,0.006030303426086903,0.08097733601485149,1823.1493924458953,1915.558836880752,-603.3442,69.27375,-1.281583,26.001291,8.070292,2.5487294,-0.11604917,-5.5092998,0.8552169,1.9549602,2.235303,2.4419444,3.0524235
03-01-08-02-02-02-15,surprised,3.3366875,0.008475810289382935,0.09884207589285714,2034.9894885613758,1913.5479555901147,-541.949,60.049427,-5.8102317,23.603806,5.428843,-4.2325687,-2.5772781,-8.09158,-1.5516193,-1.614856,-0.0772261,-0.09449788,1.0762974
03-01-01-01-01-01-16,neutral,3.7370625,0.002987566404044628,0.08554520566239317,1929.2240797443217,1511.2674560305754,-648.9672,53.7404,4.5749846,8.229105,-7.270273,-10.226438,-8.961905,-6.882347,-4.2617636,-8.303716,-3.7134514,-3.799574,-5.601083
03-01-01-01-01-02-16,neutral,3.737125,0.0031904284842312336,0.08732305021367522,1985.6086140598773,1578.6749139321967,-657.92053,54.058548,4.039726,10.769808,-7.9627237,-10.306505,-8.863695,-5.426328,-3.3568163,-7.637351,-4.098895,-3.2729735,-5.9067874
03-01-01-01-02-01-16,neutral,3.603625,0.004670941736549139,0.11182936946902655,2282.0902065105092,1808.2558841369816,-619.2714,47.17354,1.8116018,8.355177,-6.5536704,-17.112352,-12.504834,-6.47682,-1.9357451,-7.67815,-3.7072046,-3.5299366,-6.934221
03-01-01-01-02-02-16,neutral,3.57025,0.004352599382400513,0.11279296875,2248.529263051808,1585.5220690968295,-631.21497,42.014282,4.0303946,9.124542,-7.131707,-12.769816,-12.064708,-5.0010176,-5.6370435,-6.090576,-2.467909,-5.968886,-4.909161
03-01-02-01-01-01-16,calm,3.7036875,0.0023356727324426174,0.08161031788793104,1798.6097029307948,1435.6843493052843,-694.9731,51.328407,1.9465901,7.406742,-5.588081,-10.695954,-10.672519,-1.6416324,-4.3356805,-8.265339,-4.8915462,-2.6434383,-6.094182
03-01-02-01-01-02-16,calm,3.8705625,0.0033325133845210075,0.09475481017561983,1787.4747640182231,1466.1808273689026,-635.53296,51.15316,4.60687,11.805648,-7.206468,-13.286069,-7.3221135,-4.2336106,-5.7259736,-8.658239,-3.597875,-3.26276,-3.4683335
03-01-02-01-02-01-16,calm,3.8038125,0.003068653168156743,0.0999663537289916,2219.458648502467,1718.73843227821,-659.9184,41.60895,7.2607636,9.734169,-6.63241,-15.069748,-10.836428,-6.784077,-4.829319,-9.509812,-3.2290902,-2.1632864,-8.486936
03-01-02-01-02-02-16,calm,3.670375,0.0039286306127905846,0.1160750679347826,2227.7034606024617,1603.217972159762,-630.3569,40.04533,5.7270546,10.375489,-6.1219068,-12.722488,-12.725833,-4.340857,-3.9074476,-8.543816,-4.1568084,-3.0610359,-7.430423
03-01-02-02-01-01-16,calm,3.8705625,0.003185679204761982,0.1008280604338843,2337.4393591390767,1833.9618265889442,-641.5118,45.76864,0.1821401,6.162931,-7.856913,-10.757198,-11.724045,-2.0560095,-4.9902344,-8.148343,-4.5044627,-3.2890954,-4.491771
03-01-02-02-01-02-16,calm,3.9373125,0.005304529331624508,0.09561255670362903,2275.6022501346793,1778.6259503870044,-602.51196,50.423553,-2.2029412,12.650744,-3.9487567,-10.90374,-9.673683,-4.279222,-1.5831754,-10.49307,-6.461691,-1.4165233,-6.9683213
03-01-02-02-02-01-16,calm,3.8038125,0.00289549445733428,0.10819738051470588,1923.0900672475682,1479.7913878631175,-661.47046,43.746407,3.7630785,6.106171,-7.2129683,-15.596247,-10.913224,-6.239988,-3.1079588,-9.87066,-6.1431193,-0.99970573,-8.835373
03-01-02-02-02-02-16,calm,3.8038125,0.0030144185293465853,0.10614577862394958,2296.9996214035245,1723.904521537204,-660.3575,47.004673,2.4182699,5.413911,-5.217265,-17.73146,-10.97965,-6.4198346,-4.3618593,-7.957589,-4.081931,-1.5708073,-7.443113
03-01-03-01-01-01-16,happy,3.70375,0.007136741653084755,0.1003039129849138,2127.6894661695046,1530.8656752408513,-583.67926,33.10082,-10.370889,7.950683,-9.267975,-10.248188,-12.951801,-8.21214,-1.2516539,-10.262308,-4.7895913,-0.88509136,-6.4398174
03-01-03-01-01-02-16,happy,3.670375,0.00825608242303133,0.11284391983695652,2607.619941254299,1916.7696510139333,-557.112,33.02681,-5.520595,10.179765,-7.096119,-8.780337,-11.14838,-3.3349774,-1.3040297,-8.305684,-3.3117974,-0.37681925,-5.4990263
03-01-03-01-02-01-16,happy,3.7370625,0.006954454351216555,0.1195621327457265,2562.390309189199,2024.1019880757933,-569.0709,36.584522,-5.6260195,8.515337,-6.800509,-13.175341,-12.970053,-7.500906,-3.2173326,-8.688172,-6.117254,-1.3564634,-6.585482
03-01-03-01-02-02-16,happy,3.670375,0.007315384224057198,0.11558254076086956,2148.4275827884294,1513.358417711648,-573.2815,32.07841,-8.755392,7.4166427,-7.6042633,-12.694906,-13.81895,-10.094813,-0.64601415,-7.4275336,-7.27025,-1.7462807,-6.9744606
03-01-03-02-01-01-16,happy,3.7704375,0.011992840096354485,0.11147709216101695,2149.084246947678,1588.3476757955411,-524.9554,30.028244,-13.809718,5.2486973,-9.408796,-10.391872,-14.543204,-9.496341,-0.48951912,-8.966797,-6.5660696,-1.5607893,-7.248395
03-01-03-02-01-02-16,happy,3.57025,0.020627083256840706,0.14826747349330358,2634.306826349462,1937.2111025988756,-445.00565,23.910082,-15.106811,8.46189,-12.434302,-11.867256,-9.349668,-8.107802,0.11422646,-8.29387,-5.1296425,0.41012737,-5.8080316
03-01-03-02-02-01-16,happy,3.7704375,0.013751884922385216,0.132618015095339,2526.799305637414,1884.5055123663676,-510.35654,23.911875,-8.962515,5.0168924,-13.5486355,-17.255228,-15.409713,-10.425199,-3.0892832,-12.135932,-7.072093,-4.2072916,-7.520513
03-01-03-02-02-02-16,happy,3.8038125,0.01108202338218689,0.1571239824054622,2497.0197342062006,1749.4084393321189,-526.41614,30.645138,-10.340186,5.965006,-10.5804825,-13.499121,-12.685982,-8.91623,0.92339754,-7.365096,-6.646465,-0.03952125,-10.520065
03-01-04-01-01-01-16,sad,3.57025,0.003292690496891737,0.08725847516741071,2509.6712461828456,1777.650951526279,-656.3622,38.034687,1.7627729,8.774309,-8.378806,-7.714603,-15.012682,-2.6038127,-4.8146896,-7.9376645,-4.1316824,-0.6814137,-7.4055734
03-01-04-01-01-02-16,sad,3.637,0.002953427378088236,0.09222519188596491,2022.765231665631,1712.161283815961,-654.3955,54.501778,2.9534671,8.948413,-9.957845,-12.682647,-15.265006,-5.8117547,-3.7827265,-9.527016,-4.675363,0.4175876,-7.2688265
03-01-04-01-02-01-16,sad,3.4034375,0.003342494135722518,0.0990252628504673,2170.2576730996684,1671.5070611920878,-669.5077,42.301487,1.9868643,9.234647,-2.605704,-11.007867,-14.29753,-5.6900816,-1.7482511,-9.120169,-6.057391,-0.7513147,-6.9196434
03-01-04-01-02-02-16,sad,3.5035,0.0030283164232969284,0.09978693181818182,1760.4907388726517,1391.6996367289391,-679.2774,42.970078,5.830074,9.9486885,-3.8207955,-13.158821,-14.356046,-5.687316,-4.504334,-9.181009,-6.1400423,-2.235357,-6.0578265
03-01-04-02-01-01-16,sad,3.7370625,0.004373502917587757,0.139026609241453,2153.7744666327653,1609.8437425234356,-593.7313,45.120026,-13.085929,13.309435,-9.408425,-17.221764,-24.30653,-9.647879,-1.3603604,-13.00987,-4.397505,3.3988602,-12.001213
03-01-04-02-01-02-16,sad,3.8038125,0.0035899286158382893,0.13501181722689076,2080.7278151439073,1487.6058182456914,-622.37054,42.872902,-6.046857,8.776284,-6.4474754,-13.293227,-18.184618,-8.11435,0.6894087,-11.058686,-7.6378064,4.8861995,-9.197758
03-01-04-02-02-01-16,sad,3.8705625,0.005291830748319626,0.14230775439049587,2468.025351240177,1916.2764340278043,-607.36444,45.496326,-1.4779937,8.081182,-10.157054,-19.504902,-18.643366,-12.593804,-4.069458,-11.6713,-7.9453993,-0.35323927,-11.436988
03-01-04-02-02-02-16,sad,3.7370625,0.005883714184165001,0.16698384081196582,2613.869141444544,1777.4369418266192,-580.28735,45.030266,-8.940021,9.597151,-8.68804,-22.65114,-21.35569,-4.778414,-2.5178645,-13.474321,-6.4425836,2.5500898,-8.073001
03-01-05-01-01-01-16,angry,3.9706875,0.012742843478918076,0.09696484375,1897.9937552782224,1557.242080899254,-501.64105,33.304497,-3.2205591,6.3307195,-11.777187,-5.433376,-10.842698,-9.919101,0.752364,-6.147736,-3.3815033,-0.5961394,-5.639178
03-01-05-01-01-02-16,angry,4.004,0.015574093908071518,0.1187104724702381,2494.7587677489214,1896.3234502634696,-476.49698,32.275898,-5.064379,3.399189,-11.540231,-5.9792953,-7.370369,-14.252958,0.2749006,-6.7905564,-5.787504,0.5003237,-5.605604
03-01-05-01-02-01-16,angry,3.9039375,0.01194195356220007,0.12881419697745902,2411.565120396805,1711.1218647593037,-531.26117,28.768826,-3.7767591,-1.3787471,-12.077914,-6.459353,-13.52562,-13.793722,-3.7311237,-6.282697,-7.7031965,-2.7371469,-6.8414674
03-01-05-01-02-02-16,angry,3.9039375,0.017903517931699753,0.14694464011270492,2366.2270918531567,1806.9840881027378,-479.9673,29.945797,-3.273193,6.685614,-11.63626,-7.6688914,-13.399967,-13.626763,-1.4513061,-7.1837997,-7.41901,0.48420194,-7.0491223
03-01-05-02-01-01-16,angry,3.9706875,0.02590199187397957,0.122125,2146.5699236576493,1656.903935460163,-419.1382,26.712727,-7.9698935,2.366112,-17.370794,-6.6212206,-9.583561,-13.078626,0.4463802,-8.548461,-4.073683,-1.1792122,-6.9862003
03-01-05-02-01-02-16,angry,3.7370625,0.03878173232078552,0.13658937633547008,2235.4369115570626,1669.6310427869712,-407.04526,20.05263,-17.664024,1.7984996,-18.348322,-7.2832766,-11.278743,-17.003492,2.3899753,-8.147113,-5.416292,-2.2017083,-7.7815156
03-01-05-02-02-01-16,angry,3.8038125,0.039952218532562256,0.15581916360294118,2203.703683952544,1599.60286499176,-426.687,17.354733,-16.069511,3.3441246,-17.65274,-5.191529,-10.424487,-18.517885,3.778685,-9.669229,-5.7873917,-4.619688,-7.7612724
03-01-05-02-02-02-16,angry,4.07075,0.029540400952100754,0.16452407836914062,2289.4267754161206,1632.684145800703,-434.83502,21.014095,-12.552252,2.069596,-16.405241,-6.113461,-9.138945,-16.37051,4.0941133,-8.6465845,-3.7060196,-1.8191501,-8.228057
03-01-06-01-01-01-16,fearful,3.7036875,0.008444772101938725,0.12225552262931035,2190.5197314570014,1629.319397030373,-560.3365,37.834587,-9.004407,8.250767,-9.506641,-9.659619,-14.964383,-11.952426,-0.46126616,-11.093237,-10.324398,6.117998,-5.5215087
03-01-06-01-01-02-16,fearful,3.5035,0.006118894089013338,0.10067471590909091,1856.4966301843556,1413.1905455142157,-596.6408,34.685844,-0.89120775,8.064755,-5.761147,-5.146524,-14.712762,-8.276686,-0.49109572,-7.9111633,-8.279864,3.9402404,-5.738937
03-01-06-01-02-01-16,fearful,3.637,0.00649502407759428,0.15069044682017543,2610.153467844351,1923.7150909544073,-572.9483,34.116413,-1.0217965,9.952277,-6.639217,-12.651188,-15.9610405,-5.896922,-0.5359341,-9.52128,-4.8234816,2.3397264,-6.8784413
03-01-06-01-02-02-16,fearful,3.57025,0.008721692487597466,0.13705880301339285,2105.182554833831,1488.2859788693681,-537.1934,31.92201,-6.752708,4.805131,-7.559117,-13.539144,-17.979425,-11.743347,-0.23890135,-11.886022,-8.7603855,1.8700918,-9.22574
03-01-06-02-01-01-16,fearful,3.7370625,0.03198639303445816,0.17871928418803418,2391.3910435642274,1665.6210446919902,-395.11014,16.1552,-24.995592,1.6271936,-17.97261,-14.820575,-19.018538,-13.655474,-1.8544056,-15.522269,-9.605961,8.139591,-2.7788084
03-01-06-02-01-02-16,fearful,3.7370625,0.042469292879104614,0.21640458066239315,2707.000100979736,1847.8017145589629,-383.20975,9.700663,-26.453676,2.8791132,-18.089264,-16.468147,-16.327507,-11.724766,-1.1919888,-13.955226,-2.5467074,11.273836,0.62791324
03-01-06-02-02-01-16,fearful,3.536875,0.037236809730529785,0.20718961148648649,2712.183815458571,1818.008764562402,-391.38736,10.055475,-29.128216,1.9109952,-19.624012,-16.070127,-18.353525,-18.514658,0.79853547,-15.48584,-7.8917665,9.373221,-0.49970296
03-01-06-02-02-02-16,fearful,3.5035,0.04071144014596939,0.20442116477272726,2602.173332985545,1750.3855336334288,-389.56247,16.191183,-27.24325,0.922222,-17.711351,-15.987404,-18.36841,-14.9226675,1.2918297,-12.741262,-6.3672857,10.504787,0.37998345
03-01-07-01-01-01-16,disgust,3.7704375,0.004367644898593426,0.11694749735169492,2061.5217069266637,1497.1599836505738,-607.0372,42.875454,1.2642258,5.7804627,-6.661962,-4.0726476,-14.876738,-7.878089,-1.4266092,-4.840556,-6.682108,3.025983,-7.917228
03-01-07-01-01-02-16,disgust,3.7370625,0.005156171508133411,0.11560162927350427,1942.961737006357,1468.9021618592587,-592.9632,48.292366,-1.8638502,2.7538865,-8.246795,-4.0875525,-17.615767,-7.262802,-0.53464687,-7.0614743,-7.054188,0.6522788,-6.044979
03-01-07-01-02-01-16,disgust,3.470125,0.004929882008582354,0.09872688503440367,1798.341606953141,1385.5761961807634,-618.9831,39.545624,1.4780236,7.429433,-11.45177,-13.876612,-11.469459,-5.527647,-8.311049,-5.7934566,-5.3376775,-4.520064,-3.8707008
03-01-07-01-02-02-16,disgust,3.57025,0.006789137609302998,0.123565673828125,2299.980986927268,1560.2524460468771,-575.1364,45.055386,0.86635655,8.137826,-5.5988846,-10.723626,-11.951401,-6.3580565,-2.472861,-7.016487,-4.1915803,-1.7195634,-4.3750463
03-01-07-02-01-01-16,disgust,4.2709375,0.0047783576883375645,0.12478501049440298,2383.0295004052196,1871.241775934772,-574.74207,45.156876,1.3856387,5.560352,-9.5771885,-10.518076,-18.241865,-9.657206,1.4578743,-9.077539,-8.173649,-0.5193722,-7.8204885
03-01-07-02-01-02-16,disgust,4.237625,0.006072367075830698,0.13052161654135339,2043.8962477741723,1511.2517763859325,-559.2296,43.272736,-0.008889449,6.9905815,-10.891249,-5.5310564,-14.534584,-10.842241,2.6046727,-6.2904434,-7.4529333,2.3155506,-6.3595495
03-01-07-02-02-01-16,disgust,4.1375,0.007908942177891731,0.14803185096153845,2415.867608134923,1764.3581602845775,-555.921,43.863884,6.8617997,7.506398,-7.423319,-12.568697,-14.326831,-13.37792,0.3136349,-10.400933,-7.717781,-0.3895053,-9.258406
03-01-07-02-02-02-16,disgust,4.1375,0.009592171758413315,0.13169696514423077,2499.9843588316517,1647.7744534920096,-536.57776,34.250942,-1.8680657,5.1186056,-11.396854,-13.514016,-10.271327,-10.165198,-2.1835866,-8.617459,-5.478277,-2.0390387,-6.5382514
03-01-08-01-01-01-16,surprised,3.536875,0.0061230966821312904,0.08687447212837837,1843.6976061551536,1405.82462514424,-594.89716,38.64162,-8.628937,4.333819,-11.905394,-12.681332,-13.474496,-4.205709,-3.8354495,-10.31007,-2.8226724,-6.1374593,-3.350802
03-01-08-01-01-02-16,surprised,3.43675,0.009382064454257488,0.1060791015625,2649.9521025508852,1783.8030267514605,-553.5813,35.087765,-5.857043,-0.5722101,-15.465898,-14.452999,-11.89335,-5.4102936,-9.7338085,-5.2256618,-7.7158966,-6.9904103,-2.5704958
03-01-08-01-02-01-16,surprised,3.5035,0.009518563747406006,0.1122469815340909,2170.4078098886116,1595.811244788855,-573.1029,35.35333,-6.8818674,2.7051423,-11.989612,-11.923272,-16.35943,-6.889041,-4.5891786,-10.315463,-3.2991774,-6.2005367,-6.3023376
03-01-08-01-02-02-16,surprised,3.4368125,0.01473395898938179,0.10221354166666667,2144.635501641359,1604.1659461171757,-523.6733,29.50234,-6.4667554,0.03979524,-15.032151,-17.956425,-10.460009,-6.556335,-10.278742,-7.6412983,-7.8654566,-6.821576,-2.151383
03-01-08-02-01-01-16,surprised,3.536875,0.009151015430688858,0.0872923704954955,1929.0139928219994,1547.0194079767114,-548.4745,36.259327,-12.459136,1.9580961,-12.403679,-11.532243,-18.084871,-4.314556,-3.7076888,-10.35371,-4.805416,-6.0524845,-5.367452
03-01-08-02-01-02-16,surprised,3.536875,0.012684131972491741,0.09769144144144144,1867.964609767142,1450.6011157148187,-531.13336,37.372303,-9.510309,0.14677459,-16.896654,-12.604483,-11.047343,-7.8181095,-7.4836016,-9.369486,-6.8344846,-5.4899535,-3.7839136
03-01-08-02-02-01-16,surprised,3.57025,0.017102884128689766,0.15502057756696427,2563.4631558785013,1907.8614571949788,-499.95892,35.150936,-12.119415,1.0832947,-13.504619,-18.036058,-14.729135,-10.675469,-5.5194273,-11.43876,-3.5650678,-3.0149422,-6.2428207
03-01-08-02-02-02-16,surprised,3.57025,0.013651392422616482,0.10834612165178571,1964.0218537008973,1522.3287523940858,-520.8733,32.240776,-11.368161,-0.047730308,-13.964513,-17.95856,-13.991973,-8.837763,-7.9284935,-10.869158,-5.5737085,-6.264895,-2.8016655
03-01-01-01-01-01-17,neutral,3.8371875,0.004059491213411093,0.06221923828125,1737.457671328057,1930.4723113221937,-627.5086,70.61785,6.2733946,24.71305,9.781891,10.88446,-0.29722652,-8.427354,5.6678305,-0.15458208,0.29187986,5.76239,2.104731
03-01-01-01-01-02-17,neutral,3.5035,0.003978952299803495,0.05724431818181818,1848.8368028640548,2003.5984811527348,-637.0635,65.68293,4.313218,23.383066,7.0926456,10.01561,4.2484055,-5.7492394,3.3316696,2.2895486,0.13717978,6.531571,1.5752417
03-01-01-01-02-01-17,neutral,3.5035,0.004825604148209095,0.07373490767045454,1851.00223716829,1984.8387164507985,-625.5938,68.10152,5.6467204,21.795841,6.414967,10.9107065,1.5725505,-10.593405,3.1320198,-0.8073717,-1.0464966,6.0793104,-1.1681324
03-01-01-01-02-02-17,neutral,3.470125,0.004664369858801365,0.07900748996559633,1826.4118240296557,1875.8414335027435,-614.5917,65.2577,3.1294541,21.274513,5.77946,12.913923,0.9508831,-11.274992,4.967028,1.1012337,0.5152799,6.3298883,-1.3452568
03-01-02-01-01-01-17,calm,3.5035,0.0036735187750309706,0.060227272727272727,1849.104711526795,2000.720963866115,-641.1968,61.446262,4.287863,19.051525,9.980124,9.937929,-0.51075524,-4.228574,3.312065,1.524309,-0.04895068,6.4362803,0.507424
03-01-02-01-01-02-17,calm,3.536875,0.004488253500312567,0.05930197775900901,1760.2497020017151,2026.322187224792,-636.379,63.60211,12.36827,22.545235,10.746051,9.6152315,2.1051698,-4.7631407,3.893357,0.9650604,-0.25719875,6.869922,-0.42121863
03-01-02-01-02-01-17,calm,3.737125,0.004613748751580715,0.06692791800213675,1741.1683306733325,1989.259263156702,-631.23676,66.74801,15.511992,22.634686,9.037487,13.081703,1.2616042,-4.6640406,4.914968,-2.2702153,1.4350494,3.1336112,-1.2561026
03-01-02-01-02-02-17,calm,3.7704375,0.005047601647675037,0.08261884269067797,1905.6141696648174,1962.7265348979051,-620.9924,68.43423,10.430816,19.746212,7.614724,11.259717,-2.01891,-9.32852,6.150773,-1.4189199,-1.6817398,4.8650813,-2.0739648
03-01-02-02-01-01-17,calm,3.8705625,0.003914955072104931,0.07293953383264463,1806.8213121656431,1946.4737376425842,-627.9417,66.23067,8.847549,29.615517,12.856166,14.559219,-1.8135585,-5.568886,7.2296047,0.33910248,-1.5737325,2.9302983,-0.047102835
03-01-02-02-01-02-17,calm,3.603625,0.0028790899086743593,0.05731903346238938,1738.9422686822124,1982.588292950543,-667.0791,72.218735,14.543383,27.539688,8.085847,13.074734,4.543299,-0.9395813,3.3571997,0.23351824,1.3062012,5.0771737,0.82108885
03-01-02-02-02-01-17,calm,3.8371875,0.004409302491694689,0.09254150390625,1942.1801333506628,2013.7888640689425,-624.90906,62.127663,16.002935,27.052572,11.302987,9.793171,-3.244237,-4.922653,6.0400634,-2.7442124,-1.6749598,6.0037184,-4.152811
03-01-02-02-02-02-17,calm,3.536875,0.003251615446060896,0.07294306024774774,1816.6374731742033,1959.5256518855779,-663.419,73.8105,15.529097,22.281385,10.039938,16.860434,2.7737458,-6.130346,5.882698,0.7137553,1.4996804,6.825662,-1.6068256
03-01-03-01-01-01-17,happy,3.470125,0.0057310983538627625,0.07220738962155963,1846.593586230048,1976.2976425472307,-595.16736,57.504078,4.316546,16.703823,7.921907,7.950643,-4.2628894,-5.9377694,1.0623827,0.044040356,-1.676096,4.3218265,-1.6171157
03-01-03-01-01-02-17,happy,3.536875,0.007660656236112118,0.1166552294481982,2012.3708390528957,1907.5048160848803,-567.5475,51.752335,-2.2735305,18.732632,6.865142,6.526689,-5.995987,-8.071186,4.634349,2.0695438,-5.8310723,5.719062,-2.083704
03-01-03-01-02-01-17,happy,3.4701875,0.00949754286557436,0.11431156823394495,2216.315418179909,2013.3859932932205,-567.32715,50.58576,-2.8554854,17.813725,2.8013158,5.1428347,-3.2335851,-10.974252,1.2962543,-0.6209914,-2.866477,5.7342186,-3.3078806
03-01-03-01-02-02-17,happy,3.536875,0.008396949619054794,0.14174232826576577,2126.587957474109,1862.0997526234657,-539.56305,58.77547,-5.4553967,16.339247,0.73376596,9.860715,-14.50002,-12.998391,1.0263536,0.2628898,-5.6074514,6.285956,-2.7848904
03-01-03-02-01-01-17,happy,3.7370625,0.019036300480365753,0.09057408520299146,1843.9443705075942,1918.6867985372753,-491.92148,39.230175,-0.36396298,4.811816,-2.902632,-0.6286923,-5.597094,-5.341771,-2.5771818,2.1903102,-4.100992,0.13300689,-5.3064322
03-01-03-02-01-02-17,happy,4.104125,0.029221579432487488,0.11966297238372094,2008.6101319581398,1957.749446984535,-407.52063,30.305418,-5.904313,3.7978127,-1.7305505,0.8664582,-7.113187,-7.1305285,-3.6132483,-0.9178413,-5.612091,-1.0848514,-6.432239
03-01-03-02-02-01-17,happy,3.7370625,0.018265964463353157,0.13053802751068377,2014.4986844772006,1821.488718333629,-476.79373,34.324097,-6.5170717,3.9094849,0.23007555,3.0107906,-12.188777,-8.040453,-2.9574356,0.8564375,-7.960398,2.6388004,-6.541574
03-01-03-02-02-02-17,happy,3.8038125,0.01814834587275982,0.14085477941176472,2223.9437997222612,1969.0675191979576,-484.14792,33.53045,-4.2767324,1.3996994,-0.43117607,1.6227573,-10.081397,-8.390013,-3.9775362,-2.5256863,-7.313699,0.52556384,-4.884461
03-01-04-01-01-01-17,sad,3.670375,0.005511811468750238,0.098046875,1934.1655276518268,1890.7396335170904,-594.9586,63.32277,-6.2172956,17.904482,5.0926147,9.957786,-0.60969967,-11.69367,3.2430649,5.5884786,0.80790555,6.1103745,0.37441343
03-01-04-01-01-02-17,sad,3.5035,0.006496683228760958,0.07560369318181819,1666.5467886136807,1881.6179118355813,-584.94183,64.435,-3.3175492,16.891891,5.7251325,9.552619,0.48962346,-8.362323,3.1188354,3.4994426,0.7386632,7.541538,-0.15967731
03-01-04-01-02-01-17,sad,3.57025,0.004450378008186817,0.10430036272321429,1945.798347298439,1851.4883981896496,-619.1185,66.77283,2.0467453,23.341085,3.3925989,13.099324,1.6016821,-10.249907,3.037824,-2.3153074,-1.7435417,7.594741,-1.5973389
03-01-04-01-02-02-17,sad,3.603625,0.006422727834433317,0.1054860342920354,1957.2049652544133,1862.005971961556,-579.17377,59.755447,-3.7313602,17.362738,1.9170951,9.54737,0.14814349,-10.10105,2.1667082,1.9173241,-1.7492625,6.776663,-1.9942688
03-01-04-02-01-01-17,sad,3.670375,0.01174803078174591,0.07830757472826087,1660.9136488756085,1682.236262852545,-531.88477,53.426304,-12.646778,14.150024,7.490136,5.996038,-7.757245,-11.915141,7.2830534,6.2985086,-1.375282,8.054126,0.5136636
03-01-04-02-01-02-17,sad,3.70375,0.009268432855606079,0.07647915544181035,1851.5084402846771,1891.9094073655624,-545.33405,49.405552,-10.275934,17.587538,2.5664332,3.3686285,-3.5749278,-11.320349,3.7233438,2.710168,-1.9475039,6.3272214,-0.7354468
03-01-04-02-02-01-17,sad,3.603625,0.010178660042583942,0.13429894911504425,1934.8524404200732,1696.8863481028495,-519.7022,49.811478,-15.737012,17.83898,1.4217335,6.3007894,-11.363577,-15.122704,2.7604263,5.0263777,-4.1505995,8.976127,-0.60439724
03-01-04-02-02-02-17,sad,3.57025,0.009105884470045567,0.16505650111607142,2290.759409411342,1868.9443474066527,-527.5808,46.819695,-14.901474,15.364085,2.3111246,3.0864606,-12.0147295,-15.474319,4.2043066,3.1747475,-6.0844626,8.541749,-2.9683063
03-01-05-01-01-01-17,angry,3.4701875,0.0027549341320991516,0.08843714162844037,2116.468945442537,2055.90496617692,-636.1228,53.590282,5.4177437,21.831474,10.779919,8.614681,3.343867,1.2340008,4.580362,2.0223897,3.1587365,6.604041,1.3615292
03-01-05-01-01-02-17,angry,3.70375,0.004682838451117277,0.090087890625,1906.6144154737492,1935.9815817126175,-581.9245,62.692165,1.8500061,20.049932,4.8147297,9.293641,0.90353304,-2.2860508,7.3694,-0.39307854,1.0109065,5.479941,-1.6366376
03-01-05-01-02-01-17,angry,3.603625,0.008763072080910206,0.10848918003318585,2061.431468488285,1975.3120962546802,-556.2955,52.071983,-4.531264,21.583479,0.32455513,6.8289804,0.93588203,-10.12897,4.406467,-2.4437459,0.45504153,6.715849,-3.108478
03-01-05-01-02-02-17,angry,3.536875,0.004918355029076338,0.12832559121621623,2299.9757112629086,2026.6502587403247,-607.0774,55.741932,3.8608727,23.644205,6.227204,10.823162,-2.507824,-6.990686,6.0493383,-3.0918853,0.053523727,7.1603594,-1.5494409
03-01-05-02-01-01-17,angry,3.5035,0.025861715897917747,0.12935901988636364,2195.066527296137,1917.1472618358905,-442.89505,37.860264,-12.814783,16.302053,-0.5068977,0.6828122,1.5172107,-8.500911,0.6445198,-3.101176,-4.027968,4.782433,-5.0814366
03-01-05-02-01-02-17,angry,3.7370625,0.04699968174099922,0.1791950454059829,2388.0916421358343,1922.0920118360727,-375.2391,34.200546,-16.18753,13.863524,-6.110306,-2.9243376,-1.2726923,-12.7540655,1.4427042,-1.9434941,-5.332531,5.5502667,-7.3790917
03-01-05-02-02-01-17,angry,3.637,0.030882373452186584,0.13914730674342105,2093.482410767385,1896.521722103517,-453.87982,41.866528,-10.969703,12.289732,-1.0055953,-1.3833644,2.5801811,-11.833732,-1.9087814,-1.4767827,-5.6289043,5.6312795,-5.391673
03-01-05-02-02-02-17,angry,3.8038125,0.031434718519449234,0.2040646336659664,2514.9292602886426,1909.9555194797704,-422.8406,34.159485,-17.446783,16.667498,-2.477564,-0.097857065,-3.49338,-14.753015,-0.48573297,-2.2527182,-7.1617928,6.211263,-7.9385695
03-01-06-01-01-01-17,fearful,3.470125,0.010021524503827095,0.07956296588302753,1725.6470995586767,1798.6816477861921,-542.0195,51.13192,-5.113411,14.25719,12.663859,9.998795,-5.618803,-10.620598,3.0692523,5.3015976,-3.1362789,4.998756,0.09599079
03-01-06-01-01-02-17,fearful,3.5035,0.013436655513942242,0.0819735440340909,1699.697181737343,1786.2706797854855,-515.95294,53.50625,-4.9511614,13.538542,6.2493534,6.430031,-3.8757246,-10.062547,3.0306902,5.5101113,-2.9130738,7.6581907,-0.425062
03-01-06-01-02-01-17,fearful,3.536875,0.014959126710891724,0.07704726210585586,1461.4451613720255,1571.7921003484814,-498.73132,56.317207,-12.45601,15.581909,6.5706105,6.4715815,-8.7884655,-15.845096,4.2444415,5.2602353,-3.9297214,10.15698,-2.1616852
03-01-06-01-02-02-17,fearful,3.637,0.03589493781328201,0.08665707236842106,1618.0085337450005,1758.612101752531,-424.365,27.510382,-5.069671,7.7517834,0.5161675,3.7066278,-2.142291,-5.5761642,0.39404425,2.4651952,-4.5432444,5.1081767,-2.3908284
03-01-06-02-01-01-17,fearful,3.70375,0.04674288257956505,0.10694622171336207,1659.8171554962896,1633.2852746445133,-394.38773,27.008842,-5.9289393,8.829658,1.2910749,3.7250261,-3.4546967,-3.43278,-0.8540919,2.7113953,-4.0827,1.4416114,-1.7401247
03-01-06-02-01-02-17,fearful,3.7370625,0.03340737894177437,0.0789596688034188,1645.4890758306285,1762.5231482634058,-431.70563,27.43426,-8.635539,8.056216,0.66270524,-0.21556687,-2.785654,-3.4693944,-1.1362497,3.1454442,-4.496983,4.271408,-1.4257067
03-01-06-02-02-01-17,fearful,3.670375,0.03350823000073433,0.07316576086956522,1659.8402183761475,1839.4076354174517,-447.6993,29.52367,-7.1935844,5.301071,2.1437476,1.0932902,-4.114721,-6.567067,-1.1368504,3.5204167,-5.0879846,3.7671034,-3.2579205
03-01-06-02-02-02-17,fearful,3.8371875,0.03334347531199455,0.12721761067708334,1878.3766453479445,1803.3224514928881,-415.35956,24.509953,-9.0051565,6.6869416,2.4764175,1.7975647,-5.8993063,-4.0556617,-4.1159945,4.881545,-5.2169223,5.137662,-1.5441867
03-01-07-01-01-01-17,disgust,3.8371875,0.005201120860874653,0.08072509765625,1992.179437091676,2037.1868644745182,-591.1531,49.431866,4.9367895,17.3666,3.9927828,5.4428988,0.97557664,-2.9597933,3.2750165,1.1829789,-0.40310696,4.3998647,-0.87335193
03-01-07-01-01-02-17,disgust,3.70375,0.006522581446915865,0.06683139143318965,1839.2057402473883,1988.8934625950608,-594.14465,55.770374,10.478919,18.753635,6.9135094,5.925349,2.6444721,-2.7178555,2.141903,1.0259525,-1.1237124,5.6870646,2.0175998
03-01-07-01-02-01-17,disgust,3.57025,0.006359480321407318,0.10320608956473214,2087.9665443456834,2024.6394314522618,-562.3106,44.41857,4.2766895,14.967028,5.5186377,6.1012573,-1.4243523,-6.667312,4.1211843,-1.1713058,-2.5826874,4.8152113,-1.4801
03-01-07-01-02-02-17,disgust,3.5035,0.004284664522856474,0.12065873579545454,2020.5128760925518,1965.793639090481,-588.63916,55.234207,5.545729,16.117876,6.802114,14.650852,0.20796409,-7.943452,7.8346615,-0.08624585,-1.2028195,6.329437,-1.2841259
03-01-07-02-01-01-17,disgust,4.20425,0.009772536344826221,0.08827533143939394,2084.9808809910096,2128.702637035046,-534.9139,37.13395,7.4169307,8.198808,4.639354,0.25337178,-3.8690023,-2.6567235,3.2376952,-2.7172985,-0.6598517,3.7555335,-0.7484211
03-01-07-02-01-02-17,disgust,4.170875,0.008424961008131504,0.09206897065839695,2037.438056651501,2032.5998154373929,-525.8275,40.40926,5.302151,8.210595,5.178736,-1.3630962,-5.1973915,-4.58601,2.1714058,-3.7431488,-2.6749678,3.3984816,-3.1994734
03-01-07-02-02-01-17,disgust,4.4711875,0.007637930568307638,0.1759068080357143,2332.2024489276373,1956.0074004255082,-516.80316,29.771694,4.662642,7.2236223,6.9959373,3.1618807,-7.8507595,-8.293249,4.4371643,1.0616179,-3.3996918,5.5032206,-1.7657537
03-01-07-02-02-02-17,disgust,4.604625,0.008476369082927704,0.11884562174479167,2101.906230507691,1971.9803054596382,-528.61273,36.349236,10.256762,7.6994915,5.388598,2.3801482,-6.5884504,-7.484604,3.4438345,-1.8369323,-3.3186963,2.8500204,-3.2692974
03-01-08-01-01-01-17,surprised,3.4034375,0.008762631565332413,0.08966121495327103,2066.8429352629028,2051.393654068759,-550.0725,40.496834,-3.8979032,9.870904,2.4641593,3.7284937,-4.2087264,-6.160134,-1.8985194,-0.6620186,-6.090666,3.1096065,-0.9634258
03-01-08-01-01-02-17,surprised,3.637,0.00907052680850029,0.08151298656798246,1801.3695380126114,1952.8701089306605,-550.0034,42.807804,6.086743,12.825997,3.2977433,9.004175,-0.035306863,-2.1353326,1.1543187,2.2474813,-1.3085035,4.264699,-2.5250895
03-01-08-01-02-01-17,surprised,3.3700625,0.006580101791769266,0.12019549675707547,2134.5892214962514,2087.968678599584,-542.2252,37.07022,6.7223096,9.486457,2.6455207,8.880095,-7.1334386,-7.36363,0.14622168,-0.44130296,-6.6893125,1.0175352,-4.170882
03-01-08-01-02-02-17,surprised,3.4368125,0.00772141246125102,0.10404007523148148,1899.1545734458382,1913.5669575631991,-555.54175,51.284294,2.8271558,11.297172,3.773825,11.487684,-4.5259213,-8.809448,2.8746858,3.5213099,-2.8306117,3.3858182,-1.4690375
03-01-08-02-01-01-17,surprised,3.536875,0.0133153535425663,0.08350489161036036,1823.8180040261354,2040.711754761072,-497.62482,34.032093,4.8636403,12.653656,1.387945,6.17755,1.6039819,0.7739529,-0.05405712,2.609682,-3.139987,0.057233527,-1.5606413
03-01-08-02-01-02-17,surprised,3.670375,0.013954867608845234,0.11005010190217392,1886.3261492576628,1917.5919604856404,-475.13998,37.02808,1.6922756,9.972662,3.1661007,7.1245694,-2.583208,-2.6336322,0.5077063,3.4652772,-2.587487,3.7593195,-1.2833918
03-01-08-02-02-01-17,surprised,3.4368125,0.01920394040644169,0.08000126591435185,1765.4965323349131,1984.5238915880093,-445.22287,31.969425,5.8656178,6.2204475,-2.3503635,3.0974605,-0.43039778,-2.7195246,-2.102386,1.510985,-5.4772053,-0.24754123,-4.111817
03-01-08-02-02-02-17,surprised,3.536875,0.018643531948328018,0.11529596002252253,2033.521949534822,2014.1767631781229,-455.3991,30.58904,4.918369,3.838793,-0.5897983,2.3166933,-0.97666985,-2.501212,-3.1185212,2.1193123,-5.0592103,0.18635863,-3.3570623
03-01-01-01-01-01-18,neutral,3.4701875,0.0018181188497692347,0.05049903239678899,2101.535888080733,1527.4272102775387,-746.3406,50.800827,3.6214201,10.792355,-7.186939,-1.2357436,-12.703272,-11.5120735,-2.737649,-0.3442408,-7.095925,-3.9149601,2.1582549
03-01-01-01-01-02-18,neutral,3.536875,0.0021075643599033356,0.04683540962837838,1993.3591152331062,1506.601218485032,-735.29266,52.87843,2.4473104,8.764065,-6.8828697,-0.48773167,-13.244978,-9.947134,-2.9432046,-1.675334,-6.8766274,-6.050007,2.4250581
03-01-01-01-02-01-18,neutral,3.470125,0.001861793571151793,0.05616130303899083,1761.8129733924807,1392.5361897958196,-751.7059,46.090816,9.300379,4.6834955,-8.37185,2.3050451,-10.559924,-11.794626,-2.6744401,-2.7811944,-4.136533,-6.175429,0.44391772
03-01-01-01-02-02-18,neutral,3.4701875,0.0019693246576935053,0.053939399369266054,2311.3305008122557,1687.023254428036,-752.0282,53.241547,2.5823717,4.87011,-6.74463,-0.08348458,-13.606557,-11.764885,-1.7922386,-1.1666074,-5.961573,-1.9646513,-0.5765841
03-01-02-01-01-01-18,calm,3.470125,0.002705986611545086,0.06279565653669725,2175.5607616189786,1697.1983586376136,-680.86487,43.145462,1.0695795,10.020237,-7.8288617,-0.4169733,-11.236115,-9.933968,-4.306751,-3.886656,-6.170094,-3.6141427,-1.3244945
03-01-02-01-01-02-18,calm,3.4034375,0.0024467851035296917,0.058091778621495324,2150.9063192335616,1712.3108948769432,-693.6677,48.113953,-2.4033163,13.842216,-8.372226,1.7611351,-11.586759,-9.072414,-3.328744,-2.1238678,-7.04153,-4.677494,1.0217595
03-01-02-01-02-01-18,calm,3.637,0.003289430867880583,0.059600294682017545,1837.1207553235188,1546.7442737143444,-677.47955,48.591515,4.134193,6.2091804,-2.5081692,0.30927593,-11.876281,-8.514687,-6.018222,-4.728485,-5.9062157,-5.4179583,-1.7821826
03-01-02-01-02-02-18,calm,3.5035,0.00327931041829288,0.06839932528409091,1914.2029369280885,1557.007816047571,-677.98535,48.31615,5.230137,6.6914415,-2.4260147,-0.34270462,-10.97829,-10.256226,-4.6914573,-5.3956194,-5.2793403,-5.218391,-0.66936934
03-01-02-02-01-01-18,calm,3.603625,0.0024083093740046024,0.050763965707964605,1907.9528360237252,1512.562893352232,-698.7261,40.00225,0.9062932,11.231251,-9.105897,1.0433668,-11.338156,-10.637123,-4.9019356,-4.9811964,-6.402832,-5.856611,-1.2000883
03-01-02-02-01-02-18,calm,3.603625,0.0021803807467222214,0.04896639933628318,1931.5957872201539,1548.9951822454943,-699.57715,46.61253,5.1812325,13.127591,-6.809303,-0.7292891,-9.363232,-10.273656,-3.8990867,-3.8798182,-5.5823717,-4.6332726,0.0106849335
03-01-02-02-02-01-18,calm,3.603625,0.0026620018761605024,0.0610005876659292,1768.5094328383725,1495.8916539387014,-692.06714,44.34563,3.8943357,7.82644,-3.4292965,-0.07400055,-11.587979,-9.043751,-3.9374099,-3.6417222,-5.663034,-6.8200736,-0.42573825
03-01-02-02-02-02-18,calm,3.603625,0.0029471940360963345,0.06903346238938053,1848.639574590731,1465.6065811855242,-687.42645,43.688007,0.83908594,5.2232895,-4.528579,-0.29500952,-11.377854,-9.332575,-4.949101,-5.9253335,-5.9536414,-5.984871,-0.099541284
03-01-03-01-01-01-18,happy,3.4034375,0.005891579203307629,0.0608298043224299,2292.190832285183,1713.2781437326523,-618.86383,40.192005,-14.475894,5.274537,-7.7538595,-3.1037931,-13.619834,-12.033383,-6.0964937,-6.617844,-6.0630383,-6.5350637,-1.7821805
03-01-03-01-01-02-18,happy,3.3700625,0.004965045489370823,0.0975318764740566,2334.409471400715,1659.184981593581,-619.5426,36.495514,-16.261328,9.123062,-9.542395,-6.9258156,-17.688559,-11.26577,-1.3184092,-4.967322,-9.045481,-5.139348,0.40287614
03-01-03-01-02-01-18,happy,3.43675,0.00381179410032928,0.0702220775462963,2311.170683318539,1744.415713807347,-659.87006,44.63549,-10.3770075,7.868081,-6.679366,-2.849594,-15.989368,-11.673689,-5.701037,-5.790942,-6.808602,-6.259896,-0.004986878
03-01-03-01-02-02-18,happy,3.5035,0.0044588204473257065,0.071142578125,2452.798379447721,1827.5559881517877,-640.70264,39.58829,-7.625537,6.6496196,-10.483284,-7.957706,-14.2920265,-11.974743,-5.1191516,-7.0739512,-8.626646,-7.2485585,-1.9262662
03-01-03-02-01-01-18,happy,3.7704375,0.03639363870024681,0.1257075940148305,2351.751730704962,1772.4098480983369,-411.13977,5.036556,-25.631325,-5.45348,-10.913123,-8.212892,-7.131086,-13.110034,-4.8156004,-5.989678,-6.191664,4.775299,11.626372
03-01-03-02-01-02-18,happy,3.93725,0.027081351727247238,0.1409360824092742,2543.3158498231574,1833.739026095618,-415.04214,13.81835,-22.739,-1.9232051,-9.185374,-6.969906,-8.431153,-11.679295,-4.323924,-6.3652134,-8.023705,5.3396106,8.883183
03-01-03-02-02-01-18,happy,3.7704375,0.026250416412949562,0.15154512049788135,2349.7337633690645,1645.1141407498476,-455.6702,7.2394714,-34.488182,0.21020132,-13.009118,-14.609391,-13.22391,-15.052633,-1.8316946,-4.687074,-10.884135,5.713655,6.0777836
03-01-03-02-02-02-18,happy,3.8371875,0.03799135237932205,0.13918863932291667,2415.224374984676,1751.8655697795282,-395.60013,2.0516713,-26.78509,-5.772174,-11.501382,-10.15186,-10.366156,-11.769262,-1.9830345,-7.0022597,-6.219589,2.7360663,9.293703
03-01-04-01-01-01-18,sad,3.57025,0.005025730933994055,0.07512119838169642,1741.1368324662228,1390.5766473116944,-635.6866,48.163055,-14.10968,6.5895877,-10.621879,-4.4535255,-7.3199887,-16.488848,-4.796244,-3.137656,-7.219926,-3.99128,-5.8002954
03-01-04-01-01-02-18,sad,3.637,0.004409721586853266,0.07751250685307018,2183.678642951286,1586.8979876460699,-652.3717,45.62094,-9.890121,0.3285022,-11.143051,-2.1678402,-7.5372186,-16.092394,-4.152846,-3.5006344,-8.976274,-3.6125007,-5.5148635
03-01-04-01-02-01-18,sad,3.536875,0.0030258409678936005,0.06573761261261261,2409.237507895802,1826.291748365971,-688.3764,45.309044,2.9383442,1.7219151,-8.2891445,0.8416458,-10.645106,-12.646801,-4.1815896,-6.068402,-6.2361975,-6.221054,-0.64727867
03-01-04-01-02-02-18,sad,3.637,0.003926143515855074,0.06698019462719298,1971.558299819684,1590.8215346141553,-670.5792,47.138466,-1.1564703,0.46660447,-7.2123075,-0.74108946,-10.510965,-15.64506,-3.5204318,-6.133871,-4.816358,-6.0887127,-2.5654397
03-01-04-02-01-01-18,sad,3.8038125,0.017328495159745216,0.14112148765756302,2598.999513938322,1728.703668627493,-496.9793,19.244583,-32.45192,-6.0257864,-18.61441,-11.855713,-15.9964285,-20.08241,-10.616029,0.7183904,-12.196461,8.250846,5.2653613
03-01-04-02-01-02-18,sad,3.8371875,0.017401618883013725,0.14229329427083334,2422.72501243824,1782.5358412357634,-465.6619,19.692057,-27.60021,-1.3816212,-17.926214,-14.730786,-17.901602,-21.1397,-9.303586,-0.8232411,-14.060263,3.7180686,-0.2754547
03-01-04-02-02-01-18,sad,4.1375,0.01541083212941885,0.1423565204326923,2498.659427659929,1798.8198828233062,-484.685,29.65417,-31.806183,-1.9401637,-14.946533,-17.512846,-16.92417,-24.532503,-5.7404447,-0.21027668,-16.233355,0.7833996,-4.316318
03-01-04-02-02-02-18,sad,3.8371875,0.014547864906489849,0.14442138671875,2517.2674187225175,1786.487765621382,-489.30698,22.28536,-30.132586,-3.4122574,-15.277987,-18.675943,-13.355594,-24.725,-5.886222,-1.1481476,-15.954879,3.1402884,-5.7456403
03-01-05-01-01-01-18,angry,3.9039375,0.009164907969534397,0.09325371413934426,2304.791654632823,1601.696806900102,-536.6162,38.105534,-24.495169,1.3720086,-16.7006,-5.9419975,-12.2056055,-19.072655,-3.032364,-3.6206129,-7.062453,-4.254801,-6.2698135
03-01-05-01-01-02-18,angry,4.170875,0.00710876751691103,0.1354850011927481,2497.0284800071313,1860.8877323861254,-547.4516,42.857624,-17.569946,1.506894,-15.632821,3.3009822,-11.632686,-18.601032,-4.714999,-2.7554932,-6.1503134,-4.9661255,-5.569796
03-01-05-01-02-01-18,angry,3.57025,0.01193674374371767,0.11134992327008929,2631.912580920372,1862.9878989788579,-539.52136,34.29865,-13.73398,-1.3422182,-13.2205105,-5.4217443,-11.277659,-18.457747,-6.824418,-4.826101,-6.465175,-6.228455,-5.4266434
03-01-05-01-02-02-18,angry,3.637,0.009142110124230385,0.10892955043859649,2280.35706155805,1584.8991753946366,-563.62665,39.05818,-18.346088,-2.523383,-14.663358,-5.18498,-10.693652,-17.547394,-7.7637043,-4.003792,-7.5003057,-6.572256,-4.525537
03-01-05-02-01-01-18,angry,3.70375,0.056445494294166565,0.13684923895474138,3049.32909414999,2009.0758579057874,-386.3904,-6.8325562,-29.130539,-6.6064644,-17.990883,-7.5393515,-6.4943733,-10.6433525,-8.870175,-5.3465037,-8.158563,2.7817566,7.0311246
03-01-05-02-01-02-18,angry,3.7704375,0.07041788101196289,0.13320146980932204,2880.763922922519,1877.4119029419883,-367.47272,-15.763603,-29.483355,-10.661654,-15.129932,-3.8935905,-8.067048,-7.647064,-9.688477,-5.1662436,-1.2491679,12.181357,14.594224
03-01-05-02-02-01-18,angry,3.8371875,0.06135432794690132,0.15445556640625,2950.178313827661,1892.093555041568,-376.17123,-13.128571,-30.516724,-12.397936,-16.048414,-7.160205,-9.106062,-9.398568,-6.442416,-7.8238254,-9.660697,6.204565,10.40861
03-01-05-02-02-02-18,angry,4.2375625,0.06598788499832153,0.15079079534774437,2689.2085870125993,1760.32421596397,-360.9407,-10.510023,-32.070854,-14.623458,-16.184195,-3.4593341,-9.017457,-8.115606,-7.2221465,-7.0180297,-7.3095293,5.5694895,10.753797
03-01-06-01-01-01-18,fearful,3.4368125,0.008577288128435612,0.08261899594907407,2288.3920960820133,1726.832410441001,-566.91986,40.926327,-19.1472,-4.163354,-10.080908,-4.9512634,-11.640851,-16.097672,-1.3303856,-3.2700944,-8.748575,-1.9215158,-4.7028356
03-01-06-01-01-02-18,fearful,3.4034375,0.007300980854779482,0.07282692026869159,2102.8775056794075,1578.5461801346423,-592.3092,34.777557,-16.692686,0.8363293,-7.4494233,-5.1549883,-9.24243,-13.419789,-6.7258987,-1.0076103,-9.0022955,-0.31706268,-5.3494678
03-01-06-01-02-01-18,fearful,3.470125,0.00592334708198905,0.09849842316513761,1984.0907172869174,1571.8187662800826,-591.3476,37.63468,-6.7354903,0.5673108,-5.578648,-0.627364,-8.744724,-14.332802,-2.1472373,-3.5772057,-6.7063804,-1.0346131,-3.6678584
03-01-06-01-02-02-18,fearful,3.4701875,0.0072461762465536594,0.12057411123853211,2177.0217638359127,1774.8564684669605,-562.12756,48.30582,-17.140919,1.0843152,-7.760582,-1.4900743,-11.553114,-17.631107,-0.014870267,-3.897608,-7.344082,0.00623906,-3.7392368
03-01-06-02-01-01-18,fearful,3.737125,0.017801182344555855,0.161266359508547,2794.2106698348957,1986.142523828934,-470.63525,17.900194,-28.893723,-5.570623,-11.033689,-10.483311,-9.583486,-19.717827,-2.5894268,0.7331247,-13.184871,1.3283553,-4.552644
03-01-06-02-01-02-18,fearful,4.170875,0.02437090128660202,0.12362833969465649,2495.5221365264338,1871.5807793887664,-456.462,18.762241,-25.582144,-4.0610185,-10.5414,-7.9408584,-8.2692375,-15.585473,-2.9217868,2.297403,-9.552839,0.88776314,-1.2910743
03-01-06-02-02-01-18,fearful,3.8038125,0.012416078709065914,0.13047777704831934,2570.059411224663,1858.6685687012764,-508.2679,21.016764,-17.771584,-3.559439,-8.08567,-8.356163,-12.88693,-16.000635,-1.6236314,-1.4552169,-10.566167,-0.5675551,-6.9206448
03-01-06-02-02-02-18,fearful,3.8038125,0.01947610452771187,0.14602071297268907,2752.743545769635,1928.5786899229738,-466.81122,15.415146,-27.922523,-5.703201,-11.746824,-12.72217,-9.602972,-19.77947,-4.870833,-0.9770657,-11.257845,0.09912516,-5.261333
03-01-07-01-01-01-18,disgust,4.3043125,0.004938976839184761,0.11064814814814815,2351.832248011001,1740.3992565940293,-611.06323,49.238247,-5.250239,0.89934015,-11.555522,0.76888347,-11.2869215,-13.396449,-6.4279,1.2566367,-7.9822083,-1.6434461,-3.672587
03-01-07-01-01-02-18,disgust,4.07075,0.007938509806990623,0.0956878662109375,2126.6721874899554,1552.2612558989472,-548.695,41.115692,-13.387675,-0.9458202,-12.9316635,-1.1913512,-10.948361,-16.719307,-3.2077506,-1.9449055,-10.705248,-0.59968394,-6.185813
03-01-07-01-02-01-18,disgust,3.670375,0.0070950621739029884,0.1537109375,2257.2293358115603,1588.626176444087,-571.02783,43.170063,-12.523502,-6.579241,-6.652821,-4.8980494,-15.176404,-15.35441,-4.893405,-1.9990176,-8.254608,-3.5100098,-5.116425
03-01-07-01-02-02-18,disgust,4.3710625,0.008119787089526653,0.13278042312956204,2008.9233333710959,1493.2675734290362,-556.6838,43.19451,-11.311381,-4.470196,-6.652187,-6.228392,-14.119877,-15.265183,-4.51192,-2.3087475,-7.811879,-1.8060281,-5.3116302
03-01-07-02-01-01-18,disgust,4.7714375,0.016454633325338364,0.15271809895833333,2721.1510541956627,1816.8667457056263,-495.93332,11.183872,-25.210798,-2.259775,-16.796186,-2.7912762,-13.2757225,-19.051752,-4.0515738,-4.4331884,-9.554213,-4.7932534,-6.726565
03-01-07-02-01-02-18,disgust,4.4711875,0.016583403572440147,0.09123186383928572,2202.0951800559164,1614.9978536765964,-484.15613,20.454802,-18.046644,-4.2113094,-15.8441725,-5.288531,-12.879153,-17.358833,-6.3672476,-2.95484,-9.91388,-5.128819,-6.9742274
03-01-07-02-02-01-18,disgust,4.638,0.014802965335547924,0.15561355064655172,2485.1074390686545,1791.6219339124589,-474.84213,28.18668,-20.995438,-5.432658,-14.347329,-5.1983633,-12.970806,-16.525167,-1.7380615,-4.371724,-6.564117,-3.708408,-5.698901
03-01-07-02-02-02-18,disgust,4.57125,0.01901255175471306,0.15452223557692307,2781.5416894200507,1911.1402188634258,-452.6419,16.658895,-22.71473,-5.973554,-14.038427,-6.3282156,-12.002489,-16.41272,-2.9488475,-4.58411,-9.957586,-4.3379707,-8.543852
03-01-08-01-01-01-18,surprised,3.3700625,0.003777070203796029,0.07963130159198113,2056.4267957711777,1582.7197654355687,-649.5856,44.02743,-8.379046,7.233106,-14.882363,0.12538345,-13.309732,-16.497095,-9.099688,-9.630618,-6.662075,-7.4200993,-4.18962
03-01-08-01-01-02-18,surprised,3.5035,0.0035517734941095114,0.05846946022727273,2155.389840894287,1758.9912966557565,-662.23865,47.19598,3.268452,2.4666514,-11.747931,0.7751583,-10.76208,-14.266533,-7.2118587,-6.507708,-7.126247,-5.637269,-3.326138
03-01-08-01-02-01-18,surprised,3.5035,0.005096338223665953,0.09237393465909091,2489.9444089544254,1830.3817135334468,-616.3573,40.240196,1.123429,-2.6135948,-9.634618,-0.74119395,-8.993346,-15.334826,-6.9332886,-10.52864,-7.038994,-8.292919,-3.25079
03-01-08-01-02-02-18,surprised,3.5035,0.003411842742934823,0.08043323863636363,2306.9696245627897,1782.4799009355743,-656.9232,40.6833,1.8302774,3.2352645,-5.9724736,1.3997427,-7.6832314,-12.350042,-7.742181,-8.723747,-7.022394,-7.8107233,-2.6367948
03-01-08-02-01-01-18,surprised,3.637,0.005292471498250961,0.09447813870614036,2294.6560577095693,1746.8375312345381,-585.35626,29.17555,-8.685199,2.4659307,-5.9711995,4.260669,-5.5743046,-9.663667,-7.4060087,-5.6120167,-4.3372374,-3.4870567,-3.3346872
03-01-08-02-01-02-18,surprised,3.536875,0.006241947878152132,0.07141223254504504,2255.5331748345784,1757.556398814347,-594.75635,30.76286,-2.5108767,-1.498385,-10.344995,4.201453,-4.792171,-12.711924,-9.598589,-6.788766,-6.5971417,-5.2557616,-3.4273698
03-01-08-02-02-01-18,surprised,3.8705625,0.007697267457842827,0.10463342587809918,2245.6729156114,1737.6963388863294,-564.234,31.972391,-0.2620614,-2.0941207,-10.961603,-0.8778549,-8.4326515,-16.844267,-10.443376,-10.377,-7.771773,-5.788764,-4.302019
03-01-08-02-02-02-18,surprised,3.637,0.005845359992235899,0.10369980126096491,2576.2731234989974,1951.31480758388,-581.8817,26.83791,-2.2314587,-1.934275,-8.631755,4.2536454,-4.250965,-9.065909,-7.809641,-5.9595814,-5.2184663,-2.8633277,-2.4570577
03-01-01-01-01-01-19,neutral,3.3700625,0.002287030452862382,0.05290481279481132,1956.4212989392424,1983.3151961751048,-705.75604,73.35394,11.286766,18.696877,4.9077816,9.450916,-2.4417882,-5.5474153,-2.5288823,3.986601,-3.3703167,9.570399,-1.6577997
03-01-01-01-01-02-19,neutral,3.2365625,0.0022376668639481068,0.0634143305759804,1972.9338382223148,1974.9393050474619,-693.4381,71.30459,12.003906,20.728846,5.7430534,7.403408,-7.216531,-9.568894,-3.292968,3.8209968,-3.1133049,7.3722153,-0.8540358
03-01-01-01-02-01-19,neutral,3.3366875,0.002144990721717477,0.07726469494047619,2164.930843546889,2021.1934146370286,-703.3785,62.661915,14.1798115,23.380697,8.711585,9.40583,-3.4490983,-7.92772,-0.28490648,6.02767,-5.1568975,7.912154,-1.8152636
03-01-01-01-02-02-19,neutral,3.3033125,0.0025285023730248213,0.07497934194711539,2125.955346120477,2053.6191655552657,-689.91437,57.323246,13.566565,20.022554,6.338867,7.320526,-7.8620477,-8.568355,-2.4323282,2.7006454,-5.4540577,7.254809,-2.1841955
03-01-02-01-01-01-19,calm,3.670375,0.001198246143758297,0.06553158967391304,2160.579954345721,2092.47598293254,-733.9569,62.547417,27.09118,21.408558,13.763326,9.6363,-3.9041834,1.8947905,-0.9667641,5.464428,-2.1303647,1.6507355,-1.045891
03-01-02-01-01-02-19,calm,3.670375,0.0013585395645350218,0.058453634510869566,1939.472340594034,2069.5201388680434,-719.3554,66.611115,23.578493,24.40155,13.300437,7.6060433,-2.5076654,-1.760311,-0.40771008,6.489389,-1.7067097,2.8877757,-0.662744
03-01-02-01-02-01-19,calm,3.3366875,0.0015165888471528888,0.07827380952380952,2205.1562416340776,2089.8671281165985,-719.0197,56.88903,25.064037,25.979803,11.041084,10.55537,-1.8180879,-6.521457,0.4687343,4.376629,-3.4489908,5.1030517,-0.84625024
03-01-02-01-02-02-19,calm,3.470125,0.0013120260555297136,0.07130250143348624,2148.9401067150056,2121.8977110768283,-728.8464,57.773994,29.445932,26.656046,12.533463,11.4000435,-3.6612778,1.1620893,2.3892064,8.532707,-1.5768706,3.0793939,0.121325776
03-01-02-02-01-01-19,calm,4.4711875,0.0027292349841445684,0.06888950892857143,1954.883896905096,1958.9814814897836,-659.82947,62.67633,14.73994,17.449188,9.934396,4.9030447,-7.6427054,-6.470065,-7.1547894,1.8875645,-9.532796,3.521518,-2.0871987
03-01-02-02-01-02-19,calm,4.037375,0.0022196767386049032,0.08151605561023623,1959.661145473771,2089.761180848983,-670.76025,61.58512,18.757921,23.702045,13.3359585,9.147208,-0.9195819,-0.81764746,-0.36768034,1.9940227,-3.817044,4.844133,-0.6171897
03-01-02-02-02-01-19,calm,4.604625,0.001920158858411014,0.08680894639756945,2214.35233472708,1963.743941279349,-686.81165,57.070637,18.119972,23.06237,12.068528,8.147186,-7.7700806,-3.1850426,3.1644716,5.478883,-4.2180433,3.4950387,-4.166189
03-01-02-02-02-02-19,calm,4.3043125,0.002385480795055628,0.07905454282407408,2062.496171289552,1991.0929277743455,-687.59576,60.54699,21.765776,23.962315,13.556145,6.128848,-5.135978,-6.600128,-2.8919451,1.467265,-3.7740242,5.3057566,-0.4700091
03-01-03-01-01-01-19,happy,3.637,0.003132325829938054,0.06262421189692982,1921.1310097030118,1872.6017615089931,-634.9196,68.421936,7.048409,9.228854,4.8320527,2.1316478,-9.926716,-6.3437877,-5.7229543,7.4809012,-7.4514494,0.17194675,-1.0147772
03-01-03-01-01-02-19,happy,3.70375,0.004334793426096439,0.07060294315732758,1972.1684324973241,1999.5472299802063,-602.5372,59.87965,8.447855,14.325489,4.747452,8.265972,-8.272372,-2.8548462,-7.118751,5.4059215,-9.861448,1.6386558,-1.4905354
03-01-03-01-02-01-19,happy,3.2699375,0.0023543676361441612,0.07550345115291263,1901.507771179897,1945.3438746705624,-669.602,72.72949,17.110252,14.808219,10.44967,11.344961,-8.975859,-4.2213216,-4.4726644,5.494714,-5.3721786,4.711525,-4.163723
03-01-03-01-02-02-19,happy,3.3033125,0.003743775188922882,0.078125,1815.8912306325,1905.4541787206047,-634.3673,60.117165,6.2095194,13.358631,3.6747556,11.44766,-7.1866436,-4.7705374,-2.8181305,6.8492665,-6.7091913,5.8036137,-1.2313284
03-01-03-02-01-01-19,happy,3.7704375,0.006022667046636343,0.09086169226694915,2015.840353472342,1961.3426608405116,-575.2659,51.29451,8.91378,8.082756,0.40289563,3.3201542,-9.515487,-6.401721,-4.048116,8.184722,-5.930603,0.9857603,2.5232852
03-01-03-02-01-02-19,happy,3.8038125,0.009549298323690891,0.1436572675945378,2081.393512817509,1852.182721522867,-498.22794,37.66234,-16.028425,2.460926,-2.194749,-1.7568094,-21.893143,-10.013609,-7.11128,4.003231,-10.663328,-1.2645737,-1.3941394
03-01-03-02-02-01-19,happy,4.4044375,0.013600223697721958,0.12091683650362318,2115.3860010794438,1855.0555273158782,-485.33395,38.506207,-3.9180956,8.260252,-0.7474361,-0.71754754,-17.60773,-10.247549,-5.6413302,3.3515656,-11.629575,1.4296893,-2.9539247
03-01-03-02-02-02-19,happy,4.004,0.006599731743335724,0.08808051215277778,2106.5149390300858,1935.5819153291868,-582.95905,49.512962,15.359012,12.891633,0.5099364,3.8889387,-5.4567375,-5.393219,-6.4425073,2.8716366,-8.833688,0.013830352,-1.7464628
03-01-04-01-01-01-19,sad,3.4368125,0.0016529882559552789,0.06947157118055555,2082.8742622098102,2093.678504063002,-706.5454,64.39251,16.547298,17.584305,8.972195,14.033921,-1.529731,-1.086497,-0.7568408,4.167443,-1.5979648,5.267117,0.6102547
03-01-04-01-01-02-19,sad,3.670375,0.0011732826242223382,0.07304262907608695,2190.4756938499618,2086.8629894570367,-720.59674,64.57232,16.647816,18.81257,10.541951,13.486888,-6.7568073,0.048618045,-0.6853724,3.4628038,-2.7477763,1.8398513,-0.13272397
03-01-04-01-02-01-19,sad,3.169875,0.0017850184813141823,0.079287109375,2056.292128808881,1970.939772283599,-697.2952,69.26823,8.381443,14.194817,10.174341,12.399889,-9.7317295,-5.8228745,4.0838623,7.4300184,-4.028068,7.0574822,-1.1783247
03-01-04-01-02-02-19,sad,3.670375,0.0018045920878648758,0.057230808423913045,1982.894326997529,1954.3914770721026,-711.36084,70.56709,16.4494,20.391674,7.6472416,13.31074,-4.8156977,-3.141759,-1.468869,7.140648,-1.5281161,7.3102336,-0.8129485
03-01-04-02-01-01-19,sad,4.004,0.010756464675068855,0.08649553571428571,1873.1992899401755,1785.9697311073157,-511.53577,42.57775,3.5227103,15.9199095,5.5990257,-3.8279126,-11.260554,-2.066363,-8.714258,-1.6737571,-6.5448437,-2.050672,-2.0116432
03-01-04-02-01-02-19,sad,3.70375,0.0035224570892751217,0.0891955145474138,1974.2075553969441,1847.1607755566606,-632.09985,61.908512,2.5402553,18.651384,6.498846,1.9331275,-10.546601,-2.2214742,-8.561591,1.7125762,-2.9881716,-1.3439138,0.5086045
03-01-04-02-02-01-19,sad,3.4034375,0.0038624166045337915,0.09595867406542057,1971.1848588156022,1904.7868022796079,-614.5441,61.828613,1.9966055,11.279659,5.4434986,-1.4148184,-14.701769,-1.0594956,-14.600515,-5.2970023,-4.547148,-0.0295559,-1.6747398
03-01-04-02-02-02-19,sad,3.737125,0.006090965121984482,0.08014907184829059,1519.2965789092245,1708.0316376852982,-583.4508,60.362736,-1.8414682,15.755972,9.005627,-2.089638,-12.384726,-0.19340537,-14.451718,-1.2911834,-5.746504,0.3102645,2.5072236
03-01-05-01-01-01-19,angry,3.7704375,0.010178844444453716,0.10306044756355932,2062.226355569896,1796.2277880981665,-512.15405,41.771255,-4.33079,12.273868,-4.8388333,-0.64874053,-5.939016,-8.315035,-8.226767,5.9587436,-6.665246,1.0809427,-3.105749
03-01-05-01-01-02-19,angry,3.70375,0.008061490952968597,0.10421858162715517,2069.040277949143,1881.1425543434423,-539.20166,48.922817,-2.0521967,17.031794,1.3717506,0.46757594,-6.1248875,-6.7161555,-5.081055,8.351673,-8.625159,4.416701,-0.11550874
03-01-05-01-02-01-19,angry,3.3033125,0.004919091239571571,0.09751070462740384,2294.0519292738745,1969.938939162254,-577.47815,41.94361,8.631736,11.25145,-0.6310049,-0.3285861,-9.148889,-7.163279,-1.8502501,2.3575277,-7.401662,3.9549127,-2.5178652
03-01-05-01-02-02-19,angry,3.57025,0.009793329052627087,0.0985107421875,1900.8824320301505,1828.3640598785257,-529.0539,50.936687,9.918806,15.723848,-2.8027937,0.057462215,-3.0977118,-9.594755,-6.4300942,3.673556,-8.865462,1.7028586,-2.2333434
03-01-05-02-01-01-19,angry,3.9706875,0.03925825655460358,0.132578125,2524.333819133277,1987.5674282158973,-396.77103,21.623842,-17.176584,6.318292,-13.970454,-8.998057,-4.348304,-9.824098,-8.71781,3.293293,-11.141079,3.1169963,-4.976801
03-01-05-02-01-02-19,angry,4.8048125,0.06978227198123932,0.1487446968129139,2317.2741327154786,1875.7044877877597,-335.31033,19.215748,-32.318264,-2.0732248,-22.32145,-9.274147,-6.3131957,-10.725095,-9.74245,7.3184676,-12.0273,0.692664,-5.7046914
03-01-05-02-02-01-19,angry,4.3376875,0.0853288322687149,0.22605267693014705,2559.6944417633385,1794.2113417275668,-293.4044,15.322825,-31.037397,-5.132095,-18.139824,-11.378571,-7.596345,-9.042399,-8.99776,4.22317,-11.923734,0.24680379,-8.264028
03-01-05-02-02-02-19,angry,4.104125,0.03922005742788315,0.14358496850775193,2552.029860082865,1933.071277474125,-392.34525,18.535872,-18.725744,7.9428997,-15.302677,-11.860018,-6.535341,-11.128795,-9.825207,4.619007,-11.254425,1.0017405,-6.6250567
03-01-06-01-01-01-19,fearful,3.7036875,0.0047088912688195705,0.09915476831896551,2289.06685242007,1974.9993974488493,-596.79767,46.11938,-1.9325304,16.10836,-1.931389,-1.6720351,-12.397137,-5.531805,-5.4337425,1.7030946,-10.405743,3.5148683,-3.0741196
03-01-06-01-01-02-19,fearful,3.5035,0.003658377332612872,0.08481001420454545,2031.0546560884682,1883.380350791551,-635.37195,51.61431,2.7868123,15.946676,6.4089603,-1.0168773,-13.243091,-2.636001,-1.6466732,1.8962985,-3.8092773,2.7203188,0.38765794
03-01-06-01-02-01-19,fearful,3.7704375,0.004126750864088535,0.15273685778601695,2561.2550689755203,1917.5083547572053,-606.15546,31.420004,2.0281734,10.518759,0.07119669,3.3676634,-20.792732,-4.697199,-3.3438478,-1.8751594,-8.531716,2.072146,-3.0918612
03-01-06-01-02-02-19,fearful,3.536875,0.003878142684698105,0.11115216779279279,2156.53199020511,1893.5399733864824,-629.87787,50.822647,15.850002,16.861612,4.686736,5.5771565,-13.011412,-4.571782,-0.36473846,0.65740114,-5.428646,4.4123216,-3.4779499
03-01-06-02-01-01-19,fearful,3.8371875,0.014426985755562782,0.1418701171875,2370.5067912705613,1825.9830889309092,-469.58755,29.23749,-31.03169,5.3166513,-7.7228928,-11.507947,-23.62364,-11.271752,-13.961295,5.9790335,-18.766317,7.0476866,4.009216
03-01-06-02-01-02-19,fearful,4.3710625,0.034099627286195755,0.12798671304744524,2465.5013712512414,1975.4929191206256,-418.5982,5.0193653,-24.055836,-2.632844,-16.953245,-12.546863,-23.387318,-10.195089,-8.10872,-1.3726053,-0.7010071,6.806947,10.056522
03-01-06-02-02-01-19,fearful,3.57025,0.02174721471965313,0.13288225446428573,2424.417556245729,1973.7296546410205,-456.16373,11.595413,-18.366486,-6.211258,-12.300208,-4.9611635,-18.785479,-4.1307526,-4.743995,-2.247831,-5.059499,8.212399,2.8533843
03-01-06-02-02-02-19,fearful,4.037375,0.02792697586119175,0.14705339566929135,2152.096875625765,1730.261286416396,-409.92633,15.437403,-22.105253,1.4004035,-10.645149,-5.8226266,-25.663383,-7.365355,-3.6517031,0.9202169,-6.9340806,8.742524,3.9678023
03-01-07-01-01-01-19,disgust,4.3043125,0.0034152406733483076,0.11463035300925926,1991.8289564062536,1898.623462978262,-595.6907,66.457726,15.763129,14.404376,-5.9493356,2.0190063,-14.91668,-2.5541828,-9.669468,2.713028,-5.2768393,2.8328617,-6.609281
03-01-07-01-01-02-19,disgust,4.8381875,0.003120992099866271,0.12338417454769737,2275.110252915571,1897.5997659023028,-596.2036,67.94891,1.4780895,7.3871155,-3.389962,3.8681288,-17.708416,-4.1511984,-5.132095,1.2219647,-5.8462887,3.5578175,-8.8663225
03-01-07-01-02-01-19,disgust,4.170875,0.0034170933067798615,0.14925378697519084,2359.6303401868076,1894.4970699921732,-583.3267,56.88742,12.3788185,10.422043,0.5940237,3.140108,-15.002072,-4.4526687,-1.4697942,1.3128897,-6.3493857,4.2926044,-6.1115294
03-01-07-01-02-02-19,disgust,3.9373125,0.004673020914196968,0.16158959173387097,2666.2305867594514,1885.8194524892847,-598.92993,41.86193,6.3288207,2.3858588,-7.162372,1.5265355,-16.933567,-4.078526,-7.1343555,1.8736742,-8.737209,1.4992883,-7.7582383
03-01-07-02-01-01-19,disgust,4.8048125,0.006999431177973747,0.1189207367549669,2241.3188862611496,1921.4240671528798,-521.89185,34.822235,3.9992247,8.002923,-6.564452,-0.5215114,-15.047419,-8.712881,-13.424578,0.567846,-8.110156,-3.3457673,-0.20249242
03-01-07-02-01-02-19,disgust,5.2719375,0.0111290467903018,0.17805989583333334,2597.3026459876696,1930.8201905852459,-447.63382,19.869318,-8.787503,3.04943,-15.727006,-5.160029,-16.902065,-6.527066,-12.409397,-0.6302462,-8.11981,-2.3269951,-7.6110735
03-01-07-02-02-01-19,disgust,4.9049375,0.022937096655368805,0.17591441761363635,2889.534201887316,2065.5093144842654,-421.39984,1.4151033,-0.60231054,-9.658942,-19.681213,0.2887809,-21.983265,-7.442858,-8.144876,-1.8916788,-5.549193,-1.6968994,-6.7979093
03-01-07-02-02-02-19,disgust,4.9383125,0.018691034987568855,0.1513608870967742,2165.0461548721996,1823.6820315854638,-452.84244,39.52447,1.6360345,12.405506,-5.7839527,-0.763609,-7.45295,-8.355771,-8.135482,4.7784424,-8.768114,0.8493686,-4.16567
03-01-08-01-01-01-19,surprised,3.7370625,0.0032727140933275223,0.07623447516025642,2000.902173658682,1941.7650105023797,-644.7761,69.23065,9.869771,16.604107,3.06704,5.36314,-10.318386,-8.518415,-6.508771,-0.20477292,-7.3349924,2.4068363,-3.2789693
03-01-08-01-01-02-19,surprised,3.536875,0.003135391278192401,0.07229201858108109,1990.2932459132344,1853.8318121372376,-633.19995,75.10065,-0.47024825,7.817972,-2.5741863,3.9504464,-13.678992,-5.776346,-8.715647,1.598502,-4.8114686,3.6536467,-6.149895
03-01-08-01-02-01-19,surprised,4.104125,0.002795337699353695,0.10495397286821706,2115.675273734082,1820.9656489766253,-643.3338,66.7055,14.0928955,22.267912,-4.075937,7.9323583,-9.893562,-3.359296,1.8773149,1.9320753,-6.65119,5.083621,-7.5625834
03-01-08-01-02-02-19,surprised,3.06975,0.0018032105872407556,0.06317647298177083,2200.315128967843,2117.558203952996,-724.4663,64.94518,18.91242,18.999517,3.189688,10.343083,-2.0366173,-4.826174,-0.34963146,5.459936,-2.460308,6.6845074,-1.3885975
03-01-08-02-01-01-19,surprised,4.104125,0.00658731535077095,0.0967818859011628,2096.874908347427,1917.4213865795948,-558.4278,53.489017,1.8045056,9.9485855,-3.4425426,1.3594667,-15.222894,-7.710314,-9.180621,-2.9146338,-7.4733815,2.6849844,-2.1429505
03-01-08-02-01-02-19,surprised,4.638,0.006844330579042435,0.12309065193965517,2334.542091387589,1886.4799792295178,-557.35535,47.97902,-2.0284653,14.373813,-0.25391135,-1.642103,-17.263311,-12.030944,-6.316582,0.9983872,-10.415565,4.530408,-1.790077
03-01-08-02-02-01-19,surprised,3.236625,0.0055034407414495945,0.08685661764705882,1835.5411269014323,1822.620115801798,-590.6499,65.019394,5.402982,15.942583,-1.9164042,2.7347002,-9.027414,-2.9940217,-1.272464,-0.199725,-6.880416,5.75665,-1.5459595
03-01-08-02-02-02-19,surprised,3.2699375,0.0033313073217868805,0.08053322208737865,2253.0954316349785,2078.2181895728127,-655.8084,58.370842,16.727875,13.69478,2.288955,9.652943,-8.338882,-1.3079541,-2.4145684,2.3749135,-5.616756,3.261609,0.097134285
03-01-01-01-01-01-20,neutral,3.470125,0.0015615199226886034,0.07988102064220183,1964.1412261991293,1493.7758981057991,-702.44543,29.580872,-5.4841976,6.3799205,-12.373681,-5.001266,-14.471411,-6.971577,-5.746162,-2.1124046,-7.917525,-3.368777,-4.084255
03-01-01-01-01-02-20,neutral,3.57025,0.002182180993258953,0.08665248325892858,2212.79646611656,1551.5433131268976,-692.7166,28.253283,-7.19,8.364929,-15.142157,-5.5607576,-14.592073,-8.057388,-5.2170644,-4.4516363,-6.597798,-4.217578,-2.4143887
03-01-01-01-02-01-20,neutral,3.4368125,0.0019160396186634898,0.08418782552083333,1836.559260847454,1443.3014048178095,-716.3667,35.749237,-2.7879226,5.933898,-10.918452,-5.02526,-13.906605,-6.2458844,-4.969154,-3.5771875,-7.344089,-2.601029,-2.2754917
03-01-01-01-02-02-20,neutral,3.536875,0.0021107837092131376,0.09002410613738739,2256.6136105203896,1553.554683671769,-703.3166,27.998331,-5.4729323,5.421949,-12.276596,-6.36805,-15.446517,-6.132553,-5.637817,-3.639996,-7.1646776,-2.7734954,-3.39026
03-01-02-01-01-01-20,calm,3.637,0.0008186293416656554,0.07986396655701754,2068.9402076848314,1504.4668317003004,-780.7724,27.668432,-4.83169,10.369676,-11.136068,-7.147854,-15.071487,-6.3401475,-6.2897825,-2.5883944,-8.329108,-1.8932997,-5.5452924
03-01-02-01-01-02-20,calm,3.57025,0.0007578834192827344,0.06983729771205358,2002.0887949497228,1474.6023223984237,-794.8912,26.591156,-6.5590405,5.9836187,-9.346506,-6.153014,-14.386238,-7.680893,-6.1598063,-4.644759,-10.915697,-2.306144,-4.0937624
03-01-02-01-02-01-20,calm,3.3366875,0.0005860255332663655,0.07814825148809523,2105.3938980247517,1575.0117063291384,-803.0254,31.469921,1.8627105,6.757011,-3.7790406,-3.953019,-13.544682,-8.565866,-6.670631,-4.1151576,-7.4675746,-1.7969652,-3.300053
03-01-02-01-02-02-20,calm,3.5035,0.0007982023525983095,0.07975852272727273,2010.8159429648535,1522.652470912556,-779.9599,31.21585,0.648313,6.264999,-6.41876,-4.6529264,-13.124112,-5.6452513,-5.0355473,-2.2578063,-8.344603,-1.4449912,-2.6118488
03-01-02-02-01-01-20,calm,3.8705625,0.0005708784447051585,0.06475981404958678,1892.1811733668437,1475.507673389766,-808.96606,36.14817,-2.710503,10.048378,-8.480272,-6.21387,-13.561748,-5.1978645,-7.145794,-3.4669108,-5.5930367,-0.9871903,-3.6202528
03-01-02-02-01-02-20,calm,4.07075,0.0004959527868777514,0.07529449462890625,1881.4363598042796,1497.052611840046,-804.16156,32.88941,-2.1646812,14.462857,-8.21139,-3.2083597,-12.694408,-6.9277124,-5.1964855,-4.3478336,-8.209079,-1.3539017,-3.0749578
03-01-02-02-02-01-20,calm,3.637,0.0005737496539950371,0.08539782072368421,2121.5261393283586,1521.0220771568445,-795.7057,35.764355,1.5616771,9.524103,-6.50277,-4.931263,-14.447118,-5.570025,-2.2342544,-3.702825,-6.67821,-2.1629777,-4.277582
03-01-02-02-02-02-20,calm,3.637,0.0004392380069475621,0.07733689692982457,2194.3655954655433,1586.9705829006728,-840.2989,26.87522,1.9397379,6.7468843,-8.128327,-3.143944,-12.570513,-7.9073906,-5.028574,-4.7651763,-10.235634,-1.9938344,-4.034195
03-01-03-01-01-01-20,happy,3.536875,0.00853658840060234,0.07102952561936937,1763.9367780371906,1472.1199998071954,-568.24023,28.720568,-15.214605,4.8624506,-16.910471,-7.7004004,-15.75491,-14.026106,-5.9772024,-9.907122,-3.403502,-9.150539,-2.0458865
03-01-03-01-01-02-20,happy,3.7036875,0.0048976982943713665,0.08306674299568965,1832.9036522074769,1492.7346845216737,-621.1018,28.699865,-15.839766,2.581195,-16.912483,-5.7374434,-16.171532,-9.272247,-9.286121,-4.757976,-4.911835,-7.212486,0.23854676
03-01-03-01-02-01-20,happy,3.470125,0.004615352023392916,0.1101768563646789,2499.1238113874138,1928.077926457592,-615.7158,31.828964,-1.8311623,8.982093,-8.953201,-5.3931074,-17.337503,-9.817041,-9.688938,-7.9685855,-4.9927163,-6.187281,-2.3480308
03-01-03-01-02-02-20,happy,3.4034375,0.0034306668676435947,0.10846688814252337,2052.2668024843906,1504.7149532122721,-665.05444,22.984257,-17.344103,0.50734866,-13.177125,-7.8695183,-18.32939,-11.777883,-8.104493,-5.4652934,-2.610023,-6.017602,2.101372
03-01-03-02-01-01-20,happy,3.670375,0.013923980295658112,0.08110988451086956,2015.9931357356174,1405.801393724943,-528.86273,17.038694,-34.76093,-3.9618993,-27.101957,-12.431052,-18.426323,-14.9099,-4.1701994,-11.510779,-4.0908732,-9.4944315,-2.0248876
03-01-03-02-01-02-20,happy,4.3043125,0.013669690117239952,0.17612485532407407,2228.2164081475808,1580.2330866967875,-467.13657,21.321064,-37.885143,-0.17198497,-28.368662,-11.891886,-21.822182,-16.103127,-8.010751,-14.19804,-1.6027272,-0.97385436,6.854243
03-01-03-02-02-01-20,happy,3.57025,0.021889373660087585,0.11924961635044642,2023.4606663519673,1574.054598254583,-465.76303,14.44803,-27.540812,-3.3346438,-22.926548,-14.494093,-21.666456,-10.6762495,-5.184317,-2.372259,-2.8360639,-0.54918987,1.322086
03-01-03-02-02-02-20,happy,3.70375,0.0337456613779068,0.13833091998922414,2797.7222467617153,1968.5225657663914,-406.92767,3.9392538,-35.773975,-12.847771,-23.852657,-14.504957,-18.325195,-11.950115,-0.42934865,5.226164,13.321076,8.204193,5.0863934
03-01-04-01-01-01-20,sad,3.603625,0.0008208219078369439,0.11685477737831858,2572.881864877176,1840.4317677584052,-734.9913,31.919758,-7.0676904,9.279035,-10.920956,-1.65994,-20.936203,-8.557864,-4.9675746,-5.911914,-6.4540195,-1.6980168,-6.2172446
03-01-04-01-01-02-20,sad,3.5035,0.0004036946047563106,0.07600319602272727,1961.9890776389348,1388.7307514242852,-821.89886,33.680912,1.4835197,8.870819,-2.4061887,-0.69346666,-13.091076,-6.472938,-5.8476605,-2.4915757,-6.8970222,1.6762347,-4.906459
03-01-04-01-02-01-20,sad,3.470125,0.0005804362590424716,0.09452497849770643,1962.0814944111323,1458.5684689199275,-791.3259,33.294415,0.49053395,8.092111,-4.488226,2.1236894,-16.025932,-6.2007594,-2.8683558,-2.4674761,-5.371887,-0.6306181,-1.4503134
03-01-04-01-02-02-20,sad,3.3700625,0.0005805176333524287,0.08994969781839622,2226.044466049101,1599.7616286845882,-779.91016,36.877083,0.8419143,11.070858,-1.0782735,2.1971653,-17.006662,-10.590621,-3.063754,-1.7324835,-7.6857944,-1.0426037,-2.1396933
03-01-04-02-01-01-20,sad,3.7704375,0.0026354892179369926,0.09770590572033898,2228.0444720617056,1687.6195386518298,-651.38904,35.585026,-12.41752,11.429721,-13.879745,-13.659194,-17.963545,-16.579084,-4.9222755,-9.062376,-1.4010137,-5.639791,-4.8180923
03-01-04-02-01-02-20,sad,4.2375625,0.014851982705295086,0.13084836113721804,2575.7555176530486,1898.6203392351977,-472.33716,17.917505,-35.045853,0.20948435,-24.043203,-19.723911,-16.574121,-28.867643,-4.1561284,-13.0745735,-1.9529876,0.66170895,1.241864
03-01-04-02-02-01-20,sad,3.8038125,0.0020313276909291744,0.08893694196428571,2170.5015173254537,1608.5640301652486,-695.7873,33.612473,-4.816133,2.0708358,-10.438441,-12.616061,-18.269882,-16.462292,-4.3981614,-9.764959,-1.6118894,-4.5508895,-3.7760797
03-01-04-02-02-02-20,sad,3.970625,0.01350177638232708,0.13155859375,2250.822488332352,1664.9635252394155,-513.95825,18.085575,-30.96191,-3.0755327,-24.292631,-21.561132,-17.443493,-27.401,-6.520954,-5.688931,-4.7320333,0.85575235,-1.6261209
03-01-05-01-01-01-20,angry,3.236625,0.0018160808831453323,0.057535807291666664,1786.2793425557786,1435.4046164310787,-713.8762,31.646446,-3.642393,3.5034645,-8.595858,-2.1676688,-13.065533,-7.721222,-9.250548,-2.6103725,-5.3956223,-5.749009,-3.3831842
03-01-05-01-01-02-20,angry,3.7370625,0.007122556213289499,0.08798661191239317,1930.9585429903918,1500.3327099215398,-575.21735,23.984207,-13.6069565,-4.397689,-12.788508,-3.7392728,-12.925158,-10.723353,-8.644855,-4.4728785,-6.245391,-7.281217,-5.702428
03-01-05-01-02-01-20,angry,3.670375,0.004082757048308849,0.1348930027173913,2575.9165647919663,1772.7239156014248,-622.71027,21.038834,-13.853555,2.959806,-15.092726,-7.7899437,-19.956924,-9.641487,-6.2858496,-2.8262808,-4.326396,-5.5518084,-4.8150306
03-01-05-01-02-02-20,angry,3.8038125,0.008977219462394714,0.16291360294117646,2532.2856878500697,1854.561741595625,-508.33163,25.226345,-25.445871,-3.953017,-20.274696,-12.876237,-20.30294,-13.3880205,-8.682749,-4.317547,-9.421631,-8.720549,-5.9756494
03-01-05-02-01-01-20,angry,4.1375,0.02005716785788536,0.20425555889423078,2729.4400635583415,1901.696463289592,-414.33804,24.482481,-8.255441,8.224187,-22.136688,-2.7863445,-17.9745,-8.529107,-9.343951,-5.119895,-4.5487967,-3.863563,-1.039758
03-01-05-02-01-02-20,angry,4.07075,0.05887048318982124,0.21218109130859375,2691.0730182912484,1779.616034270879,-350.60864,13.5600395,-28.940678,-9.189131,-29.039223,-11.078897,-15.581134,-9.886723,-4.6965175,-2.1698709,-1.4121453,-6.126087,-0.43087983
03-01-05-02-02-01-20,angry,4.4044375,0.06368846446275711,0.16127080502717392,2370.5447188081234,1683.5447120011117,-326.13757,15.851644,-29.685558,-11.424311,-22.553616,-10.067402,-11.823939,-9.062756,-7.1656733,-2.8404315,-6.8129835,-1.2802675,0.77622545
03-01-05-02-02-02-20,angry,3.536875,0.016394834965467453,0.17167704814189189,2895.8425471624932,2036.6760736900374,-466.22617,15.72047,-7.891387,3.1762834,-14.635419,-3.778062,-18.467955,-9.411638,-10.77784,-4.812747,-7.908746,-6.522131,-3.0612538
03-01-06-01-01-01-20,fearful,3.8038125,0.001500011421740055,0.07732077205882353,1955.6876528439377,1518.2153149296419,-702.7038,23.157993,-5.616761,4.1621656,-13.128721,-8.915666,-14.477652,-5.841784,-5.727885,-7.0969577,-3.1704087,-5.6775517,-1.9486716
03-01-06-01-01-02-20,fearful,4.3710625,0.0018535347189754248,0.07853130702554745,2116.896927406258,1562.386717699973,-709.5055,23.454088,-8.963393,4.1265173,-14.653885,-10.186101,-17.026321,-4.9559155,-5.681778,-8.640322,-1.4054385,-7.3241444,-1.025726
03-01-06-01-02-01-20,fearful,3.9373125,0.001279533957131207,0.10967820690524194,2150.501549425722,1523.033863006343,-744.6835,21.228441,-0.100886256,6.6308117,-6.063002,-7.312795,-19.586935,-2.378378,-4.000346,-6.0800166,-5.682399,-2.2665331,-1.0142777
03-01-06-01-02-02-20,fearful,3.3033125,0.0010360440937802196,0.10332782451923077,2052.568930278131,1588.4660160583478,-750.3051,30.649754,-0.99280494,8.804138,-9.994622,-9.179567,-22.73592,-6.261929,-4.645536,-7.1928134,-3.573132,-3.6606598,-2.4586976
03-01-06-02-01-01-20,fearful,4.2375625,0.049398694187402725,0.24488956766917294,2657.7257013748376,1816.1742430411864,-343.0984,18.481241,-38.387997,-3.8495176,-24.250698,-7.4769106,-19.625662,-6.7750034,-1.0842319,-4.970279,0.33966982,4.772604,11.021095
03-01-06-02-01-02-20,fearful,4.170875,0.05158162862062454,0.25585564766221375,2714.733245914725,1814.0861555190897,-304.19995,14.1294985,-43.007076,-12.060577,-29.17941,-7.059214,-23.94662,-10.758822,1.7123275,-6.0186043,4.8123345,6.89579,15.112844
03-01-06-02-02-01-20,fearful,3.8705625,0.06976089626550674,0.16206095041322313,2584.7621956746248,1894.0623944832446,-368.21252,12.176445,-41.467678,-15.335145,-23.298166,-15.627536,-14.632635,-6.60106,0.41401,2.3546247,-2.4147255,-5.1208386,4.024903
03-01-06-02-02-02-20,fearful,3.9039375,0.059790294617414474,0.23632012038934427,2716.0215077841226,1934.870126169731,-332.67502,5.1919146,-28.098085,-11.285164,-19.04928,-10.938979,-16.560457,-9.65593,3.6050138,4.6939087,12.535125,8.142512,6.029644
03-01-07-01-01-01-20,disgust,3.8705625,0.0035867001861333847,0.10547682076446281,1899.3319605258048,1430.680098026271,-633.1055,34.013832,-9.534388,0.43322405,-12.5953,-7.1155286,-13.789472,-10.094582,-4.5042186,-5.7737737,-7.028555,-2.5007455,-5.697192
03-01-07-01-01-02-20,disgust,3.7370625,0.0016335365362465382,0.12372713007478632,2041.3996650849401,1605.8273706891187,-666.51447,51.222424,-8.543151,4.979864,-9.450439,-9.55678,-11.770944,-0.8180429,-2.9901733,-3.456743,-4.161113,-0.8228345,-0.987299
03-01-07-01-02-01-20,disgust,3.637,0.0020059163216501474,0.10801295230263158,2152.794873929586,1562.5286729472898,-700.9756,38.532883,-0.28216413,-0.6554573,-6.217279,-5.674679,-14.942921,-5.5358553,-6.14617,-6.0616474,-6.945524,-1.8861848,-4.7407966
03-01-07-01-02-02-20,disgust,3.8371875,0.002008954994380474,0.15819905598958334,2250.386458438906,1600.3479975680248,-671.3957,34.382507,-0.6787502,-0.22078514,-7.7388763,-11.883509,-17.686605,-6.6764426,-7.2546673,-7.349678,-7.0648274,-3.7151046,-5.1667385
03-01-07-02-01-01-20,disgust,4.104125,0.0035033554304391146,0.10327716206395349,2088.93782041988,1589.1710195538608,-635.50543,34.06559,-0.5308701,1.1869314,-12.081519,-6.0631547,-11.846862,-12.945055,-5.182056,-4.1326337,-8.052188,-1.1811692,-4.585134
03-01-07-02-01-02-20,disgust,4.104125,0.00559481093659997,0.09861767199612403,2476.18253907105,1736.2235806255633,-594.29456,21.634007,-9.452132,0.5280942,-11.5236635,-8.258021,-11.261132,-8.670366,-7.2128143,-4.4825788,-4.3639417,-4.989101,-4.285807
03-01-07-02-02-01-20,disgust,4.7380625,0.008267244324088097,0.1383736629614094,2631.207519188545,1845.4434345150453,-550.07935,16.983997,-11.408944,-12.428418,-13.112093,-14.447208,-17.128021,-12.885785,-5.0792155,-8.106634,-11.355102,-3.378604,-5.7686267
03-01-07-02-02-02-20,disgust,3.8705625,0.008074576035141945,0.17703625387396693,2526.044454941121,1783.05068659953,-528.23126,29.904736,-15.1430645,-11.209985,-15.129782,-6.488934,-17.715347,-15.013448,-6.92148,-5.8842177,-12.366699,-6.5979357,-8.4585905
03-01-08-01-01-01-20,surprised,3.236625,0.003769296919927001,0.08361577052696079,1791.5102996479873,1354.4474670871543,-645.01324,25.520248,-16.40607,5.470966,-13.340576,-6.030153,-19.002888,-8.986544,-5.5828786,-6.5610266,-4.397737,-4.623085,-2.9419565
03-01-08-01-01-02-20,surprised,3.57025,0.006617800332605839,0.11239188058035714,1879.2588788196783,1455.4334840303734,-574.6419,32.87999,-14.568757,3.8028316,-15.086725,-7.882365,-14.671361,-9.9011965,-7.9316564,-5.51485,-7.293383,-5.1322427,-4.818444
03-01-08-01-02-01-20,surprised,3.1365,0.0025233449414372444,0.10331340751262626,1938.8059312441583,1421.0526163070804,-689.8012,29.25649,-11.051108,1.7652777,-8.131115,-5.315206,-18.12292,-7.8509736,-4.8460712,-5.906997,-6.1220727,-2.7180483,-3.8651052
03-01-08-01-02-02-20,surprised,3.2031875,0.0033124478068202734,0.08602452042079207,1818.3565968217918,1375.1443113135604,-668.43964,29.820774,-14.943124,3.2123404,-14.832877,-5.9172745,-20.399158,-5.785325,-6.266124,-5.654981,-4.708852,0.040891446,1.7677424
03-01-08-02-01-01-20,surprised,3.7370625,0.013235187157988548,0.16354917868589744,2192.163984966031,1534.1576928387065,-483.6729,25.791897,-22.170929,0.6593108,-22.297628,-8.889037,-19.169048,-11.554889,-6.7629685,-9.908405,-7.0675073,-2.340592,0.76116574
03-01-08-02-01-02-20,surprised,3.236625,0.0036532534286379814,0.07891007965686274,1993.2640817759834,1582.1014004529466,-649.8828,32.043526,-16.73449,0.2403626,-16.601873,-6.8782005,-19.001211,-11.64468,-8.562189,-8.01048,-7.373867,-6.5714254,-3.440354
03-01-08-02-02-01-20,surprised,3.536875,0.01092266384512186,0.17895287865990991,2565.937002538555,1807.4546744800243,-478.78952,23.753746,-25.427126,4.4300694,-16.285877,-6.2197905,-23.144724,-18.736029,-5.689162,-12.353058,-9.45655,-4.8075466,-4.612634
03-01-08-02-02-02-20,surprised,3.4368125,0.005810245405882597,0.1247875072337963,2114.3830064965546,1540.2035134862697,-589.1455,26.916622,-17.56534,4.4307914,-12.365162,-6.2678394,-21.934896,-8.128957,-4.2168784,-8.438097,-7.2988806,-4.8475423,-6.1051307
03-01-01-01-01-01-21,neutral,3.8371875,0.005853139329701662,0.07642822265625,2064.221486357644,1916.700496626557,-585.5245,63.384293,-0.13832219,18.74466,-1.8350617,-1.2794878,-0.41540334,-11.354147,-2.8426988,-0.3260369,-5.4270954,0.24040465,0.5438289
03-01-01-01-01-02-21,neutral,3.970625,0.005590116139501333,0.079203125,1925.7686431737395,1876.610512449076,-588.1197,67.77601,5.984998,20.53744,-1.2120839,1.2455652,-1.6877463,-10.444164,-1.6784766,1.5145533,-3.5821805,1.3348104,1.9199735
03-01-01-01-02-01-21,neutral,3.603625,0.006621208041906357,0.08137444690265487,2163.04585614361,1885.0252778792303,-596.7793,65.798454,-0.037944593,17.537014,-0.34756282,0.7618293,-4.1997137,-12.750921,-3.8022594,1.5163621,-4.865091,-2.267232,1.1499349
03-01-01-01-02-02-21,neutral,3.670375,0.005287321284413338,0.08067680027173912,2122.401315624599,1894.1707469437572,-598.7896,64.769035,-0.7642729,17.399885,2.5146668,-0.041629825,-6.1746845,-11.959823,-2.3815458,0.55906034,-4.0785193,0.31992254,0.36897767
03-01-02-01-01-01-21,calm,4.037375,0.0037021515890955925,0.08030880905511811,1985.1657921115852,1827.1315016723177,-617.2068,72.606766,6.0898623,20.44663,2.183239,0.5392131,-4.003736,-8.052274,-1.5393431,3.1695895,-2.6923482,1.8555658,2.6875916
03-01-02-01-01-02-21,calm,4.004,0.0045805457048118114,0.0944552951388889,2070.4148097179864,1813.3014139522038,-594.72345,72.78401,-1.0555844,21.121527,-0.5987024,-2.8711405,-3.9240658,-10.349287,-2.0270467,1.1193086,-4.5451574,2.5735872,1.6853976
03-01-02-01-02-01-21,calm,3.8038125,0.004382406827062368,0.08275341386554622,1957.9794492312806,1895.2824393381134,-628.9156,76.26206,13.404956,24.932795,6.479999,6.1035347,-2.235189,-5.874783,0.6699865,3.3511026,0.10899491,4.5244083,4.3097625
03-01-02-01-02-02-21,calm,4.07075,0.004230079241096973,0.09408950805664062,1914.1226702989397,1839.102638738433,-617.4618,76.50408,8.722238,26.30185,7.568616,1.6282693,-5.767351,-5.481695,1.0594962,3.1829011,-2.9766161,3.8623896,3.2429843
03-01-02-02-01-01-21,calm,4.004,0.0037549007683992386,0.11051432291666667,2125.9543902275004,1872.3926183297547,-602.26587,66.24094,2.423502,25.470367,1.610718,1.9548241,-6.3880568,-5.9211287,0.13448259,4.216363,-3.31752,3.4498546,2.8857653
03-01-02-02-01-02-21,calm,4.170875,0.0038754320703446865,0.12237968153625954,2139.1246318975404,1764.9788085125135,-580.9676,66.62463,-3.871452,24.976612,-1.5630394,-0.06444287,-9.069824,-10.8069725,-1.0802901,2.5378256,-6.209129,1.4259999,0.3731216
03-01-02-02-02-01-21,calm,4.1375,0.0048901853151619434,0.14898212139423078,2167.5236694974083,1799.5131013920422,-576.66766,64.91586,-2.3455474,25.024408,0.5954402,-0.995718,-5.4905825,-11.79452,-0.29961103,1.1701554,-4.226784,3.0196955,2.488192
03-01-02-02-02-02-21,calm,3.970625,0.0042497278191149235,0.13546484375,2178.128275657031,1778.4210063964545,-591.5341,69.50084,-4.8091617,24.73343,2.0625134,-0.61250323,-11.048541,-9.645297,-2.0584066,-0.24998829,-4.65716,2.0794694,2.1721919
03-01-03-01-01-01-21,happy,3.8371875,0.007505814544856548,0.0895263671875,2203.365612996125,1876.9527125993948,-562.2354,56.601402,-6.0157995,18.083763,-2.439953,-4.6960998,-4.78235,-11.796758,-2.0374796,-1.6694336,-6.51191,0.9907393,-2.7723608
03-01-03-01-01-02-21,happy,3.8038125,0.008294099010527134,0.09813222163865547,2168.379047725011,1861.2653501109737,-555.3802,58.21691,-9.76039,22.438118,0.8615783,-5.3160763,-1.7270904,-12.3684025,-0.7027474,0.2699577,-6.621631,2.303174,-0.78465605
03-01-03-01-02-01-21,happy,3.70375,0.01035396009683609,0.12331206223060345,2254.4091994530527,1803.7614831449916,-535.2955,56.941887,-11.789976,23.019365,-3.283078,-5.996256,-9.0330925,-14.234428,-2.2503068,-2.880804,-8.242025,2.212038,-1.0813016
03-01-03-01-02-02-21,happy,3.8371875,0.008773759007453918,0.11208089192708333,2271.2065148037536,1804.723612868121,-560.7453,58.031086,-9.011633,16.494503,-1.3085188,-4.815332,-10.656447,-11.870817,-3.2575963,-1.5964005,-7.242851,0.33686316,-1.632784
03-01-03-02-01-01-21,happy,3.8038125,0.019547030329704285,0.11991202731092437,2305.8046052051527,1845.3921930917732,-464.78262,46.297924,-17.05966,16.940308,-8.077343,-10.228588,-3.5848815,-16.456818,-5.106918,-2.840782,-11.166771,0.5562093,-6.5784774
03-01-03-02-01-02-21,happy,3.9373125,0.017865203320980072,0.10753213205645161,2300.636481802324,1879.753777769184,-473.57095,43.844925,-17.390856,16.053825,-4.797138,-10.376788,-2.070354,-17.157082,-5.317035,-2.7538526,-11.042977,-0.20759016,-6.0477953
03-01-03-02-02-01-21,happy,3.670375,0.017650863155722618,0.12494904891304348,2226.225381108269,1809.0637033179792,-490.53314,54.836235,-13.697288,14.820554,-4.2709036,-10.858505,-7.0869346,-15.873556,-2.984817,-3.0724142,-9.495642,0.5582303,-5.6247616
03-01-03-02-02-02-21,happy,3.8038125,0.022554004564881325,0.12984998686974789,2238.20298370206,1791.7719710325,-443.67218,44.758778,-15.7272625,13.752802,-8.02168,-10.815984,-6.1459274,-17.398573,-6.6909165,-3.1221147,-11.5819645,0.5310307,-5.894511
03-01-04-01-01-01-21,sad,4.3043125,0.003048436250537634,0.08470775462962964,2339.2376220338824,1910.520482873438,-634.2014,63.623077,3.6274557,23.341692,-2.0656729,2.9137564,-3.9526246,-11.476038,-4.901628,-0.7435312,-7.0588746,-1.1855127,-2.7883503
03-01-04-01-01-02-21,sad,4.604625,0.002740805270150304,0.0817532009548611,2224.2607251350264,1911.163670503222,-636.6399,66.89208,4.872927,24.191332,-3.3375509,4.6883674,-3.9583325,-8.247005,-3.8338933,-2.3433583,-5.363717,-0.8772986,-2.0205493
03-01-04-01-02-01-21,sad,4.07075,0.0036074896343052387,0.10521697998046875,2326.928175207883,1938.1339556590592,-603.2679,59.652832,3.208553,20.856682,-2.3798227,3.9951446,-6.4687185,-11.250245,-1.0623542,1.0545883,-4.959053,-0.60512674,-1.2530141
03-01-04-01-02-02-21,sad,4.2041875,0.0036600881721824408,0.09654651988636363,2360.7242132252627,1921.1757362649425,-620.72363,60.442467,0.2666901,23.017294,-0.9964757,3.8907516,-4.0576653,-11.022184,-3.586815,-0.45771316,-6.385648,0.5211837,-2.6420188
03-01-04-02-01-01-21,sad,4.170875,0.014032571576535702,0.10091394322519084,2202.849174821066,1823.9906682093615,-500.58658,53.68391,-17.598421,18.422754,2.0365107,-19.300432,-7.359664,-18.291464,-16.42675,3.617401,-17.763884,-1.873209,-4.118089
03-01-04-02-01-02-21,sad,4.2709375,0.013105460442602634,0.10110336986940298,2161.745333154498,1838.0225171588681,-500.13834,50.92531,-14.627256,17.217318,2.651041,-18.738253,-9.41239,-20.272724,-13.500558,4.396616,-17.493408,-1.3577507,-5.691277
03-01-04-02-02-01-21,sad,4.2709375,0.009666715748608112,0.1167137943097015,2240.502039207534,1832.811680265699,-515.61005,53.166336,-11.500359,21.620422,0.09089154,-12.996902,-5.94959,-21.674564,-6.692432,-1.2159905,-12.555219,-2.1669738,-5.1937776
03-01-04-02-02-02-21,sad,4.1375,0.009681870229542255,0.11231219951923077,2232.1449581919255,1847.0449003865424,-543.1017,58.47988,-12.1306305,22.746258,3.6297836,-12.305275,-4.459532,-17.959822,-7.869347,1.8131337,-12.986107,-0.24580865,-3.9589412
03-01-05-01-01-01-21,angry,4.1375,0.028786541894078255,0.14281850961538461,2345.377787636445,1849.304673482248,-424.7731,40.144344,-16.7157,19.54709,-7.5023417,-9.731177,-3.827932,-20.258423,-5.434923,0.083330594,-12.002358,-0.25356892,-4.4748526
03-01-05-01-01-02-21,angry,4.004,0.026997022330760956,0.12206643725198413,2315.2723974308906,1877.6042636919444,-435.76263,41.72792,-16.302639,19.40591,-5.881907,-8.43733,-1.35882,-19.19541,-5.137131,0.22919676,-11.845349,-0.51760197,-4.6340384
03-01-05-01-02-01-21,angry,4.07075,0.03556270897388458,0.16391754150390625,2342.9565375400616,1843.6397372573185,-396.75696,37.98584,-11.854317,14.634569,-7.9910784,-9.035206,-2.886186,-18.402935,-7.698702,-1.929219,-12.686643,-1.9515775,-5.047975
03-01-05-01-02-02-21,angry,3.9373125,0.032920725643634796,0.14139679939516128,2356.6266453033204,1834.7863287484322,-424.4868,41.21833,-13.845391,18.128534,-7.0205483,-9.44057,-3.3535094,-20.898523,-5.850072,-0.8673445,-14.208307,-0.8132654,-5.1053247
03-01-05-02-01-01-21,angry,4.3710625,0.06333237141370773,0.172612768020073,2380.049897559127,1758.295400753133,-336.19052,35.00965,-21.05158,15.184061,-7.485177,-14.109418,-2.1842558,-15.69808,-5.048122,0.9293401,-11.127831,-0.63910013,-4.57272
03-01-05-02-01-02-21,angry,4.471125,0.05860406160354614,0.16268484933035715,2446.126819153505,1814.024384206182,-358.93008,33.977303,-26.003426,14.437401,-4.8037214,-12.60675,-6.7672143,-16.9058,-4.3229814,0.81291133,-12.430649,-0.051456507,-5.794003
03-01-05-02-02-01-21,angry,4.104125,0.04708430916070938,0.153804808624031,2387.039656562137,1839.5883989997196,-366.11874,33.32059,-17.659082,12.209426,-7.8882203,-10.274314,-5.411318,-19.246813,-5.764938,-2.1069744,-12.420541,-2.0365462,-4.192748
03-01-05-02-02-02-21,angry,4.2375625,0.054442889988422394,0.194827890037594,2639.644255328227,1850.3191665808176,-366.91714,30.248848,-21.836067,13.979032,-8.747821,-13.334688,-6.064,-18.66053,-6.761694,-1.5507349,-11.479172,-0.75582707,-3.688804
03-01-06-01-01-01-21,fearful,3.670375,0.007560166530311108,0.1322562839673913,2234.5075574896728,1743.685029609366,-547.4027,58.07359,-6.490535,22.052382,-4.4053373,-2.1418362,-4.769799,-14.444879,-2.422214,0.5176916,-11.472281,1.4382973,-0.0020334409
03-01-06-01-01-02-21,fearful,3.7704375,0.0075310454703867435,0.11800681938559322,2272.9433093688212,1830.84986681594,-557.3452,56.082962,-8.473531,20.018406,-5.074789,-3.8867059,-5.161276,-13.603026,-3.184068,-0.22293475,-10.61477,-0.4078229,-2.2626119
03-01-06-01-02-01-21,fearful,3.970625,0.006913686171174049,0.1016953125,2357.611125698819,1881.695175545783,-565.1778,50.943584,-5.9652543,17.375427,-0.1654032,-1.0326333,-4.941573,-11.559441,-1.2163035,-2.5970175,-8.836391,0.53120947,-0.92141765
03-01-06-01-02-02-21,fearful,4.07075,0.007693516090512276,0.09401321411132812,2257.457050489632,1884.7714440452073,-582.19104,54.775124,-0.99645996,14.94544,-2.0344188,1.2190641,-4.474825,-11.65367,-2.7797537,-3.2123337,-8.464469,-1.699437,-1.4679792
03-01-06-02-01-01-21,fearful,3.970625,0.0163573008030653,0.13915234375,2368.22625268656,1924.5338436983168,-485.44507,42.871464,-16.553535,17.492762,-3.608262,-9.334888,-5.5901027,-14.653536,-3.5507824,0.52514887,-11.045826,1.6238798,-0.9648578
03-01-06-02-01-02-21,fearful,3.8371875,0.016705268993973732,0.13807373046875,2333.839240823244,1914.2674306958704,-481.20013,44.145325,-15.523576,15.833632,-4.465789,-9.994261,-6.347873,-14.335761,-7.474454,1.0734704,-12.132023,0.33916664,-2.3552384
03-01-06-02-02-01-21,fearful,3.7704375,0.01822071149945259,0.12560414459745764,2342.7260725300275,1900.4372767791267,-468.8532,48.584576,-13.702455,16.507912,-2.8423634,-7.671644,-7.4839964,-16.263958,-7.2947555,-2.4776855,-12.316796,-1.1341234,-3.5952723
03-01-06-02-02-02-21,fearful,3.637,0.016356807202100754,0.11182068941885964,2370.2251952979836,1888.4027570243734,-495.76703,47.569546,-10.208246,15.476328,-1.3264474,-7.428404,-4.5454698,-13.430831,-6.4167376,-4.6199937,-11.882781,-0.94915515,-3.6737154
03-01-07-01-01-01-21,disgust,3.8038125,0.008822007104754448,0.09312631302521009,2363.1814594346406,1889.8283696373721,-538.28235,54.02502,-5.827324,20.24059,-5.0702043,-4.746543,-1.4730871,-14.453658,-2.6384716,0.9899934,-9.58358,-4.248024,-3.91593
03-01-07-01-01-02-21,disgust,4.07075,0.009016876108944416,0.1088714599609375,2324.868326557589,1871.649274467205,-542.86084,54.24621,-9.915852,22.752111,-3.8621728,-4.383247,-1.0390897,-12.2981825,-2.3999002,3.1401713,-7.0771294,-2.0780597,-1.6519533
03-01-07-01-02-01-21,disgust,3.637,0.009199927560985088,0.12231873629385964,2332.2064091406337,1848.884363834731,-543.70984,55.40054,-7.2495394,20.491447,-2.1760147,-8.416822,-4.645166,-12.582617,-1.9051619,-1.354802,-10.667812,-3.064756,-3.5429683
03-01-07-01-02-02-21,disgust,3.603625,0.008751793764531612,0.10666568722345132,2371.2735416453875,1923.0056095720138,-539.7774,46.07061,-8.668702,20.696194,-4.36089,-8.687255,-2.139547,-13.611093,-2.3694136,-0.610133,-7.837625,-2.7390156,-4.697248
03-01-07-02-01-01-21,disgust,4.07075,0.006086106412112713,0.1117401123046875,2185.47958344152,1874.106494035079,-573.71155,61.397606,-9.692491,23.21537,1.689416,-2.4369454,-1.1259551,-10.971422,3.409388,4.842635,-3.987565,0.5893996,1.6458524
03-01-07-02-01-02-21,disgust,4.037375,0.006551584228873253,0.10567252091535433,2301.6400097614383,1929.0591788596773,-569.5645,57.094513,-8.619608,22.77174,-2.4152195,-1.1167206,2.2286038,-12.390008,0.24263869,2.9910607,-4.0699763,1.3989543,-0.1649642
03-01-07-02-02-01-21,disgust,4.170875,0.007582619786262512,0.13400524809160305,2427.8534729100643,1871.3418118652896,-565.3707,52.053314,-5.154864,22.365921,-1.8899219,-3.903123,-0.9262921,-10.894003,1.0779973,2.727005,-5.6289835,1.0620908,-0.59097886
03-01-07-02-02-02-21,disgust,3.970625,0.006856752559542656,0.119984375,2172.8776975426445,1858.693589175013,-568.4727,64.05269,-0.06108107,25.567795,4.3208838,-0.68548596,0.5419761,-10.335107,2.0719752,7.108764,-2.032753,3.5789921,4.0620556
03-01-08-01-01-01-21,surprised,3.5035,0.011400500312447548,0.10671608664772728,2275.1651116591574,1872.3232179773684,-533.5227,55.61729,-6.5528736,12.57532,-4.244787,-8.781293,-5.929595,-15.788449,-4.2036595,-4.9545255,-10.877165,-1.3416008,-5.17694
03-01-08-01-01-02-21,surprised,3.470125,0.010327106341719627,0.08429347047018348,2240.160323867959,1973.758909862006,-556.3414,52.27885,-4.0346465,12.834452,-3.1096716,-5.2329907,-3.1104465,-14.002807,-4.999826,-4.0460563,-9.791618,-1.8668863,-5.340354
03-01-08-01-02-01-21,surprised,3.4701875,0.010760881938040257,0.11824021645642202,2390.7410474252106,1897.8499930712262,-539.7083,47.044647,-8.9471245,11.820377,-4.3662963,-5.519506,-6.8794417,-14.306113,-4.276255,-6.3397756,-12.488642,-2.3296347,-3.5753722
03-01-08-01-02-02-21,surprised,3.57025,0.012989886105060577,0.09875924246651786,2174.9417866086014,1882.34419234483,-497.55347,49.50524,-2.8767607,9.441701,-4.5133567,-6.8210897,-5.1716437,-13.589571,-4.16414,-6.7356086,-10.931051,-5.0833054,-5.6616755
03-01-08-02-01-01-21,surprised,3.637,0.015351423062384129,0.10564435992324561,2237.2196401289057,1968.4296845020858,-488.8151,40.199986,-6.206996,11.799762,-4.2656045,-9.376458,-4.964888,-16.467806,-5.586621,-4.726373,-12.857825,0.038734123,-5.1989555
03-01-08-02-01-02-21,surprised,3.637,0.015064823441207409,0.1088952850877193,2357.315734778802,1923.6144364798151,-498.09204,46.37022,-10.295613,12.846363,-7.754594,-11.896409,-5.5162234,-16.393639,-7.817566,-4.957157,-12.56995,-0.5175044,-5.897453
03-01-08-02-02-01-21,surprised,3.4701875,0.013584494590759277,0.1312043076261468,2388.3367046889516,1893.8558157637738,-523.28467,43.182922,-7.6693087,11.987819,-2.3375425,-7.645477,-7.154933,-18.535988,-1.5842534,-2.6672149,-12.541099,-0.75646174,-3.8239086
03-01-08-02-02-02-21,surprised,3.536875,0.013357125222682953,0.12328441722972973,2416.694039294577,1959.7058295133,-505.07062,40.188946,-3.3022761,11.617322,-3.4528713,-8.378862,-7.5098515,-17.202137,-3.6384993,-5.307367,-11.751465,-1.8688818,-5.965131
03-01-01-01-01-01-22,neutral,3.637,0.0022844066843390465,0.08998081140350878,2393.2273151506215,2002.629605276648,-688.75824,49.663437,-1.1694338,7.8437076,0.31046867,-4.5129104,-6.953813,-12.133463,-5.9674435,-2.1945934,-5.7411013,0.16511326,-0.524378
03-01-01-01-01-02-22,neutral,3.4368125,0.002575336489826441,0.102294921875,2500.5746325796385,2029.4117541582727,-659.5375,38.14576,-4.9222345,5.980221,0.62112606,-10.116203,-9.219579,-11.632554,-3.604155,-2.4536104,-7.2149744,-2.801922,-0.4752774
03-01-01-01-02-01-22,neutral,3.603625,0.002735366579145193,0.09847293279867257,2460.312700853465,2002.6085729654576,-672.96027,47.661205,-3.47108,2.384609,1.4779431,-7.05534,-12.885891,-12.436094,-2.810978,-1.6444304,-8.815462,-2.013142,0.15090436
03-01-01-01-02-02-22,neutral,3.536875,0.002540460554882884,0.11859955658783784,2531.6034971946806,1956.8352200862855,-665.3,42.703995,-1.4526079,7.1478996,0.75055647,-2.463042,-12.318814,-14.674575,-2.2523746,-0.88580287,-8.262023,-0.92262685,-1.6452699
03-01-02-01-01-01-22,calm,3.536875,0.0016199186211451888,0.11345280827702703,2694.286680357123,2052.5562241420525,-693.3481,38.847157,3.9660091,7.6459603,1.2397752,-4.839875,-9.3117695,-7.9635506,-3.7311766,-2.887728,-7.753734,-0.7424892,-1.3502427
03-01-02-01-01-02-22,calm,3.57025,0.0017170655773952603,0.11097499302455358,2482.5046102560736,1989.4359057797758,-669.43884,43.086056,-3.3147185,9.802184,0.81988275,-4.769616,-9.034907,-10.338965,-3.5024555,-0.76224995,-7.2185264,0.11936537,-0.5339042
03-01-02-01-02-01-22,calm,3.57025,0.002286094008013606,0.11073957170758929,2568.000567414718,1989.0295390127208,-676.40344,43.153484,-2.1461792,3.7531145,0.23590305,-6.8112454,-13.266475,-8.438491,-2.404014,-2.6298726,-9.515031,-0.40142393,-0.5473856
03-01-02-01-02-02-22,calm,3.536875,0.0019900009501725435,0.13344594594594594,2578.361254004273,1986.7442940518786,-666.0907,42.89059,-2.7744367,6.4300027,2.5499487,-2.1101105,-13.972666,-11.831321,0.022888226,-1.8125117,-9.589397,0.15275896,0.5523438
03-01-02-02-01-01-22,calm,3.70375,0.0015988181112334132,0.11541537580818965,2566.2421462259667,2034.2776619308645,-673.52234,41.32685,-2.2440577,8.47616,0.4873906,-3.749441,-6.8613276,-6.4018,-2.4112532,-1.5526026,-8.128567,-1.6975911,0.52789044
03-01-02-02-01-02-22,calm,3.8371875,0.001995611237362027,0.10988362630208333,2596.3448866627587,2051.4178535671185,-675.8577,41.88432,0.93636554,6.430511,-1.7444965,-6.33788,-7.8038187,-5.707179,-1.3095373,-3.7724397,-6.983235,0.4652287,-3.0774477
03-01-02-02-02-01-22,calm,3.637,0.001721175853163004,0.1454564144736842,2468.410983305844,1905.4588470849328,-666.89215,50.439518,-9.72192,2.7294917,-0.83122927,-1.1661711,-12.741707,-12.677884,-2.6130955,-0.3066222,-10.375736,-1.6036988,-0.6872579
03-01-02-02-02-02-22,calm,3.7704375,0.0017290961695834994,0.1563865532309322,2610.464333806608,1938.8104962098637,-659.1274,46.431725,-3.594692,6.466288,-3.6755004,-3.4595478,-14.255609,-13.37052,-3.1514354,-2.3041089,-9.397852,-0.47169423,-2.1210928
03-01-03-01-01-01-22,happy,3.536875,0.0038984843995422125,0.10878994228603604,2329.19169908006,1874.549966151333,-615.979,50.60139,-13.3442745,5.0490294,-1.4152874,-9.245004,-13.527343,-12.889849,-4.0679927,-5.898946,-9.602605,-2.6925406,-5.8068814
03-01-03-01-01-02-22,happy,3.4368125,0.0038207261823117733,0.09997106481481481,2542.9369170224963,1924.8222915410477,-631.6683,40.251083,-20.072706,3.7724123,-2.7186344,-12.4507,-13.871576,-13.922268,-2.9400194,-6.267408,-8.510703,-2.1018572,-2.855129
03-01-03-01-02-01-22,happy,3.5035,0.004114760085940361,0.10588600852272727,2606.2187358820383,2016.5179465525068,-632.54944,40.289337,-7.907118,1.0709959,-3.4707031,-10.457484,-13.844464,-14.007608,-3.0453012,-4.6751714,-8.862744,-2.5255148,-4.225019
03-01-03-01-02-02-22,happy,3.5035,0.004174303263425827,0.10507368607954545,2519.292608997734,2010.7285947034657,-634.6559,42.29069,-8.381207,-0.7792338,0.7956396,-8.320337,-13.5702305,-12.653278,-2.4923184,-4.7859883,-8.50741,-0.346036,-4.161746
03-01-03-02-01-01-22,happy,3.737125,0.015124884434044361,0.11798460870726496,2450.415541638804,1934.247367568927,-488.96255,26.219631,-25.34886,-5.5522094,-10.627975,-17.278894,-14.342127,-17.81687,-6.193468,-4.742166,-11.262696,-7.1421447,-8.157566
03-01-03-02-01-02-22,happy,3.8371875,0.014066120609641075,0.12084554036458334,2366.0176718815424,1956.1834521074081,-486.62332,30.617401,-18.648596,-1.9804683,-6.35126,-16.434486,-16.217932,-15.741622,-6.6851177,-4.736596,-13.641412,-4.3642216,-6.8945417
03-01-03-02-02-01-22,happy,3.670375,0.014729436486959457,0.13158967391304346,2691.214847151531,2138.0978700165992,-491.27502,25.728256,-10.647794,-6.840493,-4.3005104,-14.176794,-15.433715,-18.718098,-5.338972,-8.688047,-14.084427,-4.6197877,-8.356096
03-01-03-02-02-02-22,happy,3.9373125,0.012455226853489876,0.1369353263608871,2522.2602345199975,1955.56324636062,-514.47705,30.071045,-21.636896,-3.7813392,-5.6376624,-16.67423,-16.680788,-17.404333,-3.6068141,-7.1145864,-13.664151,-4.30679,-6.7704864
03-01-04-01-01-01-22,sad,3.603625,0.0029532022308558226,0.11686774059734513,2437.8997383806536,1961.678675681671,-646.01,45.83083,-8.408851,8.503115,-0.7462553,-9.303713,-10.52809,-13.686473,-1.6735176,-4.2973685,-5.903065,-0.59961736,-1.9663267
03-01-04-01-01-02-22,sad,3.70375,0.003520841710269451,0.10538877289870689,2438.735520329808,1938.0673865279534,-626.3526,40.192905,-12.280189,3.3122525,-3.144546,-11.627347,-13.373267,-14.41188,-2.8847756,-2.184499,-7.5765233,-0.8739959,-2.9766805
03-01-04-01-02-01-22,sad,3.670375,0.0035262287128716707,0.14354194972826087,2510.6046352392254,1919.1225158539885,-617.49945,37.590843,-11.402009,0.8474519,-2.184832,-6.9826317,-18.977692,-17.369291,-1.2131522,-1.6424325,-10.124855,-1.0107927,-3.8065598
03-01-04-01-02-02-22,sad,3.70375,0.0041208164766430855,0.14621076912715517,2532.729500946939,1871.8685544277237,-610.01385,39.81326,-9.661499,-1.0422993,-2.9946647,-6.2472553,-18.942451,-17.37324,-0.3132435,-3.7194386,-11.135688,0.78748834,-3.2680018
03-01-04-02-01-01-22,sad,3.7370625,0.003770973067730665,0.11103599091880342,2453.1370239272906,1920.6378821466792,-618.1954,42.231396,-13.145687,4.271622,-2.7530708,-11.25433,-11.334196,-15.361981,-5.133963,-3.01026,-9.909944,-1.057696,-3.568122
03-01-04-02-01-02-22,sad,3.637,0.004785164725035429,0.13231136924342105,2494.213384839165,1902.3692106520223,-596.2502,33.823936,-12.834708,6.1653867,-5.568146,-13.855035,-14.388996,-14.7851925,-5.903154,-4.9420834,-7.618116,0.0784837,-4.771797
03-01-04-02-02-01-22,sad,3.737125,0.004438228439539671,0.1367730034722222,2564.451324553252,1928.354670863574,-624.1987,36.02429,-6.998986,0.6937983,-0.22602604,-7.799238,-15.791871,-17.661575,-6.1332107,-4.1993647,-11.6305895,-1.6653358,-5.164012
03-01-04-02-02-02-22,sad,3.8371875,0.004986542277038097,0.12616373697916666,2475.2056230790226,1963.5111590318445,-606.278,36.370045,-6.085979,7.6196957,-2.5735958,-11.622764,-14.320491,-16.416117,-8.616888,-5.2834167,-10.636768,-1.0957805,-7.1106153
03-01-05-01-01-01-22,angry,3.70375,0.0053069512359797955,0.11972992995689655,2528.17261666887,1943.7596614414113,-571.7526,37.907455,-5.9334426,4.0368433,-6.3970447,-9.739203,-10.626581,-11.601929,-5.1052685,-1.2802905,-10.308242,0.23442316,-5.6137705
03-01-05-01-01-02-22,angry,3.7370625,0.005649874452501535,0.10395799946581197,2431.036385584084,1977.69427105349,-607.3387,42.63774,-3.6541464,4.94542,-4.916644,-9.757947,-7.0081396,-11.160541,-4.739563,-1.2608017,-8.517071,-0.15001675,-5.7006273
03-01-05-01-02-01-22,angry,3.8705625,0.007125805597752333,0.1436192536157025,2559.258066139626,1898.685097964232,-558.4535,34.642635,-11.397306,-0.08860047,-7.7446136,-10.001208,-11.978318,-13.706642,-5.2171216,-2.265297,-10.249011,-0.39908227,-7.3376675
03-01-05-01-02-02-22,angry,4.037375,0.008513272739946842,0.14067882627952755,2504.5372919934434,1928.3669462615544,-532.9687,35.72337,-10.630778,0.6323606,-9.427711,-10.017354,-11.977744,-17.058308,-7.71837,-3.1947706,-13.388276,-1.5617517,-6.7905073
03-01-05-02-01-01-22,angry,3.8705625,0.019646044820547104,0.1367954222623967,2640.1622088811687,1931.4877472186745,-469.60837,25.534035,-17.649195,2.266313,-13.1011505,-13.940105,-11.734151,-15.676177,-3.7816367,-6.40098,-8.988503,-3.7766855,-6.4418325
03-01-05-02-01-02-22,angry,3.9039375,0.018875112757086754,0.12974273181352458,2397.9002231986456,1878.6281513066394,-480.09274,29.469479,-18.192562,0.21243611,-10.696146,-12.822644,-10.055672,-16.100468,-6.4102554,-4.0167823,-11.569486,-3.4300153,-7.7302475
03-01-05-02-02-01-22,angry,4.237625,0.0331706628203392,0.15694387335526316,2542.6098769125524,1925.601833599065,-422.3542,18.007555,-17.54257,-1.0991424,-12.865937,-11.484827,-12.407346,-19.440397,-6.5768924,-5.9560122,-10.806972,-3.2962675,-8.880347
03-01-05-02-02-02-22,angry,4.20425,0.03184514492750168,0.1575631806344697,2555.839442222537,1923.1763345968516,-428.18088,17.237717,-22.409527,-1.6411544,-15.702944,-12.972828,-14.603154,-19.878328,-6.3436713,-4.5563073,-12.5349455,-2.8287418,-9.386082
03-01-06-01-01-01-22,fearful,3.57025,0.006643085740506649,0.12906755719866073,2524.499596913989,1967.509750839892,-576.2381,28.644796,-14.607841,6.099644,-6.0457187,-13.736712,-15.56692,-14.851798,-4.097845,-6.3784256,-6.9186735,-1.1504457,-4.607133
03-01-06-01-01-02-22,fearful,3.603625,0.0076433103531599045,0.12025978290929204,2452.273842722539,1988.143647864513,-562.6024,30.601168,-12.821461,4.7120385,-4.951063,-13.015489,-12.406694,-14.220261,-6.027894,-5.5224633,-8.775528,-1.1564497,-5.0480824
03-01-06-01-02-01-22,fearful,3.670375,0.007241396699100733,0.14873471467391305,2596.497771288592,1908.0499291013007,-552.14325,27.670212,-20.167482,4.41681,-9.688973,-11.632409,-20.291801,-16.358156,-2.7456877,-7.282997,-8.142589,-2.0946524,-2.371808
03-01-06-01-02-02-22,fearful,3.536875,0.006993688642978668,0.13273771818693694,2608.4414950369983,1956.8976813789222,-559.5419,30.483433,-16.625973,0.7949208,-5.5699406,-14.077832,-17.380487,-16.337679,-1.7946273,-4.760396,-9.459325,-0.51360476,-3.4720697
03-01-06-02-01-01-22,fearful,3.57025,0.015202618204057217,0.15115792410714285,2472.986456837646,1941.271417330782,-491.31735,17.062346,-21.718588,-4.5529737,-12.968392,-16.993704,-17.709936,-14.870859,-6.0998206,-7.812342,-12.175212,-2.2118983,-6.9185724
03-01-06-02-01-02-22,fearful,3.57025,0.014284824021160603,0.13832746233258927,2576.5749441382673,1999.7025697374459,-471.19873,13.850939,-20.098083,-1.3140646,-11.228636,-15.46364,-17.095243,-15.178428,-5.768378,-10.770473,-8.704131,-3.1817672,-7.2982626
03-01-06-02-02-01-22,fearful,3.670375,0.01672077551484108,0.15802479619565218,2680.2158872346477,2029.975496253581,-469.18698,10.743624,-21.543434,-0.54960215,-10.855365,-20.528116,-20.233387,-16.062143,-6.348014,-11.174533,-11.082544,-3.0924635,-8.471622
03-01-06-02-02-02-22,fearful,3.603625,0.019196132197976112,0.15373081443584072,2705.9351758336607,2029.6491055818133,-467.77557,8.1623955,-23.577621,-3.0845838,-11.143248,-19.359598,-17.56535,-15.815576,-5.9119496,-10.562324,-11.085872,-0.5841567,-8.868334
03-01-07-01-01-01-22,disgust,3.7036875,0.0049270326271653175,0.12196087015086207,2494.4920602157363,1926.9224024260868,-581.3744,38.980473,-16.391525,2.631042,-7.9466715,-11.289842,-11.254245,-11.818429,-5.2412524,-3.7143133,-9.981192,0.26068154,-8.273914
03-01-07-01-01-02-22,disgust,3.9039375,0.004380186554044485,0.12855404713114754,2432.4933844574734,1852.827671064513,-598.6659,47.292145,-20.337173,1.8345978,-5.694252,-13.348996,-10.1591215,-12.015166,-9.281921,-0.03415436,-10.98256,-0.1457702,-9.268024
03-01-07-01-02-01-22,disgust,3.8038125,0.0051660542376339436,0.12680130646008403,2583.822054067473,1956.8199492345955,-600.24854,40.854122,-11.826457,0.877721,-2.7805636,-12.889226,-13.45941,-11.449195,-4.4471273,-4.1359925,-9.953908,1.2182156,-8.921698
03-01-07-01-02-02-22,disgust,3.8371875,0.00568420672789216,0.12193603515625,2463.916879659213,1890.152555715206,-580.9947,42.107014,-16.150658,3.300821,-3.735263,-10.161384,-13.676225,-14.937245,-1.7451832,-2.330331,-10.622062,1.1288466,-7.718988
03-01-07-02-01-01-22,disgust,4.2375625,0.006571718025952578,0.14214858435150377,2480.0743968179404,1859.0101144075484,-536.19867,31.68675,-18.810122,2.163004,-8.071116,-14.192748,-15.266901,-10.835943,-3.6862032,-2.1247547,-10.951144,-1.4167742,-8.74979
03-01-07-02-01-02-22,disgust,4.170875,0.007209853269159794,0.12429553315839695,2495.735774908375,1935.6235219743508,-560.4744,36.46127,-10.801291,-1.8151678,-8.65189,-12.88222,-9.70363,-9.146547,-8.315594,0.9724182,-13.683555,-1.4873711,-7.3045774
03-01-07-02-02-01-22,disgust,4.20425,0.007682674564421177,0.14553000710227273,2750.8591438240724,1885.2921359066465,-558.8775,27.45304,-11.972811,-0.07996822,-7.5851154,-15.729788,-13.706833,-10.381357,-3.7810335,-5.970013,-10.281577,-1.0187786,-10.141643
03-01-07-02-02-02-22,disgust,4.104125,0.008980893529951572,0.14483784520348839,2535.1133790293616,1912.2916001006074,-529.1629,31.37223,-14.11296,3.6144528,-10.796063,-17.53145,-14.904378,-13.429818,-6.5044775,-3.0838602,-13.435142,-2.481778,-9.926992
03-01-08-01-01-01-22,surprised,3.536875,0.00722190598025918,0.09697001689189189,2418.770759059534,1932.4712892141738,-588.30396,44.915806,-15.036422,-1.8540437,-5.381266,-12.154952,-10.776772,-13.292705,-4.289012,-2.9839783,-11.941633,-2.9176822,-7.4786267
03-01-08-01-01-02-22,surprised,3.57025,0.008273707702755928,0.10580008370535714,2442.5576135721135,1963.1922930433316,-560.59955,38.144142,-16.964832,-2.6671898,-10.1680765,-15.667191,-13.083383,-15.245151,-6.0536838,-6.3370132,-11.489049,-3.3024135,-9.917473
03-01-08-01-02-01-22,surprised,3.4368125,0.008030236698687077,0.11565483940972222,2477.392065758383,1976.1361476622976,-568.9349,40.85922,-14.716279,-4.5225177,-7.579714,-10.803306,-17.853657,-16.80295,-3.9443953,-4.294852,-13.709983,-2.357833,-7.9856377
03-01-08-01-02-02-22,surprised,3.603625,0.010458518750965595,0.13848174778761063,2500.3586302795597,1997.549658695333,-541.98395,33.005108,-15.454453,-4.336278,-6.036941,-12.753128,-17.350256,-18.78864,-3.0855124,-5.9267006,-13.649769,0.8315447,-3.7398074
03-01-08-02-01-01-22,surprised,3.57025,0.008609257638454437,0.12552315848214285,2614.2732566983345,2006.492174051373,-547.87006,32.721172,-15.0179205,-6.6901374,-9.165416,-13.990631,-13.041166,-16.337408,-3.208569,-3.1575081,-11.879486,-4.2981267,-7.668671
03-01-08-02-01-02-22,surprised,3.737125,0.011259100399911404,0.12517528044871795,2508.1663829246063,1956.5749774512174,-514.2962,32.23813,-19.549295,-1.275492,-9.1407585,-13.232034,-13.446047,-15.69516,-1.604746,-5.99317,-10.41273,-2.0881677,-7.4185863
03-01-08-02-02-01-22,surprised,3.70375,0.014833115972578526,0.14716207570043102,2726.7456894997313,2043.401464315239,-494.90546,22.486341,-13.257141,-11.545583,-7.796785,-15.139284,-15.681021,-17.811333,-6.55181,-3.8797097,-13.850912,-2.8049707,-6.9895163
03-01-08-02-02-02-22,surprised,3.637,0.011507402174174786,0.14535790158991227,2715.1492832021627,2018.633767148099,-528.85767,19.485435,-16.434309,-4.933422,-5.5487614,-13.95023,-13.648844,-14.159938,-3.9453561,-4.8654943,-12.598618,-5.907247,-10.854505
03-01-01-01-01-01-23,neutral,3.8038125,0.004885073751211166,0.07742745535714286,2356.94100185543,1903.0795515807758,-634.13824,58.25971,-8.931952,16.347523,2.05779,-7.0958304,-4.660439,-9.2027025,-9.044268,1.0121574,-6.027868,-0.39998764,-3.8088517
03-01-01-01-01-02-23,neutral,3.7370625,0.0056381551548838615,0.07589643429487179,2238.5544989192585,1940.5104660561894,-604.1202,55.738224,-11.212399,18.927626,4.2611976,-5.40241,0.80454624,-8.4258,-6.533819,3.474543,-3.1884344,0.749561,-1.9993361
03-01-01-01-02-01-23,neutral,3.670375,0.006043062545359135,0.07896144701086956,2445.9596378368815,1942.7965437335977,-619.3442,50.508564,-13.979376,14.580145,0.6783642,-7.418626,-2.362096,-11.295939,-8.414707,1.0624746,-5.186984,-1.2421569,-3.2299716
03-01-01-01-02-02-23,neutral,3.8371875,0.006044745910912752,0.0776123046875,2009.9223068174356,1657.6026433461395,-612.9573,59.70805,-10.666268,15.106887,2.3055654,-8.044813,-3.7358313,-12.47229,-7.851826,0.3431677,-6.086188,-0.9366057,-3.8391051
03-01-02-01-01-01-23,calm,3.970625,0.002698419149965048,0.0656875,2388.5381387836906,1935.4459547807176,-668.7286,57.940407,0.69936347,15.330019,3.7935576,-1.4860551,-1.7431359,-5.338553,-5.3438096,1.1238669,-4.8450413,-3.075302,-1.6271384
03-01-02-01-01-02-23,calm,4.07075,0.0025296772364526987,0.07452774047851562,2156.7442038553636,1781.3477950386414,-690.84186,55.319702,0.019141674,14.632591,3.2814841,-1.1003954,-5.6789637,-5.4685287,-7.218093,1.7425857,-4.9312315,-2.5472422,-2.5550835
03-01-02-01-02-01-23,calm,4.170875,0.003746155882254243,0.06349147185114504,2290.163790683752,1811.9902113881803,-650.6201,52.869736,-4.777885,12.254214,0.3628003,-3.336668,-4.79451,-7.3161573,-6.766327,1.6391755,-6.3157945,-2.979336,-3.7894237
03-01-02-01-02-02-23,calm,4.004,0.003535148221999407,0.07474965897817461,2343.957131701647,1845.0990195320912,-650.85156,53.100685,-3.2559237,13.646946,1.087085,-4.2455363,-4.717541,-7.6554193,-6.911498,0.8191225,-5.8604274,-2.6137302,-3.1162696
03-01-02-02-01-01-23,calm,4.604625,0.003241876605898142,0.06382581922743055,2254.4919877944967,1872.0572035438536,-644.51495,59.39597,-2.5673406,12.518318,3.3504484,-3.4160762,-6.5949497,-5.6032867,-7.714726,2.5804389,-6.803571,-2.7516088,-4.62047
03-01-02-02-01-02-23,calm,4.604625,0.0027979526203125715,0.0664944118923611,2314.014980531932,1911.625789492908,-667.08026,61.397408,-0.86782974,13.344166,5.5430484,-1.3486502,-7.067036,-5.2673984,-6.819775,3.1210485,-5.719823,-2.045687,-3.5773401
03-01-02-02-02-01-23,calm,4.104125,0.0029569680336862803,0.07458212209302326,2417.05902639964,1963.9928556832967,-664.49304,55.600403,-3.3152673,15.414269,5.2386217,-2.5235436,-7.0925846,-8.413279,-5.652796,2.5105581,-5.2360544,-2.6903536,-1.1307441
03-01-02-02-02-02-23,calm,4.57125,0.0038734273985028267,0.07915619536713286,2251.1722555177926,1867.6955778457402,-640.8919,56.896214,-3.6344085,13.955146,3.6559503,-1.9331332,-6.2365265,-8.199432,-6.9472613,3.6349893,-8.471122,-3.3961027,-3.629381
03-01-03-01-01-01-23,happy,3.3366875,0.0057691121473908424,0.06498790922619048,2087.212145016608,1642.1939856331005,-628.3623,42.91862,-11.9322195,8.941152,-2.4779918,-6.7684007,-8.532682,-12.047505,-9.142046,-2.2275789,-6.0107217,-3.287607,-7.133875
03-01-03-01-01-02-23,happy,3.2699375,0.008936959318816662,0.08516004247572816,2600.335118502862,2002.761875533182,-570.8503,38.947956,-10.983785,6.3948026,-1.9162233,-6.499726,-7.2603655,-10.358076,-7.449575,-2.3271556,-6.6768966,-2.0317662,-7.4618607
03-01-03-01-02-01-23,happy,3.2365625,0.0068989903666079044,0.07930261948529412,2195.6279314066423,1648.2281962812867,-597.11957,38.72883,-10.744607,7.799838,-1.4932168,-7.441808,-9.183617,-13.146572,-7.4629745,-1.6788213,-7.104234,-1.9923589,-7.503727
03-01-03-01-02-02-23,happy,3.2699375,0.00662600714713335,0.07299567657766991,2034.1949428312632,1592.4889179795805,-598.6979,39.718235,-6.518476,8.751773,-0.53456706,-7.221727,-6.996326,-12.86062,-7.5055265,-1.5973604,-6.3321543,-2.3519266,-7.198154
03-01-03-02-01-01-23,happy,3.236625,0.017925439402461052,0.07599475337009803,2441.0964012313098,1869.1778846681816,-498.42648,25.696795,-15.1451,-0.17784782,-5.7795453,-9.218359,-8.599613,-10.075,-9.757116,-2.2018964,-7.889343,-4.4631815,-8.021396
03-01-03-02-01-02-23,happy,3.2031875,0.019054697826504707,0.07006110767326733,1861.838133390969,1453.4686316220152,-500.39264,25.829344,-16.166733,-1.03635,-7.032825,-9.866133,-9.898773,-9.80159,-10.987921,-2.9724128,-6.6107335,-6.068236,-9.793409
03-01-03-02-02-01-23,happy,3.2365625,0.017211617901921272,0.07187787224264706,1722.277228174854,1351.1294955842843,-513.1167,28.664103,-13.744738,-2.8257108,-7.507474,-12.003291,-7.666079,-12.955325,-9.871259,-1.4030292,-8.379746,-3.8432748,-10.597278
03-01-03-02-02-02-23,happy,3.2365625,0.014938938431441784,0.07019761029411764,2199.138120588741,1617.6103955817064,-539.47546,32.75385,-12.551504,1.6029028,-7.387193,-10.118936,-6.981365,-13.6928,-10.0396805,-1.247169,-8.827994,-3.589919,-9.306177
03-01-04-01-01-01-23,sad,3.603625,0.0028200470842421055,0.053110308351769914,1752.0404884162303,1349.0826396694704,-684.643,56.23809,-9.008314,13.936465,4.7310276,-2.3385544,-6.3637304,-8.589651,-9.285835,-0.8036677,-6.4242225,-3.6195965,-2.7431922
03-01-04-01-01-02-23,sad,3.8705625,0.0031326678581535816,0.058283025568181816,1832.9328104118024,1487.4135176265722,-666.51385,56.009674,-7.2323694,15.7743,2.261743,0.05707714,-6.1368203,-6.837362,-8.089356,-0.06145337,-7.13979,-4.3107634,-1.6821505
03-01-04-01-02-01-23,sad,3.57025,0.004056637641042471,0.11835588727678571,2716.6001548765676,1917.345487495088,-625.2169,40.552464,-2.2075658,11.935385,1.5943648,1.5445536,-7.3221793,-6.0987496,-8.181233,0.34727022,-6.0121374,-1.7497042,-1.6141452
03-01-04-01-02-02-23,sad,3.670375,0.004341368097811937,0.12084748641304348,2134.086823191407,1531.7837497998432,-631.56433,45.117653,-2.0742044,14.676399,2.3456771,2.2911391,-6.9326506,-5.401227,-7.820604,-0.038850516,-5.366081,-2.0020113,-1.1492779
03-01-04-02-01-01-23,sad,4.2709375,0.005685119424015284,0.14567907532649255,2320.6985069799966,1878.5103345048074,-561.67755,47.656628,-6.8251715,14.177051,2.3597567,-3.0479548,-13.2085705,-10.649426,-9.581494,-1.6029967,-6.6457624,0.4197728,-1.0309561
03-01-04-02-01-02-23,sad,4.3710625,0.004205494187772274,0.1246756671989051,2487.90463799016,1890.6038585419208,-600.50653,46.32398,-13.244296,11.581131,2.5606449,-1.2158306,-11.41731,-8.216404,-5.9167757,-2.164487,-7.1673656,0.16118675,-0.9827088
03-01-04-02-02-01-23,sad,3.9373125,0.0038270435761660337,0.09560074344758064,2385.1518503224056,1743.200569440695,-643.96124,41.14754,0.07316666,5.903672,1.9953798,-0.991505,-9.588043,-9.720181,-8.386813,-0.95121765,-9.527612,-0.84471273,-2.8905265
03-01-04-02-02-02-23,sad,4.7380625,0.004532932303845882,0.12837536703020133,2314.4622736546567,1835.4548213869984,-593.4245,58.519333,-8.176025,17.204924,6.5936007,2.4863245,-13.44354,-7.926063,-0.9707567,-0.29057482,-6.149139,3.0085735,1.9073544
03-01-05-01-01-01-23,angry,3.3033125,0.013513906858861446,0.06168776292067308,2510.2564134170225,1868.875228799943,-535.4613,34.756454,-12.852552,3.9105697,-5.830304,-5.752312,-5.992047,-11.054976,-9.967057,-1.0971901,-8.571107,-1.8197345,-4.2988787
03-01-05-01-01-02-23,angry,3.3033125,0.014204268343746662,0.07456148587740384,1696.997236944303,1409.943949346574,-521.874,34.466637,-11.701324,5.0361476,-5.6361623,-7.190913,-6.731529,-10.160494,-10.75566,-0.742045,-9.034533,-2.1812644,-5.473345
03-01-05-01-02-01-23,angry,3.2699375,0.01344629842787981,0.08848319933252427,2343.386644102198,1798.221754645676,-540.8593,36.270992,-11.713456,4.9694366,-4.388255,-6.261877,-6.077717,-9.741063,-8.927979,-3.15436,-7.8569717,-3.1348197,-5.9986997
03-01-05-01-02-02-23,angry,3.3366875,0.013127928599715233,0.07734840029761905,2427.1838578712077,1761.5470803958037,-541.917,31.9617,-10.735437,2.6936164,-6.7405,-9.242751,-6.8451486,-10.327887,-12.257429,-1.7048156,-10.502646,-4.6962237,-6.348513
03-01-05-02-01-01-23,angry,3.4034375,0.038270141929388046,0.09379563376168225,2557.260171122565,1975.7148959245105,-410.59982,22.781584,-16.814384,-0.5221156,-10.090458,-7.2579575,-7.2614474,-6.9684772,-11.983547,-2.0079722,-5.5066376,-3.5838146,-5.0034375
03-01-05-02-01-02-23,angry,3.3366875,0.03833599388599396,0.11692708333333333,2503.0391617179084,2017.9150591588336,-433.66153,23.549911,-19.464386,-0.4313036,-10.181328,-7.128351,-7.2614465,-8.298357,-9.651798,-3.668538,-6.345595,-2.9554532,-6.7830634
03-01-05-02-02-01-23,angry,3.2365625,0.045829687267541885,0.10876704197303921,2363.634705196012,2062.5873224065017,-393.34674,17.077803,-19.314398,-2.2269735,-7.9730067,-5.4712687,-9.397622,-7.7582865,-8.984311,-3.592697,-5.736558,-2.1520514,-6.2617674
03-01-05-02-02-02-23,angry,3.3033125,0.039161067456007004,0.11453951322115384,2704.915797835228,2008.0551256805809,-401.90173,19.221958,-17.25693,-1.5014285,-9.300963,-7.785568,-7.6386724,-9.35377,-10.783649,-3.332826,-8.271548,-3.7318876,-7.889409
03-01-06-01-01-01-23,fearful,3.4368125,0.00561028067022562,0.08586516203703703,2363.257445392208,1754.2868155889137,-587.92255,44.941097,-6.917225,11.777889,0.38360083,-2.894496,-7.5090094,-10.921706,-6.1787877,-0.66009,-4.6820226,-1.4866958,-3.2348566
03-01-06-01-01-02-23,fearful,3.2365625,0.003247749526053667,0.06759344362745098,2572.2605366980088,1978.734692533393,-673.2827,47.776833,-6.5864396,11.878386,2.4339046,0.041127633,-4.230318,-8.602862,-7.2905645,3.2474415,-6.557003,-0.81436396,-2.279049
03-01-06-01-02-01-23,fearful,3.1365,0.004271631129086018,0.0705837673611111,2646.144738326,1947.4393179200142,-618.55634,34.934616,-6.9424753,10.943162,1.364959,-2.3567293,-6.9916153,-9.073246,-7.5057864,0.68657476,-6.6137443,-1.0904741,-3.9962535
03-01-06-01-02-02-23,fearful,3.103125,0.003956285770982504,0.06749859052835051,1921.5291359153007,1417.0748302976006,-643.65894,37.698807,-7.325143,8.941238,-0.020312456,-2.3187723,-8.103591,-9.519211,-7.826396,-1.7470014,-5.8525867,-1.9151306,-3.9415567
03-01-06-02-01-01-23,fearful,3.57025,0.011526311747729778,0.12639508928571427,2271.210282562526,1786.9458482722423,-517.89404,37.01224,-15.581678,10.793439,-3.6896815,-10.909441,-10.997988,-12.935611,-8.307696,-1.1695486,-9.390391,-0.48943943,-5.446963
03-01-06-02-01-02-23,fearful,3.4368125,0.011166419833898544,0.09183756510416667,2002.7413933996595,1544.779308320146,-544.76965,39.37271,-11.498788,10.6312475,-4.742328,-6.726759,-11.322596,-12.441545,-9.229074,-2.8220088,-7.4819803,-1.6038134,-5.857621
03-01-06-02-02-01-23,fearful,3.57025,0.016452735289931297,0.13310895647321427,2487.679520909802,1819.53068520247,-508.89014,33.059692,-16.733763,5.1134944,-5.103338,-11.059369,-12.276607,-12.242577,-9.65746,-0.115280256,-10.628747,-2.4402788,-4.5850015
03-01-06-02-02-02-23,fearful,3.536875,0.01243938971310854,0.12712028434684686,1826.494303726064,1398.1542437612638,-510.9391,44.461967,-17.913296,5.4207196,-0.26074496,-6.370718,-15.408713,-17.096405,-10.271406,-0.047395173,-9.61637,-2.7708213,-4.9995522
03-01-07-01-01-01-23,disgust,3.57025,0.0038209487684071064,0.10423060825892858,2295.8547014181568,1754.8927401985186,-624.39557,46.092716,-2.7713225,10.331311,1.6704844,3.9148638,-6.078246,-6.0694265,-8.182906,3.3498425,-4.1761737,-2.9183323,-0.67495525
03-01-07-01-01-02-23,disgust,3.57025,0.0033290220890194178,0.08154732840401786,2641.8502742759206,1973.4683122612735,-624.19543,41.799427,-3.6182919,11.269037,-0.7464017,-0.697528,-6.236173,-5.6429095,-6.1987176,0.7153606,-4.6986423,-2.3457434,-1.5735292
03-01-07-01-02-01-23,disgust,3.470125,0.0028942881617695093,0.11260034403669725,2642.477169262724,1830.477402328296,-643.3794,35.513023,-1.3513775,7.8433137,0.7874038,1.438751,-8.683826,-6.265554,-4.6800365,0.43678632,-5.2864704,-2.8980064,-1.5022645
03-01-07-01-02-02-23,disgust,3.3366875,0.0036213346756994724,0.10224609375,2822.9668127814966,2009.5867313612298,-650.77856,40.2292,2.0807586,8.093871,0.49321127,1.5762116,-7.5242844,-7.609803,-5.183974,-0.9827551,-6.390641,-2.4045584,-2.674426
03-01-07-02-01-01-23,disgust,4.07075,0.007850460708141327,0.09183883666992188,1950.6369742616598,1630.1580008516244,-552.1841,38.305958,-3.1086717,5.7502794,-1.0499508,-1.2927685,-4.8091607,-7.4106803,-9.125719,0.42751217,-6.0677757,-2.0132236,-4.7862105
03-01-07-02-01-02-23,disgust,3.8705625,0.006913637742400169,0.10098140495867769,2239.6531917245543,1694.8007940070775,-559.8475,44.55735,-3.0576077,8.163527,-3.3008547,-2.2935758,-7.867371,-10.254751,-9.87853,0.96012354,-7.2254205,-2.63205,-3.9387252
03-01-07-02-02-01-23,disgust,3.7370625,0.008567393757402897,0.11584785657051282,2375.2418074938582,1738.4538790641654,-556.64075,41.647675,-1.0837121,6.416097,1.3209856,-3.4802895,-9.724825,-10.039646,-10.543425,-1.348035,-8.527329,-3.6937392,-4.8308916
03-01-07-02-02-02-23,disgust,3.8705625,0.007301297038793564,0.12242139075413223,1967.8073258808733,1471.4200427629248,-570.55646,39.628624,-0.81706464,6.36068,0.9060791,-3.7833333,-7.389926,-11.843034,-10.539936,0.32141984,-9.128642,-3.015909,-5.6410503
03-01-08-01-01-01-23,surprised,3.2699375,0.01134673971682787,0.08863489836165049,2443.6793760011396,1865.0727797582324,-563.5649,39.644547,-11.688358,7.0241485,-3.5485518,-6.905848,-9.923185,-10.992115,-7.382337,0.08136266,-6.9372215,-2.1594343,-6.345638
03-01-08-01-01-02-23,surprised,3.2365625,0.01044329721480608,0.10233321844362746,2523.520491403326,2004.7029863155522,-570.00385,41.804573,-10.736867,7.5728364,-1.0446756,-7.9208217,-8.477722,-9.601797,-6.3309264,1.9495931,-7.9846478,-1.2485194,-5.572162
03-01-08-01-02-01-23,surprised,3.3033125,0.012779460288584232,0.1024310772235577,2435.3845438440117,2000.2010254680079,-545.1648,43.2908,-10.498412,3.9272172,0.23318034,-5.5074077,-8.162001,-10.360702,-7.491527,3.0405977,-5.339446,-3.0616696,-5.476235
03-01-08-01-02-02-23,surprised,3.3033125,0.013418382965028286,0.09251990685096154,2465.256895013465,2049.0904695588006,-540.8962,39.628777,-13.342602,1.9441662,-3.3183377,-7.122671,-9.591079,-10.62114,-7.3387427,-0.7016761,-6.483792,-5.0619946,-6.272021
03-01-08-02-01-01-23,surprised,3.5035,0.014448924921452999,0.12489790482954545,2564.9533749376324,2011.5609303859087,-512.0296,33.743885,-12.815774,4.6581397,-2.361222,-10.164015,-12.48986,-9.1084385,-8.126069,-1.3148725,-8.1157255,-5.5091314,-7.7393894
03-01-08-02-01-02-23,surprised,3.3700625,0.016381850466132164,0.09756412146226415,2644.133683792202,2026.6646783261876,-512.0708,34.187057,-15.05487,0.5316005,-6.0333967,-8.509803,-12.741516,-10.006771,-8.116549,-1.6060814,-7.676799,-3.7629035,-8.836683
03-01-08-02-02-01-23,surprised,3.3366875,0.019254622980952263,0.10147414434523809,2446.593461697489,1808.583312442791,-494.9355,27.146109,-15.466766,-3.5159628,-7.6413307,-8.710953,-12.675679,-10.7688055,-8.998306,-3.0896623,-7.022325,-6.1211915,-8.834228
03-01-08-02-02-02-23,surprised,3.3033125,0.015721123665571213,0.10609788161057693,2607.528504485815,2033.1765170780304,-516.6029,29.3159,-14.08529,-0.75260884,-4.792059,-8.561995,-11.466223,-10.0035,-8.170574,-2.0297153,-6.8372808,-5.0928745,-6.8754506
03-01-01-01-01-01-24,neutral,3.70375,0.002626477973535657,0.08416958512931035,1914.4944671285607,1500.740713043572,-678.5275,36.96188,-8.683275,-0.60017276,-11.680828,-9.084217,-16.504286,-10.379645,-8.493544,-8.752732,-4.6062536,-6.249226,-4.7633543
03-01-01-01-01-02-24,neutral,3.637,0.00241650827229023,0.09216094435307018,2190.3216632971807,1617.9974313239488,-674.07434,33.81117,-13.697647,1.1011878,-14.102812,-9.240144,-15.945839,-10.594049,-6.8928556,-10.006088,-4.3665605,-5.9723864,-6.5664263
03-01-01-01-02-01-24,neutral,3.637,0.0029562837444245815,0.0871667694627193,2071.377788500752,1579.9906866065905,-669.425,36.60455,-6.9689713,0.4088289,-10.878472,-7.7337084,-17.318674,-7.280654,-6.8128176,-6.5929837,-1.6572798,-7.448114,-3.262346
03-01-01-01-02-02-24,neutral,3.603625,0.0035499795340001583,0.09886182936946902,2239.327247588325,1686.9036501971202,-657.8623,31.816906,-4.820278,-0.28190526,-9.876197,-10.5385275,-19.06838,-8.79658,-7.9592295,-8.204372,-2.4961412,-4.6778846,-4.7583785
03-01-02-01-01-01-24,calm,3.57025,0.0013843727065250278,0.07984270368303571,2218.9337583306838,1697.0660141668802,-736.7505,35.841305,-4.876773,2.9842074,-7.3266015,-8.177378,-17.022797,-10.945967,-8.535045,-7.585522,-5.5327353,-8.6505995,-4.4327474
03-01-02-01-01-02-24,calm,3.5035,0.001491190050728619,0.07459161931818181,1887.5888498938325,1474.7005527577835,-733.41364,38.424377,-2.896387,1.223794,-9.615398,-6.284107,-13.574613,-10.768342,-6.667787,-6.8203983,-5.1226354,-7.259759,-3.3334174
03-01-02-01-02-01-24,calm,3.8705625,0.001634051906876266,0.10801104080578512,2835.304181198132,1953.2998831117588,-718.4974,31.981781,3.1914446,5.2029147,-8.480745,-5.6861095,-15.287573,-6.3158565,-8.7746935,-3.2373805,-5.077865,-6.0513825,-2.3869884
03-01-02-01-02-02-24,calm,3.7036875,0.0023967535234987736,0.12477269665948276,2594.2725003485166,1919.87941659282,-684.5645,38.050953,-0.59598273,0.06250632,-2.7584257,-10.263814,-13.831595,-9.378396,-7.8385534,-7.6029735,-3.753946,-5.548325,-4.0005193
03-01-02-02-01-01-24,calm,4.104125,0.00269483495503664,0.10451489825581395,2224.6536151335,1575.4472110224306,-661.1005,34.452644,-12.49479,-1.3429631,-11.202517,-9.884361,-14.626213,-8.986763,-8.829133,-7.6317763,-4.13435,-7.307073,-5.745602
03-01-02-02-01-02-24,calm,4.07075,0.001881322474218905,0.088104248046875,1900.8247728429415,1536.2725237575155,-687.8169,39.634735,-4.400562,4.5149803,-7.8131185,-6.497584,-12.381954,-9.17904,-10.62446,-4.0121994,-5.728441,-8.398734,-3.3343816
03-01-02-02-02-01-24,calm,4.037375,0.002072290051728487,0.10726424089566929,2326.8473839500034,1745.4528408782185,-695.39825,42.8891,-1.5334657,-2.7046442,-9.751653,-10.802655,-12.283938,-10.552746,-11.226021,-5.122002,-5.300453,-7.5470357,-3.6518292
03-01-02-02-02-02-24,calm,4.104125,0.002378802513703704,0.12107482437015504,2600.6762001877796,1905.3089268284848,-675.51843,36.72402,-5.2370067,-0.035234556,-7.3637958,-11.187559,-10.8000345,-10.070379,-10.790217,-4.5153375,-6.5411725,-7.558209,-4.345805
03-01-03-01-01-01-24,happy,3.603625,0.0034690455067902803,0.09742723313053098,2083.5244174779173,1599.099434321726,-641.0189,33.36717,-12.652704,0.308954,-11.250186,-9.088087,-11.344717,-10.046468,-8.970755,-9.46157,-2.6092412,-8.238687,-3.736222
03-01-03-01-01-02-24,happy,3.9039375,0.003555950243026018,0.09688780737704918,2210.7698721246325,1660.455629087912,-636.132,35.01937,-15.857869,5.0979357,-10.994292,-8.674114,-11.771621,-9.1865425,-5.735596,-9.888899,-1.727859,-7.253457,-5.2362638
03-01-03-01-02-01-24,happy,3.5035,0.0034242209512740374,0.08947088068181819,2079.0021049074476,1577.071069837304,-668.2648,41.805496,-16.414549,-0.723407,-10.025983,-9.289735,-14.254349,-8.568153,-7.926484,-6.634762,-1.9924628,-7.2545705,-3.4671156
03-01-03-01-02-02-24,happy,3.7370625,0.005500490311533213,0.13029597355769232,2439.2373672497597,1687.9195848108498,-600.5862,24.621826,-16.244694,-0.19598307,-12.123949,-12.534384,-13.990189,-8.653034,-10.317597,-6.6100693,-3.2432761,-8.408946,-4.3377175
03-01-03-02-01-01-24,happy,4.004,0.010679312981665134,0.1286078559027778,2405.8185758735963,1754.0303678950697,-516.04254,23.840408,-20.960585,6.1725793,-20.565777,-9.118819,-11.897829,-8.365555,-3.3617857,-8.828037,2.6570315,-8.20575,-0.30779737
03-01-03-02-01-02-24,happy,3.7704375,0.01096282433718443,0.12167306673728813,2127.7349472773762,1606.74491987053,-515.48236,23.26846,-17.274467,9.775345,-16.701332,-6.667597,-9.856523,-7.281649,-1.9719561,-7.9564915,4.7974772,-2.5348501,-1.2584232
03-01-03-02-02-01-24,happy,3.8705625,0.011312978342175484,0.15384087680785125,2402.4141688445734,1720.489023465379,-527.5673,19.463388,-19.57464,0.69659215,-18.28339,-14.244752,-14.530253,-12.463956,-5.9136267,-7.8682327,-1.3108828,-9.264512,-1.5129869
03-01-03-02-02-02-24,happy,3.8705625,0.018451901152729988,0.14905087809917356,2372.4587088240655,1718.5872015267205,-495.78577,11.926779,-22.09455,-6.109897,-20.261475,-14.572716,-13.293166,-10.386313,-6.885657,-10.308757,-4.0398436,-8.603687,-2.2406898
03-01-04-01-01-01-24,sad,4.104125,0.0018294787732884288,0.10029826792635659,2081.9286405002695,1666.9981254303295,-671.52856,42.61819,-2.2858942,3.9652152,-6.8158765,-11.453498,-13.178261,-9.394885,-8.596774,-8.421614,-5.926677,-4.992445,-3.2000868
03-01-04-01-01-02-24,sad,3.970625,0.0015057246200740337,0.0869921875,2063.888675723044,1675.9087272807508,-704.477,45.525513,2.1951873,5.6078424,-6.518708,-5.987306,-12.798344,-6.9386454,-4.9771214,-7.779904,-3.819471,-4.481891,-0.4575765
03-01-04-01-02-01-24,sad,3.536875,0.002694947412237525,0.08464421452702703,2048.859442477924,1554.0130451242815,-685.5691,36.223694,-7.466534,-0.6854714,-10.8403635,-6.398596,-17.832983,-10.3521,-9.3353405,-8.741429,-3.46001,-8.082601,-2.6016555
03-01-04-01-02-02-24,sad,3.8371875,0.00204847427085042,0.12135009765625,2092.315927192467,1591.36250346359,-678.00824,44.908432,2.2549646,2.3708656,-7.925659,-6.4092298,-11.975532,-7.236096,-9.448499,-4.8232555,-5.0602326,-4.457037,-3.252038
03-01-04-02-01-01-24,sad,4.4044375,0.008158812299370766,0.12243475430253623,2554.515927536844,1899.6793136875667,-556.6995,29.80854,-22.899935,0.41523522,-20.151512,-15.240226,-19.481041,-20.11711,0.38825879,-9.482767,-6.763779,3.7933433,-9.605864
03-01-04-02-01-02-24,sad,4.57125,0.005655643064528704,0.11860795454545454,2209.403017636876,1722.0726777129873,-565.0393,43.62592,-13.536087,3.117638,-19.139347,-8.387799,-11.904001,-15.330193,-1.275795,-9.021903,-1.9214821,-0.3081499,-4.9576287
03-01-04-02-02-01-24,sad,4.20425,0.006370756309479475,0.16931892163825757,2436.8912306552274,1774.2706101503272,-557.105,44.851772,-6.974758,1.8119704,-10.913256,-16.05498,-22.861399,-19.723125,-5.0737715,-15.979504,-6.0588436,-0.3096295,-8.701429
03-01-04-02-02-02-24,sad,4.671375,0.0026813941076397896,0.1321670323202055,2128.846719013082,1512.5964528054074,-656.81934,38.394196,-2.6942139,-4.31899,-10.373409,-7.672148,-12.067673,-13.532631,-6.7375183,-8.396603,-4.832774,-3.7085292,-5.600055
03-01-05-01-01-01-24,angry,4.104125,0.014773973263800144,0.11649103682170543,2003.5705637611459,1494.9531814687175,-494.2428,24.61324,-18.581535,-2.1236928,-20.504887,-5.7733803,-12.249889,-11.37732,-1.6405048,-9.242421,1.1881142,-6.094291,-3.6732738
03-01-05-01-01-02-24,angry,3.7370625,0.016691790893673897,0.12365618322649573,2214.302782360069,1638.8606650991528,-492.46582,21.759937,-17.529089,-1.9791963,-16.439209,-8.197889,-9.976917,-10.197843,-3.341716,-6.5831523,-0.47356877,-3.3898842,-4.663185
03-01-05-01-02-01-24,angry,3.670375,0.012519169598817825,0.1352623980978261,2416.0899017922384,1674.5677776977832,-513.5407,24.964975,-15.160629,1.9257414,-15.986198,-6.6568923,-14.026556,-12.04096,-3.6003423,-5.9615874,1.4081131,-4.409779,-4.311296
03-01-05-01-02-02-24,angry,4.2041875,0.017598168924450874,0.17507102272727273,2352.115302989041,1755.6876667472513,-481.90585,27.814291,-21.31958,-2.0022087,-18.692722,-13.292913,-14.413705,-15.41524,-2.4175932,-6.4286103,-0.46401167,-6.1200094,-2.7434547
03-01-05-02-01-01-24,angry,4.3710625,0.03204834833741188,0.13724980041058393,2223.1842461064703,1698.3390387841594,-408.53876,16.934841,-16.9182,-2.932051,-25.313337,-5.5546994,-11.626551,-11.618423,-4.4576054,-10.871308,2.5395148,-9.205589,-2.913479
03-01-05-02-01-02-24,angry,4.3710625,0.02438180521130562,0.1187770871350365,2083.2279119871123,1568.6758670005188,-449.435,18.574982,-20.220825,-2.056378,-21.997326,-7.574826,-10.791528,-12.62693,-1.7634367,-11.124538,2.6746597,-6.2445593,-5.479871
03-01-05-02-02-01-24,angry,4.170875,0.017697982490062714,0.14053181655534353,2427.0586087865654,1741.7338431108697,-487.67426,27.731379,-13.386778,-4.6452403,-16.049332,-7.9153533,-14.34211,-11.814367,-4.609415,-6.2368546,3.4886484,-5.6770897,-2.1179092
03-01-05-02-02-02-24,angry,5.105125,0.019701138138771057,0.1535736083984375,2305.331515158379,1636.903827649738,-478.865,15.47379,-15.193535,-5.905425,-21.784733,-4.9059906,-14.45138,-10.52823,-5.210392,-8.0837145,2.530371,-7.576001,-5.012103
03-01-06-01-01-01-24,fearful,4.104125,0.01295662485063076,0.18326065891472867,2531.9910229087272,1798.5471867425836,-500.2484,17.716866,-15.063492,-2.2178276,-15.621939,-9.106031,-17.990833,-5.8833327,-3.9589617,-8.728442,0.008246311,-4.8892484,-0.11828622
03-01-06-01-01-02-24,fearful,4.07075,0.011273045092821121,0.1322784423828125,2078.698034277929,1589.7042666195189,-515.32965,21.618732,-17.55413,-4.637518,-14.842865,-6.9332504,-14.859579,-7.619728,-3.2382982,-6.776867,-2.4772258,-5.3942013,-0.74564433
03-01-06-01-02-01-24,fearful,3.93725,0.012271301820874214,0.17417070942540322,2564.3640080878554,1878.4843465652975,-513.9889,17.77444,-10.467356,-5.4384217,-14.515336,-13.670754,-15.582081,-8.841972,-5.9280133,-8.675477,-4.9114947,-3.4201548,-4.746
03-01-06-01-02-02-24,fearful,4.004,0.010674933902919292,0.15259951636904762,2590.771107203643,1895.6127275941822,-531.5671,20.889956,-10.024512,-3.4620347,-12.445834,-5.596548,-14.962468,-6.418507,-4.0828958,-5.4535437,-3.3881514,-4.0763183,-1.2854724
03-01-06-02-01-01-24,fearful,3.8371875,0.03514774888753891,0.15879720052083332,2277.312554503132,1595.7899834344537,-412.09445,5.5934215,-32.377834,-5.713158,-21.192131,-18.8941,-22.706543,-15.327313,-1.6091715,0.29295462,12.627311,11.794735,10.734454
03-01-06-02-01-02-24,fearful,4.07075,0.018918760120868683,0.16266250610351562,2726.312342669662,1896.8261270365613,-468.8179,11.140511,-19.759815,-8.368142,-18.449957,-11.866795,-12.789154,-11.578211,-6.2962437,-7.064193,1.667984,8.51437,14.052958
03-01-06-02-02-01-24,fearful,3.603625,0.03268551081418991,0.17530593196902655,2182.111702744486,1557.8502169076592,-448.52838,-0.54266006,-28.067154,-9.757093,-14.918245,-18.035059,-21.170124,-15.431118,-0.6335417,2.4955578,13.817224,15.58009,10.976734
03-01-06-02-02-02-24,fearful,3.8371875,0.04469780623912811,0.149365234375,2146.6586322429143,1616.5228915064456,-435.20425,-1.1341385,-31.737976,-15.120909,-14.704062,-18.995243,-18.727255,-14.4866085,-0.017702548,6.85677,19.734472,16.386824,5.411527
03-01-07-01-01-01-24,disgust,4.3043125,0.005360276438295841,0.10847800925925925,1697.0564616569884,1316.441467326217,-568.94604,41.731014,-20.867134,-0.44805682,-22.734163,-9.984349,-14.15991,-13.130158,-7.6165056,-6.4437633,-4.1228228,-4.5774894,-4.019993
03-01-07-01-01-02-24,disgust,4.104125,0.006091641262173653,0.12909550629844962,2310.365554797989,1670.8172341677891,-555.33734,37.15968,-19.028149,2.7756135,-19.8273,-8.92904,-15.736203,-10.104622,-2.5194812,-8.940065,-4.931982,-3.8802326,-6.8845987
03-01-07-01-02-01-24,disgust,4.004,0.0059679788537323475,0.16078404017857142,2533.806702994475,1658.13481366866,-566.867,27.890976,-17.741552,1.8138963,-20.580454,-10.380753,-21.34488,-11.490643,-6.7457366,-10.610771,-1.2840302,-6.7014885,-5.6113367
03-01-07-01-02-02-24,disgust,4.07075,0.006889595650136471,0.15024185180664062,2365.4195441543607,1644.908244517464,-551.29865,40.39485,-16.312479,2.8979561,-18.2929,-12.766855,-19.55645,-16.454487,-6.791889,-6.96937,-8.038579,-0.99004734,-9.5118065
03-01-07-02-01-01-24,disgust,4.3376875,0.0029369185212999582,0.13438146254595587,2452.072120801731,1768.1810483288655,-593.15643,44.8236,-10.9092245,-6.3441744,-19.895271,-6.9676423,-19.912104,-12.864136,-2.6267893,-7.8919873,-3.0699818,-3.7128851,-4.780955
03-01-07-02-01-02-24,disgust,4.638,0.011879192665219307,0.1694908405172414,2489.391908963449,1854.443921127331,-491.53217,21.829803,-22.811249,-6.156557,-18.213919,-11.870338,-18.499657,-5.7607174,-2.1354172,-8.311978,-2.315756,-2.1532109,-5.445591
03-01-07-02-02-01-24,disgust,4.2375625,0.01256286446005106,0.16316303453947367,2641.6355620154804,1840.3559078053556,-498.46906,22.488531,-24.594599,-7.4918895,-18.502533,-11.919616,-20.14444,-8.1760845,-4.2150345,-7.044848,-3.3162282,-6.9061065,-4.600772
03-01-07-02-02-02-24,disgust,4.4378125,0.012150191701948643,0.15706497302158273,2485.3836280202454,1795.9119095518863,-503.0776,18.291515,-17.613049,-3.6665864,-17.72435,-15.148218,-20.66089,-9.520625,-5.1116505,-5.713398,-3.928967,-5.396757,-6.566601
03-01-08-01-01-01-24,surprised,3.3033125,0.0025571631267666817,0.09150108924278846,1922.149572912724,1529.0568431996726,-674.32904,27.684002,-3.5684812,-1.6110526,-9.987697,-5.3544474,-11.557929,-7.300779,-8.575609,-6.5914545,-6.9647393,-7.8881326,-3.2581277
03-01-08-01-01-02-24,surprised,3.4701875,0.008069589734077454,0.12858371559633028,2152.451382327733,1619.1314545817074,-564.61127,27.685171,-16.600801,-5.1370564,-15.966147,-11.333762,-19.557821,-8.133052,-5.570888,-9.480331,-5.278937,-5.070135,1.1615795
03-01-08-01-02-01-24,surprised,3.3700625,0.006442784797400236,0.1450103183962264,2318.711066431103,1647.083644819472,-594.49866,24.014772,-9.725876,-2.354797,-12.464997,-7.9726877,-15.657378,-6.9656625,-7.669935,-5.7298756,-2.242982,-6.844167,-1.1060616
03-01-08-01-02-02-24,surprised,3.4034375,0.007731716614216566,0.14454037675233644,2422.7442166805913,1757.9881561863115,-572.9668,17.61541,-16.946316,-5.384332,-18.089394,-11.397049,-22.546995,-8.258447,-8.800705,-8.302086,-5.0912704,-4.7726707,4.032337
03-01-08-02-01-01-24,surprised,3.9373125,0.012061410583555698,0.14463363155241934,2413.503316435367,1759.2582950277076,-520.1696,31.576212,-17.854206,-7.7454767,-20.328636,-11.210416,-14.654391,-10.582063,-5.139516,-8.451845,4.046871,-1.8931806,1.4112597
03-01-08-02-01-02-24,surprised,3.970625,0.010382002219557762,0.1523125,2350.2206920518,1689.1713615780259,-532.2569,23.489443,-20.154068,-4.021897,-22.580412,-15.08155,-15.518863,-9.627295,-2.1872356,-5.5473504,3.8168578,-3.9298124,0.4153656
03-01-08-02-02-01-24,surprised,3.670375,0.013571379706263542,0.17021908967391305,2432.1844353139336,1763.7311162382969,-487.20618,21.068872,-5.661654,-1.4270041,-12.605763,-4.986463,-15.343932,-1.0723382,-5.1653423,-4.8777466,-4.4775267,-5.546723,1.9732119
03-01-08-02-02-02-24,surprised,3.637,0.01260664314031601,0.16677802905701755,2349.0342364444527,1815.9765680443409,-509.01083,27.82076,-5.923374,-1.8503338,-7.592417,-10.635763,-10.946754,-7.306586,-5.0174556,-5.841935,-6.012137,-2.407938,0.50007826
